{"name":"hr_guardrailpost","class":"Prefab","persistentId":"34d2695f-4718-4d19-81cd-a16e80abe180","__parent":"racetrack","annotation":"GUARD_RAIL","filename":"/levels/industrial/art/prefabs/racetrack/hr_guardrailpost.prefab"}
{"name":"decalroads","class":"SimGroup","persistentId":"5cc55a92-69c0-4266-8a94-651166652946","__parent":"racetrack"}
{"name":"pit_buildings","class":"SimGroup","persistentId":"6c925b04-c15d-4016-84dc-298259f4306e","__parent":"racetrack"}
{"class":"TSStatic","persistentId":"19951284-6bcd-4b63-ab4e-eb5ea1de5c8a","__parent":"racetrack","position":[1.07591248,4.92589951,-10],"isRenderEnabled":false,"rotationMatrix":[0.999569118,-0.0293527078,0,0.0293527097,0.999569118,0,0,0,1],"shapeName":"/levels/industrial/art/shapes/roads/terrain_and_track.dae"}
{"name":"rumble","class":"TSStatic","persistentId":"c2e0ff29-05d0-4bb1-b8c1-9a0b893b3d0a","__parent":"racetrack","annotation":"STREET","isRenderEnabled":false,"shapeName":"/levels/industrial/art/shapes/roads/racetrack_rumblestrip.dae"}
{"class":"Prefab","persistentId":"043ec1fe-8dba-4010-9e71-093add32e20c","__parent":"racetrack","annotation":"OBSTACLES","filename":"/levels/industrial/art/prefabs/racetrack/barrier_concrete2.prefab"}
{"class":"Prefab","persistentId":"2a475952-a062-4172-8565-becbd727dbe7","__parent":"racetrack","annotation":"GUARD_RAIL","filename":"/levels/industrial/art/prefabs/racetrack/hr_guardrail1.prefab"}
{"name":"modular_x6_blue_01","internalName":"modular_x6_blue_01","class":"Prefab","persistentId":"314a1a50-25fe-4d4f-b7c9-4901dc74dc22","__parent":"racetrack","position":[195.767975,-3.94755554,37.3200607],"annotation":"BUILDINGS","filename":"/levels/industrial/art/prefabs/modular_container/modular_x6_blue_01.prefab.json","rotationMatrix":[0.739106715,0.673588693,0,-0.673588693,0.739106715,0,0,0,1]}
{"name":"modular_x8_01","internalName":"modular_x8_01","class":"Prefab","persistentId":"32561d45-46d2-47e7-a35f-734ce4f5e100","__parent":"racetrack","position":[203.888412,-2.53975868,37.3582993],"annotation":"BUILDINGS","filename":"/levels/industrial/art/prefabs/modular_container/modular_x8_01.prefab.json","rotationMatrix":[0.68864888,-0.725094855,0,0.725094855,0.68864888,0,0,0,1]}
{"name":"modular_x6_02_74658","internalName":"modular_x6_02","class":"Prefab","persistentId":"4731066d-5db4-4a79-a5d3-051ed7b8812e","__parent":"racetrack","position":[188.434052,-10.8581905,37.3149529],"annotation":"BUILDINGS","filename":"/levels/industrial/art/prefabs/modular_container/modular_x6_02.prefab.json","rotationMatrix":[0.718049288,0.695992708,0,-0.695992708,0.718049288,0,0,0,1]}
{"name":"modular_x8_01_74667","internalName":"modular_x8_01","class":"Prefab","persistentId":"5199f19d-7970-4bd5-8897-1664c0a5efd7","__parent":"racetrack","position":[203.051285,-16.7137947,37.3549232],"annotation":"BUILDINGS","filename":"/levels/industrial/art/prefabs/modular_container/modular_x8_01.prefab.json","rotationMatrix":[-0.725094795,-0.68864882,0,0.68864882,-0.725094795,0,0,0,1]}
{"class":"Prefab","persistentId":"5c4dc301-882f-4e49-bc91-4c5028909956","__parent":"racetrack","annotation":"GUARD_RAIL","filename":"/levels/industrial/art/prefabs/racetrack/hr_guardrail2.prefab"}
{"name":"modular_x3_01","internalName":"modular_x3_01","class":"Prefab","persistentId":"87cc48b9-4be1-4efc-aa0d-3f1b29964c9f","__parent":"racetrack","position":[208.468689,-9.97179985,36.1614151],"annotation":"OBSTACLES","filename":"/levels/industrial/art/prefabs/modular_container/modular_x3_01.prefab.json","rotationMatrix":[-0.769391537,-0.638776124,0,0.638776124,-0.769391537,0,0,0,1]}
{"class":"Prefab","persistentId":"a80f7db6-50b9-4a5d-9693-69963c6df3dd","__parent":"racetrack","annotation":"OBSTACLES","filename":"/levels/industrial/art/prefabs/racetrack/hr_tirestack_green.prefab"}
{"class":"Prefab","persistentId":"c1c023a9-bc5e-4a94-8d35-8d97d024fdba","__parent":"racetrack","annotation":"OBSTACLES","filename":"/levels/industrial/art/prefabs/racetrack/barrier_concrete1.prefab"}
{"class":"Prefab","persistentId":"d28893d4-0bbd-4daf-8dd9-d943d3789442","__parent":"racetrack","annotation":"OBSTACLES","filename":"/levels/industrial/art/prefabs/racetrack/hr_tirestack_white.prefab"}
{"class":"DecalRoad","persistentId":"3a449d56-ff50-4d80-a571-967808ff6f75","__parent":"racetrack","position":[148.069916,-70.2809296,35.9703522],"distanceFade":[150,50],"improvedSpline":true,"material":"utah_asphalt_road_dirt_edge","nodes":[[148.069916,-70.2809296,35.9703522,1.5],[145.913513,-63.9240875,35.6278267,1.5],[138.901291,-62.2316704,35.3188705,1.5],[127.936539,-65.5534134,34.8041153,1.5],[113.021317,-69.2448883,35.4601364,1.5],[100.612892,-72.266449,36.1859474,1.5],[90.119545,-78.5460434,36.7835884,1.5],[80.3053284,-88.3261185,37.0751801,1.5],[70.0027618,-99.5559082,36.665596,1.5],[61.5959244,-109.467842,36.2224808,1.5],[55.9372787,-120.144897,36.3659363,1.5],[50.2717056,-136.489304,36.1074905,1.5],[44.4146309,-158.496872,35.8733025,1.5],[42.2148438,-178.636475,35.9493561,1.5],[36.3633881,-193.979309,35.9537811,1.5],[26.1475601,-206.675583,35.7102547,1.5],[15.6753855,-219.483368,35.3763199,1.5],[10.6587152,-232.033737,35.8926392,1.5],[11.0666885,-248.607315,35.9461746,1.5],[16.3584499,-257.767395,35.4783859,1.5],[30.9177246,-262.440643,34.5019455,1.5]],"startEndFade":[2,2],"textureLength":6}
{"class":"DecalRoad","persistentId":"9e376d8f-bbfb-4242-9422-971fd311e5e9","__parent":"racetrack","position":[157.871704,-32.4202499,36.664814],"distanceFade":[150,50],"improvedSpline":true,"material":"bank_erosion","nodes":[[157.871704,-32.4202499,36.664814,5.30000019],[178.86235,-11.805027,37.2539825,6],[193.9823,1.4843502,38.1137352,6.80000019],[204.441696,6.37232018,40.5219193,6.80000019],[217.596878,4.75377274,39.1908531,3.9000001]],"renderPriority":30,"startEndFade":[2,3],"textureLength":45}
