{"name":"big_lightpole","internalName":"big_lightpole","class":"Prefab","persistentId":"03677aca-55ea-4839-9eec-96d8b2556aa8","__parent":"dynamic_lights","position":[123.055183,-388.582947,33.9565582],"annotation":"OBSTACLES","filename":"/levels/industrial/art/prefabs/big_lightpole.prefab.json","rotationMatrix":[0.707106292,0.707106531,0,-0.707106531,0.707106292,0,0,0,1]}
{"name":"big_lightpole_73967","internalName":"big_lightpole","class":"Prefab","persistentId":"100e820b-736f-4ad0-86d9-1c90cce85999","__parent":"dynamic_lights","position":[295.401337,144.574631,37.1650734],"annotation":"OBSTACLES","filename":"/levels/industrial/art/prefabs/big_lightpole.prefab.json","rotationMatrix":[0.258818597,0.965925455,0,-0.965925455,0.258818597,0,0,0,1]}
{"name":"big_lightpole_73972","internalName":"big_lightpole","class":"Prefab","persistentId":"20ffe3a2-f6f3-4729-9812-19a58e685a80","__parent":"dynamic_lights","position":[391.476715,187.283081,38.1689911],"annotation":"OBSTACLES","filename":"/levels/industrial/art/prefabs/big_lightpole.prefab.json","rotationMatrix":[-0.965925336,0.258818537,0,-0.258818537,-0.965925336,0,0,0,1]}
{"name":"big_lightpole_73977","internalName":"big_lightpole","class":"Prefab","persistentId":"2a2ac0a9-3399-4d05-b2f3-b9089ac85402","__parent":"dynamic_lights","position":[197.592239,-22.9974556,36.110363],"annotation":"OBSTACLES","filename":"/levels/industrial/art/prefabs/big_lightpole.prefab.json","rotationMatrix":[-0.707106173,-0.70710665,0,0.70710665,-0.707106173,0,0,0,1]}
{"name":"big_lightpole_73982","internalName":"big_lightpole","class":"Prefab","persistentId":"4d091a5d-95e6-4e08-90d2-80b33f640fcf","__parent":"dynamic_lights","position":[-259.380707,184.215881,35.8779945],"annotation":"OBSTACLES","filename":"/levels/industrial/art/prefabs/big_lightpole.prefab.json","rotationMatrix":[0.86602509,-0.499999642,0,0.499999642,0.86602509,0,0,0,1]}
{"name":"big_lightpole_73987","internalName":"big_lightpole","class":"Prefab","persistentId":"65d458d0-3732-43c1-8096-44504a2ef5ad","__parent":"dynamic_lights","position":[-113.957474,156.929459,35.8779945],"annotation":"OBSTACLES","filename":"/levels/industrial/art/prefabs/big_lightpole.prefab.json","rotationMatrix":[-0.707106292,-0.707106531,0,0.707106531,-0.707106292,0,0,0,1]}
{"name":"big_lightpole_73992","internalName":"big_lightpole","class":"Prefab","persistentId":"68925e8b-45c0-4ab1-a689-7db87be70468","__parent":"dynamic_lights","position":[-93.6691437,-343.059509,34.0457497],"annotation":"OBSTACLES","filename":"/levels/industrial/art/prefabs/big_lightpole.prefab.json","rotationMatrix":[1.78813934e-07,-0.999999523,0,0.999999523,1.78813934e-07,0,0,0,1]}
{"name":"big_lightpole_73997","internalName":"big_lightpole","class":"Prefab","persistentId":"8e20ee68-6d55-4799-8866-32357c39f71c","__parent":"dynamic_lights","position":[-216.088959,-226.246536,38.8988457],"annotation":"OBSTACLES","filename":"/levels/industrial/art/prefabs/big_lightpole.prefab.json","rotationMatrix":[0.499999851,0.866025209,0,-0.866025209,0.499999851,0,0,0,1]}
{"name":"big_lightpole_74002","internalName":"big_lightpole","class":"Prefab","persistentId":"90d6fe2c-92a2-4cb1-b126-dc415b4de888","__parent":"dynamic_lights","position":[-257.996368,295.073914,35.8779945],"annotation":"OBSTACLES","filename":"/levels/industrial/art/prefabs/big_lightpole.prefab.json","rotationMatrix":[0.70710659,-0.707106233,0,0.707106233,0.70710659,0,0,0,1]}
{"name":"big_lightpole_74007","internalName":"big_lightpole","class":"Prefab","persistentId":"ab17efbf-e55e-4385-ab78-9119e9daeee1","__parent":"dynamic_lights","position":[129.438797,77.5033798,36.0560837],"annotation":"OBSTACLES","filename":"/levels/industrial/art/prefabs/big_lightpole.prefab.json","rotationMatrix":[-2.38418579e-07,0.999999464,0,-0.999999464,-2.38418579e-07,0,0,0,1]}
{"name":"big_lightpole_74012","internalName":"big_lightpole","class":"Prefab","persistentId":"ac7faac4-426d-4921-abfe-60eaa6729388","__parent":"dynamic_lights","position":[273.772949,-429.964264,33.9189415],"annotation":"OBSTACLES","filename":"/levels/industrial/art/prefabs/big_lightpole.prefab.json","rotationMatrix":[-0.70710659,0.707106233,0,-0.707106233,-0.70710659,0,0,0,1]}
{"name":"big_lightpole_74017","internalName":"big_lightpole","class":"Prefab","persistentId":"c6698f6e-a435-4387-a49e-28911e3e72f1","__parent":"dynamic_lights","position":[315.908752,255.505127,37.8946037],"annotation":"OBSTACLES","filename":"/levels/industrial/art/prefabs/big_lightpole.prefab.json","rotationMatrix":[3.57627869e-07,-0.999999523,0,0.999999523,3.57627869e-07,0,0,0,1]}
{"name":"big_lightpole_74022","internalName":"big_lightpole","class":"Prefab","persistentId":"c8e47c8b-544e-4b67-964c-92a596a26d3b","__parent":"dynamic_lights","position":[-149.512268,-156.219055,38.8988533],"annotation":"OBSTACLES","filename":"/levels/industrial/art/prefabs/big_lightpole.prefab.json","rotationMatrix":[-0.866025269,-0.49999994,0,0.49999994,-0.866025269,0,0,0,1]}
{"name":"big_lightpole_74027","internalName":"big_lightpole","class":"Prefab","persistentId":"d7994c1c-bbb2-4ecd-978a-f1d33a473d33","__parent":"dynamic_lights","position":[-182.632004,86.8734512,35.8779945],"annotation":"OBSTACLES","filename":"/levels/industrial/art/prefabs/big_lightpole.prefab.json","rotationMatrix":[0.707106352,0.707106531,0,-0.707106531,0.707106352,0,0,0,1]}
{"name":"big_lightpole_74032","internalName":"big_lightpole","class":"Prefab","persistentId":"e4bb48d9-25b4-4e36-8f07-8ee9d2345ad9","__parent":"dynamic_lights","position":[-277.800262,-99.2609253,40.64925],"annotation":"OBSTACLES","filename":"/levels/industrial/art/prefabs/big_lightpole.prefab.json","rotationMatrix":[0.70710659,-0.707106471,0,0.707106471,0.70710659,0,0,0,1]}
{"name":"big_lightpole_74037","internalName":"big_lightpole","class":"Prefab","persistentId":"e540b7bb-e3ba-40dd-be3a-dacaab211730","__parent":"dynamic_lights","position":[-4.47126055,174.308929,37.2334633],"annotation":"OBSTACLES","filename":"/levels/industrial/art/prefabs/big_lightpole.prefab.json","rotationMatrix":[0.999999464,1.94707212e-07,0,-1.94707212e-07,0.999999464,0,0,0,1]}
{"name":"big_lightpole_74042","internalName":"big_lightpole","class":"Prefab","persistentId":"e7df6aef-dfa0-40e1-bf6d-c7b9ed5ba3ca","__parent":"dynamic_lights","position":[-170.274002,-16.8191528,38.8988533],"annotation":"OBSTACLES","filename":"/levels/industrial/art/prefabs/big_lightpole.prefab.json","rotationMatrix":[0.965925634,-0.258818924,0,0.258818924,0.965925634,0,0,0,1]}
{"name":"big_lightpole_74047","internalName":"big_lightpole","class":"Prefab","persistentId":"f0ce8016-550a-42da-811a-0eee85d368ad","__parent":"dynamic_lights","position":[4.50831318,-100.517143,35.9702835],"annotation":"OBSTACLES","filename":"/levels/industrial/art/prefabs/big_lightpole.prefab.json","rotationMatrix":[0.499999672,0.866025031,0,-0.866025031,0.499999672,0,0,0,1]}
