{"name":"spawn_tankfarm","class":"SpawnSphere","persistentId":"0cd53064-5311-42c7-9795-d438c33cb7ff","__parent":"PlayerDropPoints","position":[-188.191544,-188.985428,38.9848289],"autoplaceOnSpawn":"0","dataBlock":"SpawnSphereMarker","enabled":"1","homingCount":"0","indoorWeight":"1","isAIControlled":"0","lockCount":"0","outdoorWeight":"1","radius":5,"rotationMatrix":[-0.90665096,0.421881825,0,-0.421881825,-0.90665096,0,0,0,1],"sphereWeight":"1"}
{"name":"spawn_port","class":"SpawnSphere","persistentId":"69608840-bd52-45d0-a379-3d72e96d7335","__parent":"PlayerDropPoints","position":[-294.234741,-117.547104,41.0931091],"autoplaceOnSpawn":"0","dataBlock":"SpawnSphereMarker","enabled":"1","homingCount":"0","indoorWeight":"1","isAIControlled":"0","lockCount":"0","outdoorWeight":"1","radius":5,"rotationMatrix":[-0.999845326,0.0175656099,0,-0.0175656099,-0.999845326,0,0,0,1],"sphereWeight":"1"}
{"name":"spawn_drift","class":"SpawnSphere","persistentId":"85a643ae-05ee-4ec3-a7ea-eb6ac5cf3d56","__parent":"PlayerDropPoints","position":[-143.97937,78.4374008,36.1412582],"autoplaceOnSpawn":"0","dataBlock":"SpawnSphereMarker","enabled":"1","homingCount":"0","indoorWeight":"1","isAIControlled":"0","lockCount":"0","outdoorWeight":"1","radius":5,"rotationMatrix":[-1,8.74227766e-08,0,-8.74227766e-08,-1,0,0,0,1],"sphereWeight":"1"}
{"name":"spawn_industrial1","class":"SpawnSphere","persistentId":"95d5a179-1bd0-4652-8d7e-838c609022a9","__parent":"PlayerDropPoints","position":[270.57901,-415.705994,34.1473007],"autoplaceOnSpawn":"0","cloneOrigin":"spawns_racetrack3","dataBlock":"SpawnSphereMarker","enabled":"1","homingCount":"0","indoorWeight":"1","isAIControlled":"0","lockCount":"0","outdoorWeight":"1","radius":5,"rotationMatrix":[-0.792129993,-0.610352516,0,0.610352516,-0.792129993,0,0,0,1],"sphereWeight":"1"}
{"name":"spawn_docks","class":"SpawnSphere","persistentId":"9ba40b8f-8746-4eed-9eec-a0b07e2810cc","__parent":"PlayerDropPoints","position":[-516.716797,-348.534912,37.0305252],"autoplaceOnSpawn":"0","dataBlock":"SpawnSphereMarker","enabled":"1","homingCount":"0","indoorWeight":"1","isAIControlled":"0","lockCount":"0","outdoorWeight":"1","radius":5,"rotationMatrix":[-0.999916971,0.0129110869,0,-0.0129110869,-0.999916971,0,0,0,1],"sphereWeight":"1"}
{"name":"spawn_rallycross","class":"SpawnSphere","persistentId":"a3042222-323e-4d72-a646-305ebcda1150","__parent":"PlayerDropPoints","position":[21.5873871,172.826935,37.4703979],"autoplaceOnSpawn":"0","cloneOrigin":"spawns_racetrack","dataBlock":"SpawnSphereMarker","enabled":"1","homingCount":"0","indoorWeight":"1","isAIControlled":"0","lockCount":"0","outdoorWeight":"1","radius":5,"rotationMatrix":[5.96046448e-08,-0.99999994,0,0.99999994,5.96046448e-08,0,0,0,1],"sphereWeight":"1"}
{"name":"spawn_industrial2","class":"SpawnSphere","persistentId":"ae8f0db7-b428-4de3-b92a-702aa1df3642","__parent":"PlayerDropPoints","position":[-124.19413,-378.347992,34.1150703],"autoplaceOnSpawn":"0","cloneOrigin":"spawns_racetrack2","dataBlock":"SpawnSphereMarker","enabled":"1","homingCount":"0","indoorWeight":"1","isAIControlled":"0","lockCount":"0","outdoorWeight":"1","radius":5,"rotationMatrix":[0.764333725,0.644820571,0,-0.644820571,0.764333725,0,0,0,1],"sphereWeight":"1"}
{"name":"spawn_racetrack","class":"SpawnSphere","persistentId":"bc3f39de-1b6a-47e6-bb53-71d5ece3a6d7","__parent":"PlayerDropPoints","position":[164.40799,-41.9169197,36.2154503],"autoplaceOnSpawn":"0","dataBlock":"SpawnSphereMarker","enabled":"1","homingCount":"0","indoorWeight":"1","isAIControlled":"0","lockCount":"0","outdoorWeight":"1","radius":5,"rotationMatrix":[0.743111432,0.669167697,0,-0.669167697,0.743111432,0,0,0,1],"sphereWeight":"1"}
{"name":"spawn_containerland","class":"SpawnSphere","persistentId":"e01556a1-c97d-44d1-ad94-5e4c4b07093c","__parent":"PlayerDropPoints","position":[371.417206,160.891739,38.1860733],"autoplaceOnSpawn":"0","dataBlock":"SpawnSphereMarker","enabled":"1","homingCount":"0","indoorWeight":"1","isAIControlled":"0","lockCount":"0","outdoorWeight":"1","radius":5,"rotationMatrix":[-0.743111253,-0.669167578,0,0.669167578,-0.743111253,0,0,0,1],"sphereWeight":"1"}
{"name":"rain_single_drops","class":"Precipitation","persistentId":"96e729fa-7677-4e5e-a2a5-5808c81bc7cb","__parent":"PlayerDropPoints","position":[599.051025,-8.89589977,465.411011],"boxHeight":6,"boxWidth":10,"cloneOrigin":"rain_coverage","dataBlock":"rain_drop","dropSize":0.0799999982,"fadeDist":5,"fadeDistEnd":10,"maxMass":5,"maxSpeed":0.5,"minMass":4,"minSpeed":0.400000006,"numDrops":0,"numOfDrops":"0","splashMS":80,"splashSize":0.25,"useTurbulence":true,"useWind":true}
{"name":"rain_coverage","class":"Precipitation","persistentId":"d9d64394-0e54-40d9-a8d2-a469beca3907","__parent":"PlayerDropPoints","position":[0,0,306.761993],"boxHeight":10,"boxWidth":16,"dataBlock":"rain_medium","dropSize":1,"fadeDist":5,"fadeDistEnd":10,"maxMass":5,"maxSpeed":0.5,"minMass":4,"minSpeed":0.400000006,"numDrops":0,"splashMS":80,"splashSize":0.25,"useTurbulence":true,"useWind":true}
