{"name":"goalTrigger","class":"BeamNGTrigger","persistentId":"7c79e158-ef91-446d-adfe-7da0490789f3","__parent":"goal7_group","position":[335.794464,-762.396484,248.907776],"scale":[6,6,35],"triggerMode":"Overlaps","triggerTestType":"Bounding box"}
{"name":"goal7_group","class":"SimGroup","persistentId":"1e6d3b7d-583e-44e4-912b-18c031a8b964","groupPosition":"0 0 0"}
{"name":"goal7TSStatic","class":"TSStatic","persistentId":"74dc2f7c-a440-45a9-9151-ae7fd4c86f8e","__parent":"goal7_group","position":[335.794464,-762.396484,374.546112],"annotation":"OBSTACLES","collisionType":"None","decalType":"None","instanceColor":[0.0245484114,1,0,1],"instanceColor1":[0.999989986,0.999990225,1,1],"isRenderEnabled":false,"rotationMatrix":[1,1.34110451e-07,-1.74845553e-07,1.34110394e-07,-1,-3.2584137e-07,-1.7484561e-07,3.25841341e-07,-1],"scale":[30,30,7],"shapeName":"/art/shapes/interface/single_faded_column.dae","useInstanceRenderData":true}
