{"name":"garageLight_1","class":"SpotLight","persistentId":"f0772948-cebc-4493-881d-7f8410b22883","__parent":"garageMainLightSources","position":[904.559448,-546.374023,168.587921],"brightness":1.20000005,"castShadows":true,"innerAngle":90,"isEnabled":false,"outerAngle":120,"overDarkFactor":[20000,10000,5000,100],"rotationMatrix":[1,0,0,0,-1.1920929e-07,-0.999999821,0,0.999999821,-1.1920929e-07],"shadowSoftness":1}
{"name":"garageLight_2","class":"SpotLight","persistentId":"00319691-ff65-4950-b979-a51739c9deac","__parent":"garageMainLightSources","position":[909.763611,-546.843079,168.587921],"brightness":1.20000005,"castShadows":true,"innerAngle":90,"isEnabled":false,"outerAngle":120,"overDarkFactor":[20000,10000,5000,100],"rotationMatrix":[1,0,0,0,-1.1920929e-07,-0.999999821,0,0.999999821,-1.1920929e-07],"shadowDarkenColor":[0,0,0,0],"shadowSoftness":1}
{"name":"garageLight_3","class":"SpotLight","persistentId":"4d00b6bc-57b9-4ff4-ae65-9170e5418a84","__parent":"garageMainLightSources","position":[914.952332,-547.175659,168.587921],"brightness":1.20000005,"castShadows":true,"innerAngle":90,"isEnabled":false,"outerAngle":120,"overDarkFactor":[20000,10000,5000,100],"rotationMatrix":[1,0,0,0,-1.1920929e-07,-0.999999821,0,0.999999821,-1.1920929e-07],"shadowDarkenColor":[0,0,0,0],"shadowSoftness":1}
{"name":"garageLight_4","class":"SpotLight","persistentId":"c8f2e533-01f1-4c8d-91f1-481ef768350d","__parent":"garageMainLightSources","position":[915.989929,-538.824219,168.587921],"brightness":1.20000005,"castShadows":true,"innerAngle":90,"isEnabled":false,"outerAngle":120,"overDarkFactor":[20000,10000,5000,100],"rotationMatrix":[1,0,0,0,-1.1920929e-07,-0.999999821,0,0.999999821,-1.1920929e-07],"shadowDarkenColor":[0,0,0,0],"shadowSoftness":1}
{"name":"garageLight_5","class":"SpotLight","persistentId":"cea277d5-58ce-46dc-a81e-ee033361210f","__parent":"garageMainLightSources","position":[910.940308,-538.040833,168.587921],"brightness":1.20000005,"castShadows":true,"innerAngle":60,"isEnabled":false,"outerAngle":90,"overDarkFactor":[20000,10000,5000,100],"rotationMatrix":[1,0,0,0,-1.1920929e-07,-0.999999821,0,0.999999821,-1.1920929e-07],"shadowDarkenColor":[0,0,0,0],"shadowSoftness":1}
{"name":"garageLight_6","class":"SpotLight","persistentId":"cd3b4858-6c1c-47b4-90d0-6a6c70438f62","__parent":"garageMainLightSources","position":[905.074707,-541.3974,168.058594],"castShadows":true,"innerAngle":90,"isEnabled":false,"outerAngle":120,"overDarkFactor":[20000,10000,5000,100],"range":8,"rotationMatrix":[0.997213662,-0.074173972,-0.00794473663,0.0114000328,0.256775916,-0.966403723,0.0737220198,0.963620424,0.256906033],"shadowDarkenColor":[0,0,0,0],"shadowSoftness":1}
