{"name":"ocean","class":"WaterPlane","persistentId":"0ebaa919-f4c3-4641-a474-b4adfd2db46f","__parent":"Water","position":[0,0,115.727997],"Foam":[{"foamDir":[0,1],"foamOpacity":null,"foamSpeed":0.00999999978,"foamTexScale":null},{"foamDir":[0,-1],"foamOpacity":5,"foamSpeed":0.00999999978,"foamTexScale":[4,4]}],"Ripples (texture animation)":[{"rippleDir":[0,-1],"rippleMagnitude":0.5,"rippleSpeed":0.00800000038,"rippleTexScale":[12,12]},{"rippleDir":[0.707000017,0.707000017],"rippleMagnitude":0.5,"rippleSpeed":0.0500000007,"rippleTexScale":[2,2]},{"rippleDir":[-0.5,0.860000014],"rippleMagnitude":0.349999994,"rippleSpeed":0.00300000003,"rippleTexScale":[120,120]}],"Waves (vertex undulation)":[{"waveDir":[0,-1],"waveMagnitude":0.5,"waveSpeed":1},{"waveDir":[0.25,0.200000003],"waveMagnitude":0.200000003,"waveSpeed":2},{"waveDir":[0.100000001,-0.699999988],"waveMagnitude":0.200000003,"waveSpeed":3}],"baseColor":[253,254,254,0],"clarity":0.25,"cubemap":"BlueSkyCubemap","depthGradientMax":70,"depthGradientTex":"levels/jungle_rock_island/art/water/depthcolor_ramp_tropical.png","distortEndDist":10,"distortFullDepth":5.5,"distortStartDist":0,"foamAmbientLerp":1,"foamMaxDepth":0.349999994,"foamRippleInfluence":0.00499999989,"foamTex":"core/art/water/foam.dds","fresnelBias":-0.100000001,"fresnelPower":0.800000012,"gridSize":100,"overallFoamOpacity":3.5,"overallRippleMagnitude":1,"overallWaveMagnitude":0.150000006,"reflectDetailAdjust":0,"reflectMaxRateMs":20,"reflectivity":0.200000003,"rippleTex":"levels/jungle_rock_island/art/water/ripple4.png","specularPower":210,"underwaterColor":[60,223,254,253],"viscosity":0.00100000005,"waterFogDensity":0.800000012,"waterFogDensityOffset":0.100000001,"wetDarkening":0.150000006,"wetDepth":0.5}
