{"class":"TSStatic","persistentId":"fcef0850-a48a-49b7-995c-b6509274ab98","__parent":"mountain_village","position":[210.702225,-842.311035,252.591568],"isRenderEnabled":false,"rotationMatrix":[-0.176132321,0.984366477,0,-0.984366477,-0.176132321,0,0,0,1],"scale":[1.12631845,1.12631845,1.48698735],"shapeName":"/levels/italy/art/shapes/buildings/corrugated_metal_l.DAE","useInstanceRenderData":true}
{"class":"TSStatic","persistentId":"d1dd6d6a-788f-46ed-b630-a2190df17a60","__parent":"mountain_village","position":[210.305466,-840.093567,252.591568],"isRenderEnabled":false,"rotationMatrix":[-0.176132321,0.984366477,0,-0.984366477,-0.176132321,0,0,0,1],"scale":[1.12631845,1.12631845,1.48698735],"shapeName":"/levels/italy/art/shapes/buildings/corrugated_metal_l.DAE","useInstanceRenderData":true}
{"class":"TSStatic","persistentId":"5d5857b0-66bb-4f51-857f-364025190951","__parent":"mountain_village","position":[209.908722,-837.87616,252.591568],"isRenderEnabled":false,"rotationMatrix":[-0.176132321,0.984366477,0,-0.984366477,-0.176132321,0,0,0,1],"scale":[1.12631845,1.12631845,1.48698735],"shapeName":"/levels/italy/art/shapes/buildings/corrugated_metal_l.DAE","useInstanceRenderData":true}
{"class":"TSStatic","persistentId":"8f4d334f-9e63-467f-be6e-6e8d071ad867","__parent":"mountain_village","position":[209.511948,-835.658813,252.591568],"isRenderEnabled":false,"rotationMatrix":[-0.176132321,0.984366477,0,-0.984366477,-0.176132321,0,0,0,1],"scale":[1.12631845,1.12631845,1.48698735],"shapeName":"/levels/italy/art/shapes/buildings/corrugated_metal_l.DAE","useInstanceRenderData":true}
{"class":"TSStatic","persistentId":"833a8575-091d-4112-bd28-110941afaf4f","__parent":"mountain_village","position":[209.115173,-833.441284,252.591568],"isRenderEnabled":false,"rotationMatrix":[-0.176132321,0.984366477,0,-0.984366477,-0.176132321,0,0,0,1],"scale":[1.12631845,1.12631845,1.48698735],"shapeName":"/levels/italy/art/shapes/buildings/corrugated_metal_l.DAE","useInstanceRenderData":true}
{"class":"TSStatic","persistentId":"8f25c3be-5c8c-4d0e-a54e-aaaf8d9700d7","__parent":"mountain_village","position":[243.207596,-885.769104,245.411774],"annotation":"SIDEWALK","isRenderEnabled":false,"rotationMatrix":[0.199414,0.979915023,0.000530473422,0.0507126004,-0.00977945793,-0.998665333,-0.978601992,0.199174792,-0.0516441986],"scale":[1.16710377,1,1.16710377],"shapeName":"/levels/italy/art/shapes/buildings/italy_town_filler_wall.dae","useInstanceRenderData":true}
{"class":"TSStatic","persistentId":"e62fe877-1ecd-469b-8b80-a3974e44a179","__parent":"mountain_village","position":[242.930222,-887.086304,245.463104],"annotation":"SIDEWALK","isRenderEnabled":false,"rotationMatrix":[0.196904764,0.979347825,0.0458903685,0.0597178563,0.0347394161,-0.997610509,-0.978601992,0.199174792,-0.0516441986],"scale":[1.16710377,1,1.16710377],"shapeName":"/levels/italy/art/shapes/buildings/italy_town_filler_wall.dae","useInstanceRenderData":true}
{"class":"TSStatic","persistentId":"0054b67c-3fd9-403f-83db-176fa04147ca","__parent":"mountain_village","position":[915.4245,1347.9967,154.086258],"annotation":"BUILDINGS","isRenderEnabled":false,"rotationMatrix":[-5.96046448e-08,-0.999999821,0,0.999999821,-5.96046448e-08,0,0,0,1],"scale":[1,1,1.21036375],"shapeName":"/levels/italy/art/shapes/buildings/italy_bld_window_standalone_1.dae"}
{"class":"TSStatic","persistentId":"0299e0db-0f4e-4448-8039-1a5d4d8a2350","__parent":"mountain_village","position":[836.76532,1260.83606,152.918503],"annotation":"BUILDINGS","isRenderEnabled":false,"rotationMatrix":[0.509048939,0.860737979,0,-0.860737979,0.509048939,0,0,0,1],"scale":[2.39964199,2.39964199,2.39964199],"shapeName":"/levels/italy/art/shapes/buildings/italy_town_filler_wall.dae"}
{"class":"TSStatic","persistentId":"02eddcfd-5136-4a02-8f45-d2c575becb22","__parent":"mountain_village","position":[1125.21167,-539.427368,150.395264],"annotation":"BUILDINGS","isRenderEnabled":false,"rotationMatrix":[-0.999999881,-8.94069672e-08,0,8.94069672e-08,-0.999999881,0,0,0,1],"shapeName":"/levels/italy/art/shapes/buildings/italy_bld_window_standalone_1.dae"}
{"class":"TSStatic","persistentId":"03a51c13-5f74-4992-9d6e-c00ca63d520d","__parent":"mountain_village","position":[915.454773,1330.13867,154.076065],"annotation":"BUILDINGS","isRenderEnabled":false,"rotationMatrix":[-5.96046448e-08,-0.999999821,0,0.999999821,-5.96046448e-08,0,0,0,1],"scale":[0.882216096,0.882216096,1.03313148],"shapeName":"/levels/italy/art/shapes/buildings/italy_bld_window_standalone_1.dae"}
{"class":"TSStatic","persistentId":"080bdce7-6904-497d-9019-a3e274d4fbc8","__parent":"mountain_village","position":[915.454773,1330.13867,150.872574],"annotation":"BUILDINGS","isRenderEnabled":false,"rotationMatrix":[-5.96046448e-08,-0.999999821,0,0.999999821,-5.96046448e-08,0,0,0,1],"scale":[0.882216096,0.882216096,1.03313148],"shapeName":"/levels/italy/art/shapes/buildings/italy_bld_window_standalone_1.dae"}
{"class":"TSStatic","persistentId":"084b0886-16f7-4cc9-8665-63a90c579ec1","__parent":"mountain_village","position":[12.1097822,-341.210876,192.507339],"annotation":"BUILDINGS","isRenderEnabled":false,"rotationMatrix":[0.560405374,0.828218102,0,-0.828218102,0.560405374,0,0,0,1],"shapeName":"/levels/italy/art/shapes/buildings/italy_town_filler_wall.dae"}
{"class":"TSStatic","persistentId":"0a371dda-4ca9-408b-9d5a-4e88ea1a0153","__parent":"mountain_village","position":[330.98526,-778.22168,233.940063],"annotation":"BUILDINGS","isRenderEnabled":false,"rotationMatrix":[-0.336579353,0.941655159,0,-0.941655159,-0.336579353,0,0,0,1],"shapeName":"/levels/italy/art/shapes/buildings/italy_town_filler_step.dae"}
{"class":"TSStatic","persistentId":"0a3780ac-7c9f-41fa-ba29-397971547581","__parent":"mountain_village","position":[10.8562365,-340.386627,194.489578],"annotation":"BUILDINGS","isRenderEnabled":false,"rotationMatrix":[0.560405374,0.828218102,0,-0.828218102,0.560405374,0,0,0,1],"shapeName":"/levels/italy/art/shapes/buildings/italy_town_filler_wall.dae"}
{"class":"TSStatic","persistentId":"0a6d28a4-fdec-4db2-8ed3-e2be22d7a308","__parent":"mountain_village","position":[284.242706,-775.749023,237.013733],"annotation":"BUILDINGS","isRenderEnabled":false,"rotationMatrix":[0.999283969,0.0378350131,0,-0.0378350131,0.999283969,0,0,0,1],"shapeName":"/levels/italy/art/shapes/buildings/italy_town_filler_step.dae"}
{"class":"TSStatic","persistentId":"0aca1edd-4cb2-447c-aec7-438bd6f22573","__parent":"mountain_village","position":[1111.22839,-539.474487,149.722031],"annotation":"BUILDINGS","isRenderEnabled":false,"rotationMatrix":[-0.999999702,-1.34110451e-07,0,1.34110451e-07,-0.999999702,0,0,0,1],"shapeName":"/levels/italy/art/shapes/buildings/italy_bld_window_standalone_1.dae"}
{"class":"TSStatic","persistentId":"0d0f0f0b-d2c6-4c1e-830c-d203fe58da9f","__parent":"mountain_village","position":[321.563721,-874.911011,265.287292],"annotation":"BUILDINGS","isRenderEnabled":false,"rotationMatrix":[0.50674963,-0.86209321,0,0.86209321,0.50674963,0,0,0,1],"shapeName":"/levels/italy/art/shapes/buildings/italy_town_filler_wall.dae"}
{"class":"TSStatic","persistentId":"0d88aabf-8291-40eb-9514-2a4eacf860ce","__parent":"mountain_village","position":[365.565094,-760.719666,230.552811],"annotation":"BUILDINGS","isRenderEnabled":false,"rotationMatrix":[0.968179524,0.25025773,0,-0.25025773,0.968179524,0,0,0,1],"shapeName":"/levels/italy/art/shapes/buildings/italy_town_filler_step.dae"}
{"class":"TSStatic","persistentId":"0f546439-0791-4b83-a9c7-db9d5e13d429","__parent":"mountain_village","position":[835.62085,1258.36255,154.41214],"annotation":"BUILDINGS","isRenderEnabled":false,"rotationMatrix":[0.860698104,-0.509115756,0,0.509115756,0.860698104,0,0,0,1],"scale":[1.63995361,1.63995361,1.63995361],"shapeName":"/levels/italy/art/shapes/buildings/italy_town_filler_wall.dae"}
{"class":"TSStatic","persistentId":"10607eaf-c68c-4dd1-bad5-073459584f95","__parent":"mountain_village","position":[236.543884,-833.241028,243.668015],"annotation":"BUILDINGS","isRenderEnabled":false,"rotationMatrix":[-0.453274816,0.891371369,0,-0.891371369,-0.453274816,0,0,0,1],"shapeName":"/levels/italy/art/shapes/buildings/italy_town_filler_wall.dae"}
{"class":"TSStatic","persistentId":"113e0ffa-14cc-48ce-a8c8-ed2e0411ec9b","__parent":"mountain_village","position":[1056.83984,-636.659851,156.469254],"annotation":"BUILDINGS","isRenderEnabled":false,"rotationMatrix":[-1.04308128e-07,0.999999762,0,-0.999999762,-1.04308128e-07,0,0,0,1],"scale":[1.28833008,1,1],"shapeName":"/levels/italy/art/shapes/buildings/italy_town_filler_wall.dae"}
{"class":"TSStatic","persistentId":"156fd4b9-04a8-4680-8fe7-254b29015b93","__parent":"mountain_village","position":[-1092.91284,744.076111,386.345551],"annotation":"BUILDINGS","isRenderEnabled":false,"rotationMatrix":[1,0,0,0,0,-0.999999762,0,0.999999762,0],"scale":[2.33752799,2.33752799,2.33752799],"shapeName":"/levels/italy/art/shapes/buildings/italy_town_filler_wall.dae"}
{"class":"TSStatic","persistentId":"1640619b-c508-4f6b-a612-bfe9a5ab6340","__parent":"mountain_village","position":[231.44664,-930.003479,252.489365],"annotation":"BUILDINGS","isRenderEnabled":false,"rotationMatrix":[-0.928343773,0.371722937,0,-0.371722937,-0.928343773,0,0,0,1],"shapeName":"/levels/italy/art/shapes/buildings/italy_town_filler_step.dae"}
{"class":"TSStatic","persistentId":"17908ae4-f7b2-4b53-a8b0-85588f5a9e6e","__parent":"mountain_village","position":[246.548203,-864.22937,240.233353],"annotation":"BUILDINGS","isRenderEnabled":false,"rotationMatrix":[0.237806991,0.971312106,0,-0.971312106,0.237806991,0,0,0,1],"shapeName":"/levels/italy/art/shapes/buildings/italy_town_filler_wall.dae"}
{"class":"TSStatic","persistentId":"18280470-e9b0-4cee-b186-b727b980a5d3","__parent":"mountain_village","position":[273.880005,-807.518982,237.410995],"annotation":"BUILDINGS","collisionType":"Visible Mesh Final","decalType":"Visible Mesh Final","isRenderEnabled":false,"shapeName":"/levels/italy/art/shapes/buildings/italy_village_palazzo.dae"}
{"class":"TSStatic","persistentId":"19d27650-7249-43a2-903b-dfc628623535","__parent":"mountain_village","position":[1104.12109,-533.508301,149.653793],"annotation":"BUILDINGS","isRenderEnabled":false,"shapeName":"/levels/italy/art/shapes/buildings/italy_bld_window_standalone_1.dae"}
{"class":"TSStatic","persistentId":"1d1f6951-224c-4a5a-af14-351e45f0ff60","__parent":"mountain_village","position":[-1104.91284,732.796997,386.262451],"annotation":"BUILDINGS","isRenderEnabled":false,"rotationMatrix":[0.993370712,0.11495465,0,0,0,-0.999999762,-0.114954665,0.993370473,0],"scale":[2.33752799,2.33752799,2.33752799],"shapeName":"/levels/italy/art/shapes/buildings/italy_town_filler_wall.dae"}
{"class":"TSStatic","persistentId":"1d6772e3-0692-4aae-b744-46395745b414","__parent":"mountain_village","position":[905.995422,1338.65344,153.514648],"annotation":"BUILDINGS","isRenderEnabled":false,"rotationMatrix":[-2.98023224e-08,0.99999994,0,-0.99999994,-2.98023224e-08,0,0,0,1],"scale":[1,1,1.14101565],"shapeName":"/levels/italy/art/shapes/buildings/italy_bld_window_standalone_1.dae"}
{"class":"TSStatic","persistentId":"1ea93550-ee25-49d3-ab6c-c017c20caf0e","__parent":"mountain_village","position":[915.454773,1333.7345,154.076065],"annotation":"BUILDINGS","isRenderEnabled":false,"rotationMatrix":[-5.96046448e-08,-0.999999821,0,0.999999821,-5.96046448e-08,0,0,0,1],"scale":[0.882216096,0.882216096,1.03313148],"shapeName":"/levels/italy/art/shapes/buildings/italy_bld_window_standalone_1.dae"}
{"class":"TSStatic","persistentId":"234b680d-dda0-4d85-9ef3-7040dfbc7e50","__parent":"mountain_village","position":[928.498962,-668.895081,175.485779],"annotation":"BUILDINGS","isRenderEnabled":false,"rotationMatrix":[1,0,0,0,2.98023224e-08,-1,0,1,2.98023224e-08],"scale":[2.3863256,2.3863256,2.3863256],"shapeName":"/levels/italy/art/shapes/buildings/italy_town_filler_wall.dae"}
{"class":"TSStatic","persistentId":"2788bba4-4f1b-435a-8757-9a9b0e4f8320","__parent":"mountain_village","position":[236.542816,-833.241028,247.704407],"annotation":"BUILDINGS","isRenderEnabled":false,"rotationMatrix":[-0.453274816,0.891371369,0,-0.891371369,-0.453274816,0,0,0,1],"shapeName":"/levels/italy/art/shapes/buildings/italy_town_filler_wall.dae"}
{"class":"TSStatic","persistentId":"29098e4a-9b98-4260-b5da-d48d5a390313","__parent":"mountain_village","position":[1059.5835,-638.168274,156.469254],"annotation":"BUILDINGS","isRenderEnabled":false,"shapeName":"/levels/italy/art/shapes/buildings/italy_town_filler_wall.dae"}
{"class":"TSStatic","persistentId":"2dade22e-3152-4329-ac5b-b2302dc77ba4","__parent":"mountain_village","position":[905.995422,1329.94592,157.810104],"annotation":"BUILDINGS","isRenderEnabled":false,"rotationMatrix":[-2.98023224e-08,0.99999994,0,-0.99999994,-2.98023224e-08,0,0,0,1],"scale":[1,1,1.14101565],"shapeName":"/levels/italy/art/shapes/buildings/italy_bld_window_standalone_1.dae"}
{"class":"TSStatic","persistentId":"2e78e7b2-9b3e-466d-a0e7-1364b5fcf66d","__parent":"mountain_village","position":[1375.76917,1260.90979,160.658035],"annotation":"BUILDINGS","isRenderEnabled":false,"rotationMatrix":[-0.716627955,0.697455645,0,-0.697455645,-0.716627955,0,0,0,1],"scale":[1.81088352,1.81088352,1.81088352],"shapeName":"/levels/italy/art/shapes/buildings/italy_town_filler_wall.dae"}
{"class":"TSStatic","persistentId":"31849e43-d9b8-42c1-be53-6d7fd583ab03","__parent":"mountain_village","position":[1378.31714,1260.30957,160.658035],"annotation":"BUILDINGS","isRenderEnabled":false,"rotationMatrix":[0.697455883,0.716627717,0,-0.716627717,0.697455883,0,0,0,1],"scale":[1.81088352,1.81088352,1.81088352],"shapeName":"/levels/italy/art/shapes/buildings/italy_town_filler_wall.dae"}
{"class":"TSStatic","persistentId":"3474424c-7300-4dc0-97b6-1a55bb327261","__parent":"mountain_village","position":[954.329529,1201.8822,148.69339],"annotation":"BUILDINGS","isRenderEnabled":false,"rotationMatrix":[-4.47034871e-08,-0.999999762,0,0.999999762,-4.47034871e-08,0,0,0,1],"shapeName":"/levels/italy/art/shapes/buildings/italy_town_filler_wall.dae"}
{"class":"TSStatic","persistentId":"35718fd0-7d69-4e89-b8ec-7aa950905801","__parent":"mountain_village","position":[1375.1095,1263.43762,160.658035],"annotation":"BUILDINGS","isRenderEnabled":false,"rotationMatrix":[0.697455883,0.716627717,0,-0.716627717,0.697455883,0,0,0,1],"scale":[1.81088352,1.81088352,1.81088352],"shapeName":"/levels/italy/art/shapes/buildings/italy_town_filler_wall.dae"}
{"class":"TSStatic","persistentId":"36ae3acd-58ce-47bc-b082-846b9099d029","__parent":"mountain_village","position":[1115.58984,-539.427368,150.395264],"annotation":"BUILDINGS","isRenderEnabled":false,"rotationMatrix":[-0.999999881,-8.94069672e-08,0,8.94069672e-08,-0.999999881,0,0,0,1],"shapeName":"/levels/italy/art/shapes/buildings/italy_bld_window_standalone_1.dae"}
{"class":"TSStatic","persistentId":"36b54992-6b70-44e8-8c90-c7869b1f8ad3","__parent":"mountain_village","position":[329.874695,-774.241699,231.868423],"annotation":"BUILDINGS","isRenderEnabled":false,"rotationMatrix":[-0.346808285,0.937935948,0,-0.937935948,-0.346808285,0,0,0,1],"shapeName":"/levels/italy/art/shapes/buildings/italy_town_filler_wall.dae"}
{"class":"TSStatic","persistentId":"3b7977a2-68c7-44db-b89e-c5d1f1d9ea4e","__parent":"mountain_village","position":[37.0571404,-262.722656,190.726822],"annotation":"BUILDINGS","isRenderEnabled":false,"rotationMatrix":[1,0,0,0,1.49011768e-07,0.999999583,0,-0.999999583,1.49011768e-07],"shapeName":"/levels/italy/art/shapes/buildings/italy_town_filler_wall.dae"}
{"class":"TSStatic","persistentId":"3eb10d59-d367-4ee4-95b5-c097a1cf6c16","__parent":"mountain_village","position":[329.509003,-775.45166,233.968643],"annotation":"BUILDINGS","isRenderEnabled":false,"rotationMatrix":[0.937331319,0.348282486,0.0104667526,0.0088892933,0.00612699986,-0.999941707,-0.348326176,0.937369645,0.00264707627],"shapeName":"/levels/italy/art/shapes/buildings/italy_town_filler_wall.dae"}
{"class":"TSStatic","persistentId":"43e06ff2-c772-4cd0-8bbc-7502b83a8f16","__parent":"mountain_village","position":[-1101.99646,735.130676,386.329926],"annotation":"BUILDINGS","isRenderEnabled":false,"rotationMatrix":[0.702526629,0.711657107,0,0,0,-0.999999762,-0.711657345,0.702526331,0],"scale":[2.33752799,2.33752799,2.33752799],"shapeName":"/levels/italy/art/shapes/buildings/italy_town_filler_wall.dae"}
{"class":"TSStatic","persistentId":"462dfba7-d6b9-4543-9749-cb0595b9c26c","__parent":"mountain_village","position":[-1099.88318,734.789246,386.391815],"annotation":"BUILDINGS","isRenderEnabled":false,"rotationMatrix":[1,0,0,0,0,-0.999999762,0,0.999999762,0],"scale":[2.33752799,2.33752799,2.33752799],"shapeName":"/levels/italy/art/shapes/buildings/italy_town_filler_wall.dae"}
{"class":"TSStatic","persistentId":"464ee5aa-d310-454c-b55b-87667412ef81","__parent":"mountain_village","position":[352.595093,-770.586243,232.299911],"annotation":"BUILDINGS","isRenderEnabled":false,"rotationMatrix":[0.820648909,0.57143265,0,-0.57143265,0.820648909,0,0,0,1],"shapeName":"/levels/italy/art/shapes/buildings/italy_town_filler_step.dae"}
{"class":"TSStatic","persistentId":"48bbebf5-1e2d-4773-8941-84c4495cf431","__parent":"mountain_village","position":[839.929993,1262.08386,154.932465],"annotation":"BUILDINGS","isRenderEnabled":false,"rotationMatrix":[0.860698104,-0.509115756,0,0.509115756,0.860698104,0,0,0,1],"scale":[1.37819052,1.37819052,1.37819052],"shapeName":"/levels/italy/art/shapes/buildings/italy_town_filler_wall.dae"}
{"class":"TSStatic","persistentId":"4b802cc5-0b35-4a0b-baa3-52ae33e30097","__parent":"mountain_village","position":[235.584991,-932.481079,252.913803],"annotation":"BUILDINGS","isRenderEnabled":false,"rotationMatrix":[0.928436995,-0.371490061,0,0.371490061,0.928436995,0,0,0,1],"scale":[1.2685467,1.2685467,1.2685467],"shapeName":"/levels/italy/art/shapes/buildings/italy_town_filler_wall.dae"}
{"class":"TSStatic","persistentId":"4ce0de95-cdc6-47a7-a74a-ddc44f213990","__parent":"mountain_village","position":[1112.55103,-533.508301,152.866882],"annotation":"BUILDINGS","isRenderEnabled":false,"shapeName":"/levels/italy/art/shapes/buildings/italy_bld_window_standalone_1.dae"}
{"class":"TSStatic","persistentId":"52b9b2dd-2bf9-48e8-a94d-1a6eb2612055","__parent":"mountain_village","position":[-1092.91284,746.760498,386.28537],"annotation":"BUILDINGS","isRenderEnabled":false,"rotationMatrix":[1,0,0,0,0,-0.999999762,0,0.999999762,0],"scale":[2.33752799,2.33752799,2.33752799],"shapeName":"/levels/italy/art/shapes/buildings/italy_town_filler_wall.dae"}
{"class":"TSStatic","persistentId":"52c94321-ad19-4bc9-b5a0-7d0a1bfb0ff1","__parent":"mountain_village","position":[319.083282,-876.681396,265.81839],"annotation":"BUILDINGS","isRenderEnabled":false,"rotationMatrix":[0.91858089,0.395234436,0,-0.395234436,0.91858089,0,0,0,1],"shapeName":"/levels/italy/art/shapes/buildings/italy_town_filler_wall.dae"}
{"class":"TSStatic","persistentId":"53035e91-6438-4bc8-b2e6-baac311f7a36","__parent":"mountain_village","position":[-1095.23914,739.438782,386.374329],"annotation":"BUILDINGS","isRenderEnabled":false,"rotationMatrix":[1,0,0,0,0,-0.999999762,0,0.999999762,0],"scale":[2.33752799,2.33752799,2.33752799],"shapeName":"/levels/italy/art/shapes/buildings/italy_town_filler_wall.dae"}
{"class":"TSStatic","persistentId":"53afecd7-8537-4751-bfc7-f6be45eb3a12","__parent":"mountain_village","position":[-1099.88318,744.101807,386.391815],"annotation":"BUILDINGS","isRenderEnabled":false,"rotationMatrix":[1,0,0,0,0,-0.999999762,0,0.999999762,0],"scale":[2.33752799,2.33752799,2.33752799],"shapeName":"/levels/italy/art/shapes/buildings/italy_town_filler_wall.dae"}
{"class":"TSStatic","persistentId":"55a3f647-5ae5-4bae-b427-11d0e6395ef9","__parent":"mountain_village","position":[239.648117,-785.410583,240.070328],"annotation":"BUILDINGS","isRenderEnabled":false,"rotationMatrix":[0.891782284,0.452464849,0,-0.452464879,0.891782343,0,0,0,1],"shapeName":"/levels/italy/art/shapes/buildings/italy_town_filler_wall.dae"}
{"class":"TSStatic","persistentId":"584d5da6-e939-41ff-b806-6324018d5232","__parent":"mountain_village","position":[354.949585,-763.533386,231.133377],"annotation":"BUILDINGS","isRenderEnabled":false,"rotationMatrix":[0.955221713,0.295890272,0,-0.295890272,0.955221713,0,0,0,1],"shapeName":"/levels/italy/art/shapes/buildings/italy_town_filler_wall.dae"}
{"class":"TSStatic","persistentId":"5ad4d206-c582-4cc1-ab6b-1d38e452d5ef","__parent":"mountain_village","position":[-1095.23914,744.101807,386.391815],"annotation":"BUILDINGS","isRenderEnabled":false,"rotationMatrix":[1,0,0,0,0,-0.999999762,0,0.999999762,0],"scale":[2.33752799,2.33752799,2.33752799],"shapeName":"/levels/italy/art/shapes/buildings/italy_town_filler_wall.dae"}
{"class":"TSStatic","persistentId":"5b457219-9c14-4724-b611-5817252dcd99","__parent":"mountain_village","position":[246.088242,-866.159119,240.963074],"annotation":"BUILDINGS","isRenderEnabled":false,"rotationMatrix":[0.225251943,0.974300683,0,-0.974300683,0.225251943,0,0,0,1],"shapeName":"/levels/italy/art/shapes/buildings/italy_town_filler_wall.dae"}
{"class":"TSStatic","persistentId":"5dd4bf05-ad9c-4198-b28f-3e93d2f0cedb","__parent":"mountain_village","position":[10.8562365,-340.386627,196.465591],"annotation":"BUILDINGS","isRenderEnabled":false,"rotationMatrix":[0.560405374,0.828218102,0,-0.828218102,0.560405374,0,0,0,1],"shapeName":"/levels/italy/art/shapes/buildings/italy_town_filler_wall.dae"}
{"class":"TSStatic","persistentId":"6544b7b0-6da0-4a8a-b4e8-6420898d759a","__parent":"mountain_village","position":[915.4245,1347.9967,150.158401],"annotation":"BUILDINGS","isRenderEnabled":false,"rotationMatrix":[-5.96046448e-08,-0.999999821,0,0.999999821,-5.96046448e-08,0,0,0,1],"scale":[1,1,1.21036375],"shapeName":"/levels/italy/art/shapes/buildings/italy_bld_window_standalone_1.dae"}
{"class":"TSStatic","persistentId":"65f0ee5f-f7d1-4d90-9924-87c63fefe155","__parent":"mountain_village","position":[1057.59509,-638.168274,156.469254],"annotation":"BUILDINGS","isRenderEnabled":false,"shapeName":"/levels/italy/art/shapes/buildings/italy_town_filler_wall.dae"}
{"class":"TSStatic","persistentId":"67cef0fd-95a7-45d0-9a31-074710ff0dff","__parent":"mountain_village","position":[915.4245,1350.74036,150.158401],"annotation":"BUILDINGS","isRenderEnabled":false,"rotationMatrix":[-5.96046448e-08,-0.999999821,0,0.999999821,-5.96046448e-08,0,0,0,1],"scale":[1,1,1.21036375],"shapeName":"/levels/italy/art/shapes/buildings/italy_bld_window_standalone_1.dae"}
{"class":"TSStatic","persistentId":"6ac6bd98-74ee-4de0-a745-471526f7e9c4","__parent":"mountain_village","position":[837.571655,1263.47473,154.932465],"annotation":"BUILDINGS","isRenderEnabled":false,"rotationMatrix":[0.860698104,-0.509115756,0,0.509115756,0.860698104,0,0,0,1],"scale":[1.37819052,1.37819052,1.37819052],"shapeName":"/levels/italy/art/shapes/buildings/italy_town_filler_wall.dae"}
{"class":"TSStatic","persistentId":"6c8eac23-05ff-4444-9d20-f5ed4965c0df","__parent":"mountain_village","position":[915.454773,1330.13867,159.769821],"annotation":"BUILDINGS","isRenderEnabled":false,"rotationMatrix":[-5.96046448e-08,-0.999999821,0,0.999999821,-5.96046448e-08,0,0,0,1],"scale":[0.882216096,0.882216096,1.03313148],"shapeName":"/levels/italy/art/shapes/buildings/italy_bld_window_standalone_1.dae"}
{"class":"TSStatic","persistentId":"6d8c5643-cc21-4f0d-a1f7-c9a674119786","__parent":"mountain_village","position":[41.0399094,-262.722656,190.726822],"annotation":"BUILDINGS","isRenderEnabled":false,"rotationMatrix":[1,0,0,0,1.49011768e-07,0.999999583,0,-0.999999583,1.49011768e-07],"shapeName":"/levels/italy/art/shapes/buildings/italy_town_filler_wall.dae"}
{"class":"TSStatic","persistentId":"6e53aefe-15a5-4048-a3e2-630ec6bb4f9c","__parent":"mountain_village","position":[1051.28564,-717.853577,146.612579],"annotation":"BUILDINGS","isRenderEnabled":false,"scale":[1.25118434,1.25118434,1.25118434],"shapeName":"/levels/italy/art/shapes/buildings/italy_town_filler_wall.dae"}
{"class":"TSStatic","persistentId":"732c2d25-657c-4197-903f-0d794e86f96d","__parent":"mountain_village","position":[1061.59094,-638.168274,156.469254],"annotation":"BUILDINGS","isRenderEnabled":false,"shapeName":"/levels/italy/art/shapes/buildings/italy_town_filler_wall.dae"}
{"class":"TSStatic","persistentId":"781c4550-40bd-4043-ae34-ff888370b088","__parent":"mountain_village","position":[11.9750996,-340.062805,192.148438],"annotation":"BUILDINGS","isRenderEnabled":false,"rotationMatrix":[-0.841093659,0.540889561,0,-0.540889561,-0.841093659,0,0,0,1],"scale":[1.06769121,1,1.57907403],"shapeName":"/levels/italy/art/shapes/buildings/italy_bld_window_standalone_1.dae"}
{"class":"TSStatic","persistentId":"7aa64072-c2ec-43de-a049-a1c2df1011dc","__parent":"mountain_village","position":[834.440063,1260.18335,154.932465],"annotation":"BUILDINGS","isRenderEnabled":false,"rotationMatrix":[0.509048939,0.860737979,0,-0.860737979,0.509048939,0,0,0,1],"scale":[1.37819052,1.37819052,1.37819052],"shapeName":"/levels/italy/art/shapes/buildings/italy_town_filler_wall.dae"}
{"class":"TSStatic","persistentId":"7b5c6cc6-bde6-49fb-8fe0-e7fcf9de0409","__parent":"mountain_village","position":[356.033051,-765.361694,231.200577],"annotation":"BUILDINGS","isRenderEnabled":false,"rotationMatrix":[0.97693938,0.213517874,-3.85625754e-10,-0.00115414639,0.00528072845,-0.999985099,-0.213514805,0.976924598,0.00540538272],"shapeName":"/levels/italy/art/shapes/buildings/italy_town_filler_wall.dae"}
{"class":"TSStatic","persistentId":"7ea7a4af-0b54-414b-a963-f51544f71c70","__parent":"mountain_village","position":[235.132385,-763.207581,257.589294],"annotation":"BUILDINGS","isRenderEnabled":false,"rotationMatrix":[0.979790032,0.200026885,0,-0.200026885,0.979790032,0,0,0,1],"scale":[1.16757548,1.16757548,1.16757548],"shapeName":"/levels/italy/art/shapes/buildings/italy_town_filler_wall.dae"}
{"class":"TSStatic","persistentId":"7f16fdc5-29dc-4991-aaec-1c6731d04dd6","__parent":"mountain_village","position":[12.1097822,-341.210876,190.525787],"annotation":"BUILDINGS","isRenderEnabled":false,"rotationMatrix":[0.560405374,0.828218102,0,-0.828218102,0.560405374,0,0,0,1],"shapeName":"/levels/italy/art/shapes/buildings/italy_town_filler_wall.dae"}
{"class":"TSStatic","persistentId":"7f8d34a3-30b3-4f5b-8e04-f644d653aa9c","__parent":"mountain_village","position":[236.997375,-833.011719,247.704407],"annotation":"BUILDINGS","isRenderEnabled":false,"rotationMatrix":[-0.453274816,0.891371369,0,-0.891371369,-0.453274816,0,0,0,1],"shapeName":"/levels/italy/art/shapes/buildings/italy_town_filler_wall.dae"}
{"class":"TSStatic","persistentId":"80ee0b3f-f723-49c9-a434-0bbd45c0348e","__parent":"mountain_village","position":[-1099.97314,746.760498,386.250977],"annotation":"BUILDINGS","isRenderEnabled":false,"rotationMatrix":[1,0,0,0,0,-0.999999762,0,0.999999762,0],"scale":[2.33752799,2.33752799,2.33752799],"shapeName":"/levels/italy/art/shapes/buildings/italy_town_filler_wall.dae"}
{"class":"TSStatic","persistentId":"82611587-c4ab-4d9c-a34f-a1aee9944b1e","__parent":"mountain_village","position":[1122.20337,-539.427368,150.395264],"annotation":"BUILDINGS","isRenderEnabled":false,"rotationMatrix":[-0.999999881,-8.94069672e-08,0,8.94069672e-08,-0.999999881,0,0,0,1],"shapeName":"/levels/italy/art/shapes/buildings/italy_bld_window_standalone_1.dae"}
{"class":"TSStatic","persistentId":"85618639-a55a-47df-aaa2-1ce544b6efc7","__parent":"mountain_village","position":[915.4245,1341.89185,146.606613],"annotation":"BUILDINGS","isRenderEnabled":false,"rotationMatrix":[-5.96046448e-08,-0.999999821,0,0.999999821,-5.96046448e-08,0,0,0,1],"scale":[1,1,1.21036375],"shapeName":"/levels/italy/art/shapes/buildings/italy_bld_window_standalone_1.dae"}
{"class":"TSStatic","persistentId":"8577afa1-2c04-41f1-a7e2-76bc9fc66098","__parent":"mountain_village","position":[39.048233,-262.722656,190.726822],"annotation":"BUILDINGS","isRenderEnabled":false,"rotationMatrix":[1,0,0,0,1.49011768e-07,0.999999583,0,-0.999999583,1.49011768e-07],"shapeName":"/levels/italy/art/shapes/buildings/italy_town_filler_wall.dae"}
{"class":"TSStatic","persistentId":"86321835-ece6-4515-aa22-e166f4504481","__parent":"mountain_village","position":[1375.75574,1260.82373,163.923569],"annotation":"BUILDINGS","isRenderEnabled":false,"rotationMatrix":[0.715318084,-0.698799074,-1.27675648e-14,-6.24775396e-08,-6.39544382e-08,-0.999999821,0.698799133,0.715318024,-8.94069814e-08],"scale":[1.80704713,1.26722074,1.26722074],"shapeName":"/levels/italy/art/shapes/buildings/italy_town_filler_wall.dae"}
{"class":"TSStatic","persistentId":"87e4d6c4-079d-4cdc-95e4-ab22d95cd958","__parent":"mountain_village","position":[-774.025574,-1361.39551,142.027786],"annotation":"BUILDINGS","isRenderEnabled":false,"rotationMatrix":[-0.474075973,0.880483568,0,-0.880483568,-0.474075973,0,0,0,1],"shapeName":"/levels/italy/art/shapes/buildings/italy_town_filler_wall.dae"}
{"class":"TSStatic","persistentId":"8b0e40c3-f187-4cd0-be58-3d4f06e9df39","__parent":"mountain_village","position":[915.4245,1350.74036,157.26564],"annotation":"BUILDINGS","isRenderEnabled":false,"rotationMatrix":[-5.96046448e-08,-0.999999821,0,0.999999821,-5.96046448e-08,0,0,0,1],"scale":[1,1,1.21036375],"shapeName":"/levels/italy/art/shapes/buildings/italy_bld_window_standalone_1.dae"}
{"class":"TSStatic","persistentId":"8db0ce7b-0616-41fd-aa98-756b5115c40e","__parent":"mountain_village","position":[-1104.51721,730.46759,386.262634],"annotation":"BUILDINGS","isRenderEnabled":false,"rotationMatrix":[0.993370712,0.11495465,0,0,0,-0.999999762,-0.114954665,0.993370473,0],"scale":[2.33752799,2.33752799,2.33752799],"shapeName":"/levels/italy/art/shapes/buildings/italy_town_filler_wall.dae"}
{"class":"TSStatic","persistentId":"8f3d3e2c-e69a-4081-99fc-10ee454530e1","__parent":"mountain_village","position":[1104.12109,-533.508301,152.866882],"annotation":"BUILDINGS","isRenderEnabled":false,"shapeName":"/levels/italy/art/shapes/buildings/italy_bld_window_standalone_1.dae"}
{"class":"TSStatic","persistentId":"90415c0c-324f-4af3-8ca5-f2a19cde4e8d","__parent":"mountain_village","position":[1124.83533,-533.508301,150.782394],"annotation":"BUILDINGS","isRenderEnabled":false,"shapeName":"/levels/italy/art/shapes/buildings/italy_bld_window_standalone_1.dae"}
{"class":"TSStatic","persistentId":"92b2aeab-e451-4c57-adfd-3fe2125d8792","__parent":"mountain_village","position":[12.1097822,-341.210876,194.489578],"annotation":"BUILDINGS","isRenderEnabled":false,"rotationMatrix":[0.560405374,0.828218102,0,-0.828218102,0.560405374,0,0,0,1],"shapeName":"/levels/italy/art/shapes/buildings/italy_town_filler_wall.dae"}
{"class":"TSStatic","persistentId":"9376366d-ab06-4ee3-95c8-763bb56d0aee","__parent":"mountain_village","position":[905.995422,1329.94592,149.89267],"annotation":"BUILDINGS","isRenderEnabled":false,"rotationMatrix":[-2.98023224e-08,0.99999994,0,-0.99999994,-2.98023224e-08,0,0,0,1],"scale":[1,1,1.14101565],"shapeName":"/levels/italy/art/shapes/buildings/italy_bld_window_standalone_1.dae"}
{"class":"TSStatic","persistentId":"93893d64-d36e-4109-bc59-89bad78ec748","__parent":"mountain_village","position":[245.476898,-870.585938,241.315231],"annotation":"BUILDINGS","isRenderEnabled":false,"rotationMatrix":[0.130195752,0.991488576,0,-0.991488576,0.130195752,0,0,0,1],"shapeName":"/levels/italy/art/shapes/buildings/italy_town_filler_wall.dae"}
{"class":"TSStatic","persistentId":"93a2336a-1dd8-4124-9e40-51ee7a2cf389","__parent":"mountain_village","position":[1125.21167,-539.427368,147.317749],"annotation":"BUILDINGS","isRenderEnabled":false,"rotationMatrix":[-0.999999881,-8.94069672e-08,0,8.94069672e-08,-0.999999881,0,0,0,1],"shapeName":"/levels/italy/art/shapes/buildings/italy_bld_window_standalone_1.dae"}
{"class":"TSStatic","persistentId":"961170d3-de00-4057-9078-ce0bc17bf55c","__parent":"mountain_village","position":[1124.83533,-533.508301,147.553192],"annotation":"BUILDINGS","isRenderEnabled":false,"shapeName":"/levels/italy/art/shapes/buildings/italy_bld_window_standalone_1.dae"}
{"class":"TSStatic","persistentId":"961404cc-6e12-47a6-a950-a3424cb9cabb","__parent":"mountain_village","position":[311.704834,-770.239258,234.163391],"annotation":"BUILDINGS","isRenderEnabled":false,"rotationMatrix":[0.846208334,0.532851875,0,-0.532851875,0.846208334,0,0,0,1],"shapeName":"/levels/italy/art/shapes/buildings/italy_town_filler_step.dae"}
{"class":"TSStatic","persistentId":"9794f929-ce1a-4a7c-836c-68d757fcd9b6","__parent":"mountain_village","position":[1122.1864,-533.508301,150.782394],"annotation":"BUILDINGS","isRenderEnabled":false,"shapeName":"/levels/italy/art/shapes/buildings/italy_bld_window_standalone_1.dae"}
{"class":"TSStatic","persistentId":"9933680d-26a5-45d6-9fcf-c1af79bb93ac","__parent":"mountain_village","position":[1106.10059,-533.508301,149.653793],"annotation":"BUILDINGS","isRenderEnabled":false,"shapeName":"/levels/italy/art/shapes/buildings/italy_bld_window_standalone_1.dae"}
{"class":"TSStatic","persistentId":"99b5b030-42c9-467a-9885-62f2acbfa782","__parent":"mountain_village","position":[12.1097822,-341.210876,196.465591],"annotation":"BUILDINGS","isRenderEnabled":false,"rotationMatrix":[0.560405374,0.828218102,0,-0.828218102,0.560405374,0,0,0,1],"shapeName":"/levels/italy/art/shapes/buildings/italy_town_filler_wall.dae"}
{"class":"TSStatic","persistentId":"9a823b0f-28f9-4603-aeac-118cfdb11568","__parent":"mountain_village","position":[1106.10059,-533.508301,152.866882],"annotation":"BUILDINGS","isRenderEnabled":false,"shapeName":"/levels/italy/art/shapes/buildings/italy_bld_window_standalone_1.dae"}
{"class":"TSStatic","persistentId":"9d5a1847-79d8-4778-b7c9-baf3ba04a2bf","__parent":"mountain_village","position":[237.95311,-786.231995,240.070328],"annotation":"BUILDINGS","isRenderEnabled":false,"rotationMatrix":[0.891782284,0.452464849,0,-0.452464879,0.891782343,0,0,0,1],"shapeName":"/levels/italy/art/shapes/buildings/italy_town_filler_wall.dae"}
{"class":"TSStatic","persistentId":"9d781d4f-9da1-4562-8297-58e44ecd327e","__parent":"mountain_village","position":[905.995422,1333.48181,149.89267],"annotation":"BUILDINGS","isRenderEnabled":false,"rotationMatrix":[-2.98023224e-08,0.99999994,0,-0.99999994,-2.98023224e-08,0,0,0,1],"scale":[1,1,1.14101565],"shapeName":"/levels/italy/art/shapes/buildings/italy_bld_window_standalone_1.dae"}
{"class":"TSStatic","persistentId":"9ee69430-2013-4ff5-af79-6616b1b9a801","__parent":"mountain_village","position":[1116.68201,-533.508301,147.553192],"annotation":"BUILDINGS","isRenderEnabled":false,"shapeName":"/levels/italy/art/shapes/buildings/italy_bld_window_standalone_1.dae"}
{"class":"TSStatic","persistentId":"a1fa6544-6d2f-476e-b224-effa0cf6a7b0","__parent":"mountain_village","position":[-1097.51831,746.760498,386.28537],"annotation":"BUILDINGS","isRenderEnabled":false,"rotationMatrix":[1,0,0,0,0,-0.999999762,0,0.999999762,0],"scale":[2.33752799,2.33752799,2.33752799],"shapeName":"/levels/italy/art/shapes/buildings/italy_town_filler_wall.dae"}
{"class":"TSStatic","persistentId":"a4fd1d44-7dd7-44ec-b480-b3288fec0cd9","__parent":"mountain_village","position":[10.8562365,-340.386627,190.525787],"annotation":"BUILDINGS","isRenderEnabled":false,"rotationMatrix":[0.560405374,0.828218102,0,-0.828218102,0.560405374,0,0,0,1],"shapeName":"/levels/italy/art/shapes/buildings/italy_town_filler_wall.dae"}
{"class":"TSStatic","persistentId":"a9cb9881-5f25-4eb6-bf71-6286d838c8d5","__parent":"mountain_village","position":[835.819702,1262.54211,154.932465],"annotation":"BUILDINGS","isRenderEnabled":false,"rotationMatrix":[0.509048939,0.860737979,0,-0.860737979,0.509048939,0,0,0,1],"scale":[1.37819052,1.37819052,1.37819052],"shapeName":"/levels/italy/art/shapes/buildings/italy_town_filler_wall.dae"}
{"class":"TSStatic","persistentId":"aa194a3d-b8df-40a2-8a41-696d81c19110","__parent":"mountain_village","position":[1112.55103,-533.508301,149.653793],"annotation":"BUILDINGS","isRenderEnabled":false,"shapeName":"/levels/italy/art/shapes/buildings/italy_bld_window_standalone_1.dae"}
{"class":"TSStatic","persistentId":"aed44d78-cde0-41a0-a8bd-52ef10a8d427","__parent":"mountain_village","position":[905.995422,1333.48181,153.514648],"annotation":"BUILDINGS","isRenderEnabled":false,"rotationMatrix":[-2.98023224e-08,0.99999994,0,-0.99999994,-2.98023224e-08,0,0,0,1],"scale":[1,1,1.14101565],"shapeName":"/levels/italy/art/shapes/buildings/italy_bld_window_standalone_1.dae"}
{"class":"TSStatic","persistentId":"b02759d9-e35c-4334-a472-59503d93dde0","__parent":"mountain_village","position":[1060.06958,-636.659851,158.226288],"annotation":"BUILDINGS","isRenderEnabled":false,"rotationMatrix":[-1.36779477e-13,0.999999762,1.04308349e-07,2.68220901e-07,-1.0430827e-07,1.00000048,1.00000012,1.75003851e-13,-3.87430191e-07],"scale":[1.28833008,1,1.53154337],"shapeName":"/levels/italy/art/shapes/buildings/italy_town_filler_wall.dae"}
{"class":"TSStatic","persistentId":"b0fec6ba-4bde-48cd-974c-b304a3eeb386","__parent":"mountain_village","position":[1116.68201,-533.508301,150.782394],"annotation":"BUILDINGS","isRenderEnabled":false,"shapeName":"/levels/italy/art/shapes/buildings/italy_bld_window_standalone_1.dae"}
{"class":"TSStatic","persistentId":"b37cb881-b0e0-42c1-81a2-9541f60c7da5","__parent":"mountain_village","position":[915.4245,1341.89185,154.073624],"annotation":"BUILDINGS","isRenderEnabled":false,"rotationMatrix":[-5.96046448e-08,-0.999999821,0,0.999999821,-5.96046448e-08,0,0,0,1],"scale":[1,1,1.21036375],"shapeName":"/levels/italy/art/shapes/buildings/italy_bld_window_standalone_1.dae"}
{"class":"TSStatic","persistentId":"b3bb34cc-ba44-4c96-bfe5-a80832b423cc","__parent":"mountain_village","position":[10.8562365,-340.386627,192.507339],"annotation":"BUILDINGS","isRenderEnabled":false,"rotationMatrix":[0.560405374,0.828218102,0,-0.828218102,0.560405374,0,0,0,1],"shapeName":"/levels/italy/art/shapes/buildings/italy_town_filler_wall.dae"}
{"class":"TSStatic","persistentId":"b3dbcb28-4b8c-4fd3-8df1-5784f7c19e5e","__parent":"mountain_village","position":[330.235291,-775.854797,233.770523],"annotation":"BUILDINGS","isRenderEnabled":false,"rotationMatrix":[0.927115738,0.374775112,0,-0.374775112,0.927115738,0,0,0,1],"shapeName":"/levels/italy/art/shapes/buildings/italy_town_filler_step.dae"}
{"class":"TSStatic","persistentId":"b40d165e-51a3-4812-aff3-3654bbc51f61","__parent":"mountain_village","position":[229.028519,-872.463196,244.565094],"annotation":"BUILDINGS","isRenderEnabled":false,"rotationMatrix":[-0.235792294,0.971803606,0,-0.971803606,-0.235792294,0,0,0,1],"scale":[1.19004488,1.19004488,1.23107731],"shapeName":"/levels/italy/art/shapes/buildings/italy_town_filler_wall.dae"}
{"class":"TSStatic","persistentId":"b7e2c8d2-7fc6-4482-a530-4a7cc7f24a70","__parent":"mountain_village","position":[-1099.88318,739.458374,386.391815],"annotation":"BUILDINGS","isRenderEnabled":false,"rotationMatrix":[1,0,0,0,0,-0.999999762,0,0.999999762,0],"scale":[2.33752799,2.33752799,2.33752799],"shapeName":"/levels/italy/art/shapes/buildings/italy_town_filler_wall.dae"}
{"class":"TSStatic","persistentId":"b8df137e-1f6a-425e-946f-f8c68eb6d7ba","__parent":"mountain_village","position":[1122.20337,-539.427368,147.317749],"annotation":"BUILDINGS","isRenderEnabled":false,"rotationMatrix":[-0.999999881,-8.94069672e-08,0,8.94069672e-08,-0.999999881,0,0,0,1],"shapeName":"/levels/italy/art/shapes/buildings/italy_bld_window_standalone_1.dae"}
{"class":"TSStatic","persistentId":"b8ff90c5-43f1-4a70-b4c2-38374a567e45","__parent":"mountain_village","position":[835.97168,1261.31226,152.87616],"annotation":"BUILDINGS","isRenderEnabled":false,"rotationMatrix":[0.509048939,0.860737979,0,-0.860737979,0.509048939,0,0,0,1],"scale":[2.39964199,2.39964199,2.39964199],"shapeName":"/levels/italy/art/shapes/buildings/italy_town_filler_wall.dae"}
{"class":"TSStatic","persistentId":"b9c97659-acf7-4f6b-a34f-f5b02b5f3213","__parent":"mountain_village","position":[915.454773,1333.7345,150.872574],"annotation":"BUILDINGS","isRenderEnabled":false,"rotationMatrix":[-5.96046448e-08,-0.999999821,0,0.999999821,-5.96046448e-08,0,0,0,1],"scale":[0.882216096,0.882216096,1.03313148],"shapeName":"/levels/italy/art/shapes/buildings/italy_bld_window_standalone_1.dae"}
{"class":"TSStatic","persistentId":"b9d1a4ed-88b8-4f6d-9af4-d3f516e71ec9","__parent":"mountain_village","position":[228.958313,-928.959106,252.489365],"annotation":"BUILDINGS","isRenderEnabled":false,"rotationMatrix":[-0.928343773,0.371722937,0,-0.371722937,-0.928343773,0,0,0,1],"shapeName":"/levels/italy/art/shapes/buildings/italy_town_filler_step.dae"}
{"class":"TSStatic","persistentId":"bba68655-8279-480c-8209-131debaea8c2","__parent":"mountain_village","position":[236.543884,-833.241028,241.678192],"annotation":"BUILDINGS","isRenderEnabled":false,"rotationMatrix":[-0.453274816,0.891371369,0,-0.891371369,-0.453274816,0,0,0,1],"shapeName":"/levels/italy/art/shapes/buildings/italy_town_filler_wall.dae"}
{"class":"TSStatic","persistentId":"bf32730d-3401-4a67-9102-037cc0d651b8","__parent":"mountain_village","position":[-1094.59436,735.721619,386.280487],"annotation":"BUILDINGS","isRenderEnabled":false,"rotationMatrix":[0.703423321,0.710770726,0,0,0,-0.999999762,-0.710770905,0.703423083,0],"scale":[2.33752799,2.33752799,2.33752799],"shapeName":"/levels/italy/art/shapes/buildings/italy_town_filler_wall.dae"}
{"class":"TSStatic","persistentId":"c020586c-7775-41c3-ab74-775b4eed4115","__parent":"mountain_village","position":[905.995422,1338.65344,161.072281],"annotation":"BUILDINGS","isRenderEnabled":false,"rotationMatrix":[-2.98023224e-08,0.99999994,0,-0.99999994,-2.98023224e-08,0,0,0,1],"scale":[1,1,1.14101565],"shapeName":"/levels/italy/art/shapes/buildings/italy_bld_window_standalone_1.dae"}
{"class":"TSStatic","persistentId":"c12f49ce-4aed-49d5-87b9-952992015500","__parent":"mountain_village","position":[247.499954,-860.336792,240.233353],"annotation":"BUILDINGS","isRenderEnabled":false,"rotationMatrix":[0.237806991,0.971312106,0,-0.971312106,0.237806991,0,0,0,1],"shapeName":"/levels/italy/art/shapes/buildings/italy_town_filler_wall.dae"}
{"class":"TSStatic","persistentId":"c15ff555-150f-4d5c-98d5-feac5dae0d95","__parent":"mountain_village","position":[1057.03687,-636.659851,158.226288],"annotation":"BUILDINGS","isRenderEnabled":false,"rotationMatrix":[-1.36779477e-13,0.999999762,1.04308349e-07,2.68220901e-07,-1.0430827e-07,1.00000048,1.00000012,1.75003851e-13,-3.87430191e-07],"scale":[1.28833008,1,1.53154337],"shapeName":"/levels/italy/art/shapes/buildings/italy_town_filler_wall.dae"}
{"class":"TSStatic","persistentId":"c4f28863-b225-4413-9df3-ca186b5426bd","__parent":"mountain_village","position":[1377.64331,1262.8512,160.658035],"annotation":"BUILDINGS","isRenderEnabled":false,"rotationMatrix":[-0.716627955,0.697455645,0,-0.697455645,-0.716627955,0,0,0,1],"scale":[1.81088352,1.81088352,1.81088352],"shapeName":"/levels/italy/art/shapes/buildings/italy_town_filler_wall.dae"}
{"class":"TSStatic","persistentId":"c6200b34-b5f0-4c5f-a62d-c7fcd75073bb","__parent":"mountain_village","position":[328.740021,-773.323547,232.229462],"annotation":"BUILDINGS","isRenderEnabled":false,"rotationMatrix":[-0.940142512,-0.340780884,0,0.340780884,-0.940142512,0,0,0,1],"shapeName":"/levels/italy/art/shapes/buildings/italy_town_filler_wall.dae"}
{"class":"TSStatic","persistentId":"c7f9c63d-1781-40fc-8d0b-677c2c158a52","__parent":"mountain_village","position":[915.4245,1350.74036,154.086258],"annotation":"BUILDINGS","isRenderEnabled":false,"rotationMatrix":[-5.96046448e-08,-0.999999821,0,0.999999821,-5.96046448e-08,0,0,0,1],"scale":[1,1,1.21036375],"shapeName":"/levels/italy/art/shapes/buildings/italy_bld_window_standalone_1.dae"}
{"class":"TSStatic","persistentId":"c8021ced-3af1-480a-a64a-a1434b10b368","__parent":"mountain_village","position":[915.4245,1347.9967,146.606613],"annotation":"BUILDINGS","isRenderEnabled":false,"rotationMatrix":[-5.96046448e-08,-0.999999821,0,0.999999821,-5.96046448e-08,0,0,0,1],"scale":[1,1,1.21036375],"shapeName":"/levels/italy/art/shapes/buildings/italy_bld_window_standalone_1.dae"}
{"class":"TSStatic","persistentId":"c9c97570-9140-4925-8f8c-a6d2d05d5bed","__parent":"mountain_village","position":[-1097.34045,732.990601,386.317108],"annotation":"BUILDINGS","isRenderEnabled":false,"rotationMatrix":[0.703423321,0.710770726,0,0,0,-0.999999762,-0.710770905,0.703423083,0],"scale":[2.33752799,2.33752799,2.33752799],"shapeName":"/levels/italy/art/shapes/buildings/italy_town_filler_wall.dae"}
{"class":"TSStatic","persistentId":"cd43b4c2-6731-4eb5-8462-559a333bc8b2","__parent":"mountain_village","position":[905.995422,1329.94592,153.514648],"annotation":"BUILDINGS","isRenderEnabled":false,"rotationMatrix":[-2.98023224e-08,0.99999994,0,-0.99999994,-2.98023224e-08,0,0,0,1],"scale":[1,1,1.14101565],"shapeName":"/levels/italy/art/shapes/buildings/italy_bld_window_standalone_1.dae"}
{"class":"TSStatic","persistentId":"ceffc0b4-e991-49e7-a653-8f63a536141b","__parent":"mountain_village","position":[239.764801,-785.831665,238.962112],"annotation":"BUILDINGS","isRenderEnabled":false,"rotationMatrix":[0.891782284,0.452464849,0,-0.452464879,0.891782343,0,0,0,1],"shapeName":"/levels/italy/art/shapes/buildings/italy_town_filler_wall.dae"}
{"class":"TSStatic","persistentId":"cf76a72c-ebab-432c-bd8a-7e533cdd40ab","__parent":"mountain_village","position":[236.543884,-833.241028,245.697372],"annotation":"BUILDINGS","isRenderEnabled":false,"rotationMatrix":[-0.453274816,0.891371369,0,-0.891371369,-0.453274816,0,0,0,1],"shapeName":"/levels/italy/art/shapes/buildings/italy_town_filler_wall.dae"}
{"class":"TSStatic","persistentId":"d041d71f-cc5e-4482-afcb-f1a00fce785d","__parent":"mountain_village","position":[308.650024,-876.073059,248.970276],"annotation":"BUILDINGS","isRenderEnabled":false,"rotationMatrix":[0.870251417,0.492607474,0,-0.492607474,0.870251417,0,0,0,1],"shapeName":"/levels/italy/art/shapes/buildings/italy_village_hotel.dae"}
{"class":"TSStatic","persistentId":"d14baa90-dbfa-4600-85a1-a0e2e957c2ef","__parent":"mountain_village","position":[355.987091,-764.57666,231.878571],"annotation":"BUILDINGS","isRenderEnabled":false,"rotationMatrix":[-0.203791544,0.979014397,0,-0.979014397,-0.203791544,0,0,0,1],"shapeName":"/levels/italy/art/shapes/buildings/italy_town_filler_step.dae"}
{"class":"TSStatic","persistentId":"d20f077e-e29b-4cf2-84c8-03e5e472d22a","__parent":"mountain_village","position":[1108.05017,-539.474487,149.722031],"annotation":"BUILDINGS","isRenderEnabled":false,"rotationMatrix":[-0.999999702,-1.34110451e-07,0,1.34110451e-07,-0.999999702,0,0,0,1],"shapeName":"/levels/italy/art/shapes/buildings/italy_bld_window_standalone_1.dae"}
{"class":"TSStatic","persistentId":"d2720ed7-2b53-49c1-8f1f-32bda9b770fb","__parent":"mountain_village","position":[905.995422,1329.94592,161.072281],"annotation":"BUILDINGS","isRenderEnabled":false,"rotationMatrix":[-2.98023224e-08,0.99999994,0,-0.99999994,-2.98023224e-08,0,0,0,1],"scale":[1,1,1.14101565],"shapeName":"/levels/italy/art/shapes/buildings/italy_bld_window_standalone_1.dae"}
{"class":"TSStatic","persistentId":"d615162f-aaae-484c-a2ce-26912fab5372","__parent":"mountain_village","position":[-1105.46851,737.428101,386.311768],"annotation":"BUILDINGS","isRenderEnabled":false,"rotationMatrix":[0.993370712,0.11495465,0,0,0,-0.999999762,-0.114954665,0.993370473,0],"scale":[2.33752799,2.33752799,2.33752799],"shapeName":"/levels/italy/art/shapes/buildings/italy_town_filler_wall.dae"}
{"class":"TSStatic","persistentId":"d7b91d71-c7c2-4b51-9bab-b3dfd41161ab","__parent":"mountain_village","position":[1122.1864,-533.508301,147.553192],"annotation":"BUILDINGS","isRenderEnabled":false,"shapeName":"/levels/italy/art/shapes/buildings/italy_bld_window_standalone_1.dae"}
{"class":"TSStatic","persistentId":"d7ffda5b-c764-432e-8b14-0d909b553b2f","__parent":"mountain_village","position":[-1092.91284,739.438782,386.345551],"annotation":"BUILDINGS","isRenderEnabled":false,"rotationMatrix":[1,0,0,0,0,-0.999999762,0,0.999999762,0],"scale":[2.33752799,2.33752799,2.33752799],"shapeName":"/levels/italy/art/shapes/buildings/italy_town_filler_wall.dae"}
{"class":"TSStatic","persistentId":"d92f8f08-19c2-4908-98a9-2adffddef687","__parent":"mountain_village","position":[232.886429,-930.567993,252.489365],"annotation":"BUILDINGS","isRenderEnabled":false,"rotationMatrix":[-0.928343773,0.371722937,0,-0.371722937,-0.928343773,0,0,0,1],"shapeName":"/levels/italy/art/shapes/buildings/italy_town_filler_step.dae"}
{"class":"TSStatic","persistentId":"d95d8ec6-f139-47d3-8139-8125b72d72b2","__parent":"mountain_village","position":[1108.05017,-539.474487,153.177917],"annotation":"BUILDINGS","isRenderEnabled":false,"rotationMatrix":[-0.999999702,-1.34110451e-07,0,1.34110451e-07,-0.999999702,0,0,0,1],"shapeName":"/levels/italy/art/shapes/buildings/italy_bld_window_standalone_1.dae"}
{"class":"TSStatic","persistentId":"e0a5b152-7d50-48af-893f-e320190b2019","__parent":"mountain_village","position":[-1100.18799,739.844238,386.329224],"annotation":"BUILDINGS","isRenderEnabled":false,"rotationMatrix":[0.702526629,0.711657107,0,0,0,-0.999999762,-0.711657345,0.702526331,0],"scale":[2.33752799,2.33752799,2.33752799],"shapeName":"/levels/italy/art/shapes/buildings/italy_town_filler_wall.dae"}
{"class":"TSStatic","persistentId":"e0cbc28c-0420-4a72-af31-9036032433c4","__parent":"mountain_village","position":[11.9524231,-340.096832,193.270187],"annotation":"BUILDINGS","isRenderEnabled":false,"rotationMatrix":[0.836300969,-0.548271358,1.35973096e-07,0.377323776,0.575547516,0.725514472,-0.397778779,-0.606748223,0.688206971],"shapeName":"/levels/italy/art/shapes/buildings/italy_town_filler_wall.dae"}
{"class":"TSStatic","persistentId":"e1babb6f-42cb-4263-ac67-ea5b7548cfec","__parent":"mountain_village","position":[905.995422,1333.48181,161.072281],"annotation":"BUILDINGS","isRenderEnabled":false,"rotationMatrix":[-2.98023224e-08,0.99999994,0,-0.99999994,-2.98023224e-08,0,0,0,1],"scale":[1,1,1.14101565],"shapeName":"/levels/italy/art/shapes/buildings/italy_bld_window_standalone_1.dae"}
{"class":"TSStatic","persistentId":"e1bc2875-7be2-4d55-998b-8538b17ed9a3","__parent":"mountain_village","position":[247.009689,-862.289673,240.233353],"annotation":"BUILDINGS","isRenderEnabled":false,"rotationMatrix":[0.237806991,0.971312106,0,-0.971312106,0.237806991,0,0,0,1],"shapeName":"/levels/italy/art/shapes/buildings/italy_town_filler_wall.dae"}
{"class":"TSStatic","persistentId":"e47858ba-cb66-43b6-b294-76076065ee7d","__parent":"mountain_village","position":[915.454773,1333.7345,159.769821],"annotation":"BUILDINGS","isRenderEnabled":false,"rotationMatrix":[-5.96046448e-08,-0.999999821,0,0.999999821,-5.96046448e-08,0,0,0,1],"scale":[0.882216096,0.882216096,1.03313148],"shapeName":"/levels/italy/art/shapes/buildings/italy_bld_window_standalone_1.dae"}
{"class":"TSStatic","persistentId":"e67b0e19-8804-4c59-8725-be11f119e2c9","__parent":"mountain_village","position":[905.995422,1333.48181,157.810104],"annotation":"BUILDINGS","isRenderEnabled":false,"rotationMatrix":[-2.98023224e-08,0.99999994,0,-0.99999994,-2.98023224e-08,0,0,0,1],"scale":[1,1,1.14101565],"shapeName":"/levels/italy/art/shapes/buildings/italy_bld_window_standalone_1.dae"}
{"class":"TSStatic","persistentId":"ecb246db-83f8-454d-ab57-3c05e4e1641c","__parent":"mountain_village","position":[1103.99585,-539.474487,149.722031],"annotation":"BUILDINGS","isRenderEnabled":false,"rotationMatrix":[-0.999999702,-1.34110451e-07,0,1.34110451e-07,-0.999999702,0,0,0,1],"shapeName":"/levels/italy/art/shapes/buildings/italy_bld_window_standalone_1.dae"}
{"class":"TSStatic","persistentId":"ef7bae64-08a2-456e-96a3-230ed85ae39e","__parent":"mountain_village","position":[236.997375,-833.011719,243.667572],"annotation":"BUILDINGS","isRenderEnabled":false,"rotationMatrix":[-0.453274816,0.891371369,0,-0.891371369,-0.453274816,0,0,0,1],"shapeName":"/levels/italy/art/shapes/buildings/italy_town_filler_wall.dae"}
{"class":"TSStatic","persistentId":"f2c277b9-79a1-4850-af47-abacd5fe9fb1","__parent":"mountain_village","position":[320.214752,-874.49585,266.197144],"annotation":"BUILDINGS","isRenderEnabled":false,"rotationMatrix":[0.922398984,0.386237293,1.31283873e-14,3.16545972e-08,-7.55965459e-08,1.00000024,0.386237293,-0.922399223,-8.19563724e-08],"shapeName":"/levels/italy/art/shapes/buildings/italy_town_filler_wall.dae"}
{"class":"TSStatic","persistentId":"f3cc02ce-fcf7-44e1-b77a-786d665e2c7b","__parent":"mountain_village","position":[915.4245,1347.9967,157.26564],"annotation":"BUILDINGS","isRenderEnabled":false,"rotationMatrix":[-5.96046448e-08,-0.999999821,0,0.999999821,-5.96046448e-08,0,0,0,1],"scale":[1,1,1.21036375],"shapeName":"/levels/italy/art/shapes/buildings/italy_bld_window_standalone_1.dae"}
{"class":"TSStatic","persistentId":"f3dea889-0c43-4ca5-9967-a239672ba84f","__parent":"mountain_village","position":[915.4245,1350.74036,146.606613],"annotation":"BUILDINGS","isRenderEnabled":false,"rotationMatrix":[-5.96046448e-08,-0.999999821,0,0.999999821,-5.96046448e-08,0,0,0,1],"scale":[1,1,1.21036375],"shapeName":"/levels/italy/art/shapes/buildings/italy_bld_window_standalone_1.dae"}
{"class":"TSStatic","persistentId":"f478a8b4-e3e4-4c08-bf67-d3e831632285","__parent":"mountain_village","position":[1115.58984,-539.427368,147.317749],"annotation":"BUILDINGS","isRenderEnabled":false,"rotationMatrix":[-0.999999881,-8.94069672e-08,0,8.94069672e-08,-0.999999881,0,0,0,1],"shapeName":"/levels/italy/art/shapes/buildings/italy_bld_window_standalone_1.dae"}
{"class":"TSStatic","persistentId":"f49f90c2-b2e0-42b8-a2c0-507b5537f43b","__parent":"mountain_village","position":[835.380981,1262.4845,151.725677],"annotation":"BUILDINGS","isRenderEnabled":false,"rotationMatrix":[0.252796769,0.967519641,0,-0.967519641,0.252796769,0,0,0,1],"scale":[1.9567194,1.9567194,1.9567194],"shapeName":"/levels/italy/art/shapes/buildings/italy_town_filler_wall.dae"}
{"class":"TSStatic","persistentId":"f7650bc0-773c-4d63-b404-3838e17bd66c","__parent":"mountain_village","position":[-774.96698,-1359.65344,142.027786],"annotation":"BUILDINGS","isRenderEnabled":false,"rotationMatrix":[-0.474075973,0.880483568,0,-0.880483568,-0.474075973,0,0,0,1],"shapeName":"/levels/italy/art/shapes/buildings/italy_town_filler_wall.dae"}
{"class":"TSStatic","persistentId":"f78c04d9-b429-4950-b12b-bf3776a33662","__parent":"mountain_village","position":[1111.22839,-539.474487,153.177917],"annotation":"BUILDINGS","isRenderEnabled":false,"rotationMatrix":[-0.999999702,-1.34110451e-07,0,1.34110451e-07,-0.999999702,0,0,0,1],"shapeName":"/levels/italy/art/shapes/buildings/italy_bld_window_standalone_1.dae"}
{"class":"TSStatic","persistentId":"f92e85c8-a32f-4d26-9c4e-cacefba2a6e0","__parent":"mountain_village","position":[199.275543,-389.376801,195.962723],"annotation":"BUILDINGS","isRenderEnabled":false,"rotationMatrix":[-2.98023224e-08,-1,0,1,-2.98023224e-08,0,0,0,1],"scale":[0.789868176,1,1.05531001],"shapeName":"/levels/italy/art/shapes/buildings/italy_town_filler_wall.dae"}
{"class":"TSStatic","persistentId":"fc3759fe-181c-418e-a2bc-aba220f97a55","__parent":"mountain_village","position":[234.999863,-762.658325,257.589294],"annotation":"BUILDINGS","isRenderEnabled":false,"rotationMatrix":[0.979790032,0.200026885,0,-0.200026885,0.979790032,0,0,0,1],"scale":[1.16757548,1.16757548,1.16757548],"shapeName":"/levels/italy/art/shapes/buildings/italy_town_filler_wall.dae"}
{"class":"TSStatic","persistentId":"fde035e6-7ea0-47f9-9e90-91ed0d3b0f84","__parent":"mountain_village","position":[236.997375,-833.011719,245.700851],"annotation":"BUILDINGS","isRenderEnabled":false,"rotationMatrix":[-0.453274816,0.891371369,0,-0.891371369,-0.453274816,0,0,0,1],"shapeName":"/levels/italy/art/shapes/buildings/italy_town_filler_wall.dae"}
{"class":"TSStatic","persistentId":"ff5431d3-b383-4cbd-ac08-1cbf8c78151f","__parent":"mountain_village","position":[-1092.37793,737.914185,386.309448],"annotation":"BUILDINGS","isRenderEnabled":false,"rotationMatrix":[0.703423321,0.710770726,0,0,0,-0.999999762,-0.710770905,0.703423083,0],"scale":[2.33752799,2.33752799,2.33752799],"shapeName":"/levels/italy/art/shapes/buildings/italy_town_filler_wall.dae"}
{"class":"Prefab","persistentId":"03761a8c-84b8-4bee-be38-86b9fcb505d1","__parent":"mountain_village","filename":"levels/italy/art/prefabs/village_tree_pot_small.prefab"}
{"class":"Prefab","persistentId":"4ba780ba-928f-4a25-a039-43d2ce7ab98e","__parent":"mountain_village","annotation":"BUILDINGS","filename":"levels/italy/art/prefabs/town_buildings12.prefab"}
{"class":"Prefab","persistentId":"7952c0c8-9f92-4254-9a4e-ce55dbb75126","__parent":"mountain_village","annotation":"BUILDINGS","filename":"levels/italy/art/prefabs/town_buildings14.prefab"}
{"class":"Prefab","persistentId":"841b5ef7-d529-4c3a-b298-ebe0a7aed501","__parent":"mountain_village","annotation":"BUILDINGS","filename":"levels/italy/art/prefabs/town_buildings9.prefab"}
{"name":"village","class":"Prefab","persistentId":"5df229cf-280b-4cc1-b7c0-4ae749558d0a","__parent":"mountain_village","filename":"levels/italy/art/prefabs/village.prefab"}
