{"name":"garageLightPropOn_1","class":"TSStatic","persistentId":"a0997b84-b0e7-4f4e-88c6-388e1b091d60","__parent":"garageMainLightPropsOn","position":[904.748474,-545.828247,169.550598],"decalType":"None","hidden":true,"isRenderEnabled":false,"rotationMatrix":[0.125592917,0.992081881,0,-0.992081881,0.125592917,0,0,0,1],"shapeName":"/levels/west_coast_usa/art/shapes/objects/s_long_light_roof.dae","useInstanceRenderData":true}
{"name":"garageLightPropOn_2","class":"TSStatic","persistentId":"79f832f6-bfbc-4b93-8732-ebef80a68e4c","__parent":"garageMainLightPropsOn","position":[909.875549,-546.477295,169.550598],"decalType":"None","hidden":true,"isRenderEnabled":false,"rotationMatrix":[0.125592917,0.992081881,0,-0.992081881,0.125592917,0,0,0,1],"shapeName":"/levels/west_coast_usa/art/shapes/objects/s_long_light_roof.dae","useInstanceRenderData":true}
{"name":"garageLightPropOn_3","class":"TSStatic","persistentId":"a9d152f2-0cf8-4324-894c-1e44cf6b4566","__parent":"garageMainLightPropsOn","position":[914.90686,-547.114197,169.550598],"decalType":"None","hidden":true,"isRenderEnabled":false,"rotationMatrix":[0.125592917,0.992081881,0,-0.992081881,0.125592917,0,0,0,1],"shapeName":"/levels/west_coast_usa/art/shapes/objects/s_long_light_roof.dae","useInstanceRenderData":true}
{"name":"garageLightPropOn_4","class":"TSStatic","persistentId":"4d0da82f-717b-49e0-a74e-b5ee4c6beeb7","__parent":"garageMainLightPropsOn","position":[915.969055,-538.723816,169.550598],"decalType":"None","hidden":true,"isRenderEnabled":false,"rotationMatrix":[0.125592917,0.992081881,0,-0.992081881,0.125592917,0,0,0,1],"shapeName":"/levels/west_coast_usa/art/shapes/objects/s_long_light_roof.dae","useInstanceRenderData":true}
{"name":"garageLightPropOn_5","class":"TSStatic","persistentId":"11387201-e308-4537-87cc-24efa60beb66","__parent":"garageMainLightPropsOn","position":[910.937744,-538.086914,169.550598],"decalType":"None","hidden":true,"isRenderEnabled":false,"rotationMatrix":[0.125592917,0.992081881,0,-0.992081881,0.125592917,0,0,0,1],"shapeName":"/levels/west_coast_usa/art/shapes/objects/s_long_light_roof.dae","useInstanceRenderData":true}
{"name":"garageLightPropOn_6","class":"TSStatic","persistentId":"1ddf517a-d75d-4fc6-aca3-3793170eb686","__parent":"garageMainLightPropsOn","position":[905.262573,-540.534973,167.677628],"decalType":"None","hidden":true,"isRenderEnabled":false,"rotationMatrix":[-0.992082,0.125592589,0,-0.0918457061,-0.725508332,0.682057261,0.0856613442,0.676656723,0.731298745],"shapeName":"/levels/west_coast_usa/art/shapes/objects/s_long_light_hanging.dae","useInstanceRenderData":true}
