{"name":"Level_Building_Large_01","class":"SFXSpace","persistentId":"01d5808d-4f87-45a0-9b89-8cdb3ad39312","__parent":"Snapshots","position":[-461.444733,-226.790451,35.097805],"cloneOrigin":"Building_Open_1","rotationMatrix":[0.00192278647,-0.999998152,0,0.999998152,0.00192278647,0,0,0,1],"scale":[74.2796631,90.2106323,25.3945866],"soundAmbience":"Level_Building_Reverb_Large"}
{"name":"Level_Building_Large_02","class":"SFXSpace","persistentId":"193ef3d7-c342-470a-9595-a7e5132c3313","__parent":"Snapshots","position":[165.67627,-38.491291,34.4513893],"cloneOrigin":"Building_Open_4","rotationMatrix":[0.688850045,-0.724904239,0,0.72490418,0.688849986,0,0,0,1],"scale":[9.77542877,36.0695801,11.5529003],"soundAmbience":"Level_Building_Reverb_Large"}
{"name":"Level_Building_Large_03","class":"SFXSpace","persistentId":"242c959c-067f-4378-81f7-c46cbba795a9","__parent":"Snapshots","position":[-260.248444,336.262665,34.5656548],"cloneOrigin":"Building_Open_1","rotationMatrix":[-0.00182151049,-0.999998391,0,0.999998391,-0.00182151049,0,0,0,1],"scale":[20.2838669,40.232811,15.2298622],"soundAmbience":"Level_Building_Reverb_Large"}
{"name":"Level_Building_Large_04","class":"SFXSpace","persistentId":"24fcb05e-3bfa-4921-be4f-0938ac094278","__parent":"Snapshots","position":[-111.019005,-301.311279,39.1535988],"cloneOrigin":"Building_Open_3","rotationMatrix":[-0.000495672226,-0.999999881,0,0.999999881,-0.000495672226,0,0,0,1],"scale":[36.3628311,90.0859833,11.5529003],"soundAmbience":"Level_Building_Reverb_Large"}
{"name":"Level_Building_Large_05","class":"SFXSpace","persistentId":"2624efbd-4f9c-4d38-b62f-bba31868da5d","__parent":"Snapshots","position":[170.011292,-34.3224449,34.2906723],"cloneOrigin":"Building_Open_5","rotationMatrix":[0.690993488,-0.722861052,0,0.722860992,0.690993428,0,0,0,1],"scale":[9.67753887,48.3460999,11.5529003],"soundAmbience":"Level_Building_Reverb_Large"}
{"name":"Level_Building_Large_06","class":"SFXSpace","persistentId":"2f566544-7081-482e-9d2a-a9000dc07111","__parent":"Snapshots","position":[14.0591841,184.022339,35.6460228],"cloneOrigin":"Building_Open_6","rotationMatrix":[-0.00440168381,-0.999990344,0,0.999990344,-0.00440168381,0,0,0,1],"scale":[9.81659412,35.9239082,11.5529003],"soundAmbience":"Level_Building_Reverb_Large"}
{"name":"Level_Building_Large_07","class":"SFXSpace","persistentId":"75820e24-330f-4f05-b568-3e5bd2f4d237","__parent":"Snapshots","position":[-274.503754,162.443771,32.2622795],"cloneOrigin":"Building_Open_1","rotationMatrix":[-0.00182151049,-0.999998391,0,0.999998391,-0.00182151049,0,0,0,1],"scale":[20.1517296,40.0806503,19.7910099],"soundAmbience":"Level_Building_Reverb_Large"}
{"name":"Level_Building_Large_08","class":"SFXSpace","persistentId":"78f2ca8b-e24a-4e9c-88f1-ae34b17f61b9","__parent":"Snapshots","position":[-173.908615,255.52774,35.51968],"cloneOrigin":"Building_Open_1","rotationMatrix":[-0.00182151049,-0.999998391,0,0.999998391,-0.00182151049,0,0,0,1],"scale":[90.1051254,36.7499657,15.2298622],"soundAmbience":"Level_Building_Reverb_Large"}
{"name":"Level_Building_Large_09","class":"SFXSpace","persistentId":"7a4af141-ffa9-498b-8394-d2ee42585505","__parent":"Snapshots","position":[30.1446075,-61.5973816,40.5946426],"cloneOrigin":"Building_Open_1","rotationMatrix":[-0.598174989,-0.801365674,0,0.801365674,-0.598174989,0,0,0,1],"scale":[23.6682281,31.3954601,13.3130617],"soundAmbience":"Level_Building_Reverb_Large"}
{"name":"Level_Building_Large_10","class":"SFXSpace","persistentId":"86ade090-1294-4156-baf7-c084861f0aa7","__parent":"Snapshots","position":[-133.394653,190.934128,34.3611641],"cloneOrigin":"Building_Open_1","rotationMatrix":[-0.00182151049,-0.999998391,0,0.999998391,-0.00182151049,0,0,0,1],"scale":[20.1558685,40.1814537,15.2298622],"soundAmbience":"Level_Building_Reverb_Large"}
{"name":"Level_Building_Large_11","class":"SFXSpace","persistentId":"cf8186ec-32af-49fb-be53-0805e0077cd2","__parent":"Snapshots","position":[-277.047394,250.451096,33.1301231],"cloneOrigin":"Building_Open_1","rotationMatrix":[-0.00182151049,-0.999998391,0,0.999998391,-0.00182151049,0,0,0,1],"scale":[89.7703552,36.6352844,19.7910099],"soundAmbience":"Level_Building_Reverb_Large"}
{"name":"Level_Building_Large_12","class":"SFXSpace","persistentId":"e701d068-85f5-4e14-bc9d-76eace6253ac","__parent":"Snapshots","position":[29.8434639,-68.6875381,36.6514091],"cloneOrigin":"Building_Open_1","rotationMatrix":[-0.598174989,-0.801365674,0,0.801365674,-0.598174989,0,0,0,1],"scale":[35.6301346,23.7253056,14.4047394],"soundAmbience":"Level_Building_Reverb_Large"}
{"name":"Level_Building_Large_13","class":"SFXSpace","persistentId":"ed8f937b-4936-4349-a099-f8de1cfb3d26","__parent":"Snapshots","position":[-173.932587,329.579529,34.7275391],"cloneOrigin":"Building_Open_1","rotationMatrix":[-0.00182151049,-0.999998391,0,0.999998391,-0.00182151049,0,0,0,1],"scale":[40.3382416,20.1808205,15.2298622],"soundAmbience":"Level_Building_Reverb_Large"}
{"name":"Level_Building_Medium_01","class":"SFXSpace","persistentId":"2c030f07-fa3c-4da1-8427-acceace7ad78","__parent":"Snapshots","position":[-299.074982,-123.656731,35.4286575],"cloneOrigin":"Building_Open_1","rotationMatrix":[0.00192278647,-0.999998152,0,0.999998152,0.00192278647,0,0,0,1],"scale":[12.1237783,19.7969589,27.3327026],"soundAmbience":"Level_Building_Reverb_Medium"}
{"name":"Level_Building_Medium_02","class":"SFXSpace","persistentId":"0c29cbb1-42ef-4142-a079-00b3b1345c0f","__parent":"Snapshots","position":[-292.888855,-246.344971,35.7034988],"cloneOrigin":"Building_Open_1","rotationMatrix":[0.00192278647,-0.999998152,0,0.999998152,0.00192278647,0,0,0,1],"scale":[19.9528427,12.1313133,27.3327026],"soundAmbience":"Level_Building_Reverb_Medium"}
{"name":"Level_Building_Medium_03","class":"SFXSpace","persistentId":"2f049119-cdf9-4c4f-8e97-481713269a7d","__parent":"Snapshots","position":[-280.745758,-144.499054,31.0988235],"cloneOrigin":"Building_Open_1","rotationMatrix":[0.00192278647,-0.999998152,0,0.999998152,0.00192278647,0,0,0,1],"scale":[53.6985435,15.7886448,27.3327026],"soundAmbience":"Level_Building_Reverb_Medium"}
{"name":"Level_Building_Medium_04","class":"SFXSpace","persistentId":"56b9c3ef-2af2-4d3a-9796-7a1970c71bc3","__parent":"Snapshots","position":[-150.631775,78.6416931,33.1541901],"cloneOrigin":"Building_Open_8","rotationMatrix":[-0.99999553,0.00293359905,0,-0.00293359905,-0.99999553,0,0,0,1],"scale":[24.5260677,15.5420027,10.9323988],"soundAmbience":"Level_Building_Reverb_Medium"}
{"name":"Level_Building_Medium_05","class":"SFXSpace","persistentId":"7e8a4f8f-3e3f-4b2e-a7ca-e6b2eaa68c6a","__parent":"Snapshots","position":[93.821228,-391.12326,33.4870987],"cloneOrigin":"Building_Open_2","rotationMatrix":[0.361588657,-0.932337761,0,0.932337761,0.361588657,0,0,0,1],"scale":[6.37634039,30.7066002,11.5529003],"soundAmbience":"Level_Building_Reverb_Medium"}
{"name":"Level_Building_Medium_06","class":"SFXSpace","persistentId":"8384f5d7-41d9-404b-b87a-4df6c8f56f0d","__parent":"Snapshots","position":[-360.591156,-231.414032,36.6010857],"cloneOrigin":"Building_Open_1","rotationMatrix":[0.00192278647,-0.999998152,0,0.999998152,0.00192278647,0,0,0,1],"scale":[60.4322472,12.09408,25.3945866],"soundAmbience":"Level_Building_Reverb_Medium"}
{"name":"Level_Building_Medium_07","class":"SFXSpace","persistentId":"9f70125c-e932-4f30-9c15-ff7dd3673633","__parent":"Snapshots","position":[-490.795013,-97.8628845,39.4228592],"cloneOrigin":"Building_Open_1","rotationMatrix":[-0.00182151049,-0.999998391,0,0.999998391,-0.00182151049,0,0,0,1],"scale":[12.0475931,40.459549,19.7910099],"soundAmbience":"Level_Building_Reverb_Medium"}
{"name":"Level_Building_Medium_08","class":"SFXSpace","persistentId":"a25d1102-05d7-4366-b32f-dd2238b1b8b6","__parent":"Snapshots","position":[-240.64299,303.894592,32.2265244],"cloneOrigin":"Building_Open_1","rotationMatrix":[-0.00182151049,-0.999998391,0,0.999998391,-0.00182151049,0,0,0,1],"scale":[15.7921524,49.8185577,15.2298622],"soundAmbience":"Level_Building_Reverb_Medium"}
{"name":"Level_Building_Medium_09","class":"SFXSpace","persistentId":"b1aa12c3-74de-4039-8e5b-5747a2ab6697","__parent":"Snapshots","position":[-460.861542,-124.708519,39.4336777],"cloneOrigin":"Building_Open_1","rotationMatrix":[-0.00182151049,-0.999998391,0,0.999998391,-0.00182151049,0,0,0,1],"scale":[12.0475931,19.9887161,19.7910099],"soundAmbience":"Level_Building_Reverb_Medium"}
{"name":"Level_Building_Small_01","class":"SFXSpace","persistentId":"04aacaad-4e8a-4d0c-88fe-e6bff7caffa3","__parent":"Snapshots","position":[-350.784698,-48.1120529,39.2105026],"cloneOrigin":"Building_Open_1","rotationMatrix":[-0.00182151049,-0.999998391,0,0.999998391,-0.00182151049,0,0,0,1],"scale":[11.962882,40.6162148,19.7910099],"soundAmbience":"Level_Building_Reverb_Medium"}
{"name":"Level_Building_Small_02","class":"SFXSpace","persistentId":"a81d1a0f-5e7e-4c19-a3d4-0026d6e688dd","__parent":"Snapshots","position":[-80.5255127,391.680664,25.2289619],"cloneOrigin":"Building_Open_1","rotationMatrix":[0.00192278647,-0.999998152,0,0.999998152,0.00192278647,0,0,0,1],"scale":[12.1237783,20.0349827,27.3327026],"soundAmbience":"Level_Building_Reverb_Medium"}
