{"class":"TSStatic","persistentId":"056031bb-23c0-4c1f-ac1e-a560e21a6584","__parent":"pit_buildings","position":[164.63092,-33.594883,36.1143265],"annotation":"OBSTACLES","isRenderEnabled":false,"rotationMatrix":[0.727557659,0.68604672,0,-0.68604672,0.7275576,0,0,0,1],"shapeName":"/levels/industrial/art/shapes/buildings/industrial_clutters/crate_stack.DAE"}
{"class":"TSStatic","persistentId":"0c2ed95b-6659-4e71-860d-e525ceffc646","__parent":"pit_buildings","position":[167.988602,-30.3474636,36.1143265],"annotation":"OBSTACLES","isRenderEnabled":false,"rotationMatrix":[0.727557659,0.68604672,0,-0.68604672,0.7275576,0,0,0,1],"shapeName":"/levels/industrial/art/shapes/buildings/industrial_clutters/crate_stack.DAE"}
{"class":"TSStatic","persistentId":"0cb0be56-3b01-4fb7-ba82-315fa2f94093","__parent":"pit_buildings","position":[176.817703,-33.1595955,36.1229477],"annotation":"OBSTACLES","isRenderEnabled":false,"rotationMatrix":[0.637746453,-0.770246446,0,0.770246446,0.637746453,0,0,0,1],"shapeName":"/levels/industrial/art/shapes/buildings/industrial_clutters/ind_pallet_cardboard.DAE"}
{"class":"TSStatic","persistentId":"0dd7a184-ac28-4315-b135-d94786d2d9a5","__parent":"pit_buildings","position":[157.778305,-40.616581,36.1220093],"annotation":"OBSTACLES","isRenderEnabled":false,"rotationMatrix":[0.727557659,0.68604672,0,-0.68604672,0.7275576,0,0,0,1],"shapeName":"/levels/industrial/art/shapes/buildings/industrial_clutters/ind_fullgasrack.DAE"}
{"class":"TSStatic","persistentId":"13d46e35-672a-47d3-a386-37c623b38210","__parent":"pit_buildings","position":[159.950333,-49.76828,36.1215172],"annotation":"OBSTACLES","isRenderEnabled":false,"rotationMatrix":[-0.727557659,-0.68604672,0,0.68604672,-0.7275576,0,0,0,1],"shapeName":"/levels/industrial/art/shapes/buildings/industrial_clutters/ind_pallet_cans.DAE"}
{"class":"TSStatic","persistentId":"19f1a6e1-aac5-4c46-8d52-70fad0525d4a","__parent":"pit_buildings","position":[194.790878,-6.55611134,36.1234779],"annotation":"OBSTACLES","isRenderEnabled":false,"rotationMatrix":[-0.555028915,-0.831831038,0,0.831831098,-0.555028975,0,0,0,1],"shapeName":"/levels/industrial/art/shapes/buildings/industrial_clutters/road_cone.DAE"}
{"class":"TSStatic","persistentId":"1a27790d-f0f2-4763-8f7f-060e0b284880","__parent":"pit_buildings","position":[178.387665,-34.2024002,36.1198692],"annotation":"OBSTACLES","isRenderEnabled":false,"rotationMatrix":[0.727557659,0.68604672,0,-0.68604672,0.7275576,0,0,0,1],"shapeName":"/levels/industrial/art/shapes/buildings/industrial_clutters/metal_drum_old_b.DAE"}
{"class":"TSStatic","persistentId":"1ca516db-19cd-4eb1-941a-34e0010cd65d","__parent":"pit_buildings","position":[201.531906,-4.0421176,36.1198692],"annotation":"OBSTACLES","isRenderEnabled":false,"rotationMatrix":[0.916380763,-0.400307685,0,0.400307715,0.916380882,0,0,0,1],"shapeName":"/levels/industrial/art/shapes/buildings/industrial_clutters/metal_drum_old_b.DAE"}
{"class":"TSStatic","persistentId":"1d540199-2913-4a30-a4d9-a751f4a7c136","__parent":"pit_buildings","position":[168.567337,-41.4996033,36.114994],"annotation":"OBSTACLES","isRenderEnabled":false,"rotationMatrix":[-0.68604672,0.727557659,0,-0.7275576,-0.68604672,0,0,0,1],"shapeName":"/levels/industrial/art/shapes/buildings/industrial_clutters/drum_pallet.DAE"}
{"class":"TSStatic","persistentId":"20a3c6b4-bc3a-41a1-b717-4dc5a8c6e9de","__parent":"pit_buildings","position":[163.644058,-35.5659637,36.1142235],"annotation":"OBSTACLES","isRenderEnabled":false,"rotationMatrix":[0.9712376,0.238112822,0,-0.238112792,0.971237481,0,0,0,1],"shapeName":"/levels/industrial/art/shapes/buildings/industrial_clutters/ind_clutter_mix.DAE"}
{"class":"TSStatic","persistentId":"23e5a2fc-bb82-49a5-9bdd-ebe6070f6fe4","__parent":"pit_buildings","position":[165.670792,-38.5239296,36.1249008],"annotation":"BUILDINGS","isRenderEnabled":false,"rotationMatrix":[0.727557659,0.68604672,0,-0.68604672,0.7275576,0,0,0,1],"shapeName":"/levels/industrial/art/shapes/buildings/ind_pit_building.dae"}
{"class":"TSStatic","persistentId":"27e983d7-e5c7-4ecf-99ff-d5c2af293593","__parent":"pit_buildings","position":[163.907181,-44.6506615,36.1234779],"annotation":"OBSTACLES","isRenderEnabled":false,"rotationMatrix":[-0.892981827,0.450092643,0,-0.450092673,-0.892981887,0,0,0,1],"shapeName":"/levels/industrial/art/shapes/buildings/industrial_clutters/road_cone.DAE"}
{"class":"TSStatic","persistentId":"28d4f429-08b0-46a0-95f7-c2d6938061cd","__parent":"pit_buildings","position":[171.280441,-40.1044273,36.1249008],"isRenderEnabled":false,"rotationMatrix":[0.727557659,0.68604672,0,-0.68604672,0.7275576,0,0,0,1],"shapeName":"/levels/industrial/art/shapes/buildings/ind_pit_building_door_open.dae"}
{"class":"TSStatic","persistentId":"299bb97e-ba30-47b0-9063-12943551cba1","__parent":"pit_buildings","position":[152.975525,-44.5991821,36.122345],"annotation":"OBSTACLES","isRenderEnabled":false,"rotationMatrix":[0.727557659,0.68604672,0,-0.68604672,0.7275576,0,0,0,1],"shapeName":"/levels/industrial/art/shapes/buildings/industrial_clutters/pallet_stack.DAE"}
{"class":"TSStatic","persistentId":"2cdd2cfa-c018-4cda-8cdf-af09e5f3460c","__parent":"pit_buildings","position":[185.799957,-16.5921783,36.1198692],"annotation":"OBSTACLES","isRenderEnabled":false,"rotationMatrix":[0.916380763,-0.400307685,0,0.400307715,0.916380882,0,0,0,1],"shapeName":"/levels/industrial/art/shapes/buildings/industrial_clutters/metal_drum_old_b.DAE"}
{"class":"TSStatic","persistentId":"2d0a7000-5734-4393-915a-7340e9dc0125","__parent":"pit_buildings","position":[186.393097,-24.527565,36.1137619],"annotation":"OBSTACLES","isRenderEnabled":false,"rotationMatrix":[-0.68604672,0.727557659,0,-0.7275576,-0.68604672,0,0,0,1],"shapeName":"/levels/industrial/art/shapes/buildings/industrial_clutters/ind_pallet_cardboard.DAE"}
{"class":"TSStatic","persistentId":"2f30cec5-6d69-4c1e-86a4-29c5f4a52f7c","__parent":"pit_buildings","position":[180.618561,-28.7023811,36.1144676],"annotation":"OBSTACLES","isRenderEnabled":false,"rotationMatrix":[0.727557659,0.68604672,0,-0.68604672,0.7275576,0,0,0,1],"shapeName":"/levels/industrial/art/shapes/buildings/industrial_clutters/metal_drum_a.DAE"}
{"class":"TSStatic","persistentId":"30a27a91-2c41-44e0-9d15-26e753f101cd","__parent":"pit_buildings","position":[169.886032,-28.6767197,36.122345],"annotation":"OBSTACLES","isRenderEnabled":false,"rotationMatrix":[0.727557659,0.68604672,0,-0.68604672,0.7275576,0,0,0,1],"shapeName":"/levels/industrial/art/shapes/buildings/industrial_clutters/pallet_stack.DAE"}
{"class":"TSStatic","persistentId":"363c75b0-57f4-4e0b-8cb5-6cc01167f6b3","__parent":"pit_buildings","position":[164.667679,-45.5641098,36.1234779],"annotation":"OBSTACLES","isRenderEnabled":false,"rotationMatrix":[0.727557659,0.68604672,0,-0.68604672,0.7275576,0,0,0,1],"shapeName":"/levels/industrial/art/shapes/buildings/industrial_clutters/road_cone.DAE"}
{"class":"TSStatic","persistentId":"38ce265e-5248-4a81-95e6-e00d63ac0fa9","__parent":"pit_buildings","position":[195.789764,-5.91196251,36.1234779],"annotation":"OBSTACLES","isRenderEnabled":false,"rotationMatrix":[-0.592784762,0.805360913,0,-0.805360973,-0.592784762,0,0,0,1],"shapeName":"/levels/industrial/art/shapes/buildings/industrial_clutters/road_cone.DAE"}
{"class":"TSStatic","persistentId":"3efb02e3-0ed9-4490-a1e0-742fdc776456","__parent":"pit_buildings","position":[199.308182,-18.6032639,36.1144676],"annotation":"OBSTACLES","isRenderEnabled":false,"rotationMatrix":[0.727557659,0.68604672,0,-0.68604672,0.7275576,0,0,0,1],"shapeName":"/levels/industrial/art/shapes/buildings/industrial_clutters/metal_drum_a.DAE"}
{"class":"TSStatic","persistentId":"404e0f22-2a3d-48ba-a5f5-2912b0ba7544","__parent":"pit_buildings","position":[191.426483,-9.99307632,36.1267052],"isRenderEnabled":false,"rotationMatrix":[0.727557659,0.68604672,0,-0.68604672,0.7275576,0,0,0,1],"shapeName":"/levels/industrial/art/shapes/buildings/industrial_clutters/wood_crate_a.DAE"}
{"class":"TSStatic","persistentId":"453d7413-e5bb-4ead-aa14-909585e5958b","__parent":"pit_buildings","position":[160.488144,-40.4810104,36.1229477],"annotation":"OBSTACLES","isRenderEnabled":false,"rotationMatrix":[0.727557659,0.68604672,0,-0.68604672,0.7275576,0,0,0,1],"shapeName":"/levels/industrial/art/shapes/buildings/industrial_clutters/ind_pallet_cardboard.DAE"}
{"class":"TSStatic","persistentId":"476bbf83-fe40-4bd5-8450-31d80ad0f9af","__parent":"pit_buildings","position":[171.19809,-36.5199585,36.11689],"annotation":"OBSTACLES","isRenderEnabled":false,"rotationMatrix":[0.727557659,0.68604672,0,-0.68604672,0.7275576,0,0,0,1],"shapeName":"/levels/industrial/art/shapes/buildings/industrial_clutters/metal_drum_a.DAE"}
{"class":"TSStatic","persistentId":"4c8a980e-270e-45fa-a5c5-038b77dff5f6","__parent":"pit_buildings","position":[174.918106,-25.1851768,36.114399],"isRenderEnabled":false,"rotationMatrix":[0.727557659,0.68604672,0,-0.68604672,0.7275576,0,0,0,1],"shapeName":"/levels/industrial/art/shapes/buildings/industrial_clutters/wood_crate_a.DAE"}
{"class":"TSStatic","persistentId":"4d455b71-01a4-4769-9957-cff21505c245","__parent":"pit_buildings","position":[182.138672,-28.3537292,36.1215172],"annotation":"OBSTACLES","isRenderEnabled":false,"rotationMatrix":[-0.68604672,0.727557659,0,-0.7275576,-0.68604672,0,0,0,1],"shapeName":"/levels/industrial/art/shapes/buildings/industrial_clutters/ind_pallet_cans.DAE"}
{"class":"TSStatic","persistentId":"5247d970-60bf-42e1-8cad-bb122514652f","__parent":"pit_buildings","position":[166.919449,-44.2179718,36.1249008],"isRenderEnabled":false,"rotationMatrix":[0.727557659,0.68604672,0,-0.68604672,0.7275576,0,0,0,1],"shapeName":"/levels/industrial/art/shapes/buildings/ind_pit_building_door_open.dae"}
{"class":"TSStatic","persistentId":"54ef2018-c030-4a5c-b522-b596b3812c4b","__parent":"pit_buildings","position":[181.196259,-29.4194832,36.1215172],"annotation":"OBSTACLES","isRenderEnabled":false,"rotationMatrix":[-0.68604672,0.727557659,0,-0.7275576,-0.68604672,0,0,0,1],"shapeName":"/levels/industrial/art/shapes/buildings/industrial_clutters/ind_pallet_cans.DAE"}
{"class":"TSStatic","persistentId":"55228c77-845f-4739-b7b0-4ed2ec581745","__parent":"pit_buildings","position":[162.431931,-48.4500809,36.1249008],"isRenderEnabled":false,"rotationMatrix":[0.727557659,0.68604672,0,-0.68604672,0.7275576,0,0,0,1],"shapeName":"/levels/industrial/art/shapes/buildings/ind_pit_building_door_closed.dae"}
{"class":"TSStatic","persistentId":"5955b166-8d23-401b-b36d-ba0163df0d8e","__parent":"pit_buildings","position":[159.585098,-39.5664558,36.1220093],"annotation":"OBSTACLES","isRenderEnabled":false,"rotationMatrix":[0.727557659,0.68604672,0,-0.68604672,0.7275576,0,0,0,1],"shapeName":"/levels/industrial/art/shapes/buildings/industrial_clutters/ind_fullgasrack.DAE"}
{"class":"TSStatic","persistentId":"59e8c4fe-6645-471d-b7c5-9b6459e92593","__parent":"pit_buildings","position":[181.561096,-27.6366196,36.1144676],"annotation":"OBSTACLES","isRenderEnabled":false,"rotationMatrix":[0.727557659,0.68604672,0,-0.68604672,0.7275576,0,0,0,1],"shapeName":"/levels/industrial/art/shapes/buildings/industrial_clutters/metal_drum_a.DAE"}
{"class":"TSStatic","persistentId":"5aa7d0f1-296e-4813-a271-5bb5c254b8eb","__parent":"pit_buildings","position":[172.1595,-37.621891,36.1239395],"annotation":"OBSTACLES","isRenderEnabled":false,"rotationMatrix":[-0.68604672,0.727557659,0,-0.7275576,-0.68604672,0,0,0,1],"shapeName":"/levels/industrial/art/shapes/buildings/industrial_clutters/ind_pallet_cans.DAE"}
{"class":"TSStatic","persistentId":"5b45ef9a-a379-4bef-b9c4-179a16b255a4","__parent":"pit_buildings","position":[183.368195,-21.8362617,36.1248512],"annotation":"BUILDINGS","isRenderEnabled":false,"rotationMatrix":[0.727557659,0.68604672,0,-0.68604672,0.7275576,0,0,0,1],"shapeName":"/levels/industrial/art/shapes/buildings/ind_pit_building.dae"}
{"class":"TSStatic","persistentId":"5c5bf58f-9b79-45c3-87ba-6d718410f913","__parent":"pit_buildings","position":[200.995056,-15.5059423,36.1234779],"annotation":"OBSTACLES","isRenderEnabled":false,"rotationMatrix":[-0.592784762,0.805360913,0,-0.805360973,-0.592784762,0,0,0,1],"shapeName":"/levels/industrial/art/shapes/buildings/industrial_clutters/road_cone.DAE"}
{"class":"TSStatic","persistentId":"5caaa9f9-ff73-4dcc-9cb7-4c42c382a8e2","__parent":"pit_buildings","position":[175.585648,-23.8440876,36.1220093],"annotation":"OBSTACLES","isRenderEnabled":false,"rotationMatrix":[0.727557659,0.68604672,0,-0.68604672,0.7275576,0,0,0,1],"shapeName":"/levels/industrial/art/shapes/buildings/industrial_clutters/ind_fullgasrack.DAE"}
{"class":"TSStatic","persistentId":"5d90603f-2b58-4dff-82ea-c0afd39a7174","__parent":"pit_buildings","position":[163.374207,-44.0853958,36.290699],"annotation":"OBSTACLES","isRenderEnabled":false,"rotationMatrix":[0.727557123,0.686047137,1.83230412e-07,0.177561313,-0.188305095,0.965926051,0.662670851,-0.702766299,-0.25881815],"shapeName":"/levels/industrial/art/shapes/buildings/industrial_clutters/road_cone.DAE"}
{"class":"TSStatic","persistentId":"5ebcf19d-0d0c-4807-9109-9daeed900447","__parent":"pit_buildings","position":[167.931564,-40.7155533,36.1020737],"isRenderEnabled":false,"rotationMatrix":[-0.727557659,-0.68604672,0,0.68604672,-0.7275576,0,0,0,1],"shapeName":"/levels/industrial/art/shapes/buildings/industrial_clutters/ind_cardboards.DAE"}
{"class":"TSStatic","persistentId":"5fe5c619-f089-405d-ac40-4c4034affe22","__parent":"pit_buildings","position":[152.567078,-50.2425537,36.1277313],"annotation":"OBSTACLES","isRenderEnabled":false,"rotationMatrix":[0.916380763,-0.400307685,0,0.400307715,0.916380882,0,0,0,1],"shapeName":"/levels/industrial/art/shapes/buildings/industrial_clutters/metal_drum_old_a.DAE"}
{"class":"TSStatic","persistentId":"604b81a0-7730-4756-a135-4a2bcde29e4a","__parent":"pit_buildings","position":[188.975204,-23.4212112,36.1249008],"isRenderEnabled":false,"rotationMatrix":[0.727557659,0.68604672,0,-0.68604672,0.7275576,0,0,0,1],"shapeName":"/levels/industrial/art/shapes/buildings/ind_pit_building_door_closed.dae"}
{"class":"TSStatic","persistentId":"645bcfce-8fbc-434c-9ad7-1d3cf72121ec","__parent":"pit_buildings","position":[201.009232,-3.66893721,36.1277313],"annotation":"OBSTACLES","isRenderEnabled":false,"rotationMatrix":[0.916380763,-0.400307685,0,0.400307715,0.916380882,0,0,0,1],"shapeName":"/levels/industrial/art/shapes/buildings/industrial_clutters/metal_drum_old_a.DAE"}
{"class":"TSStatic","persistentId":"66618db9-6ab8-49e0-b165-db38a0707ec2","__parent":"pit_buildings","position":[177.839508,-34.536747,36.1277313],"annotation":"OBSTACLES","isRenderEnabled":false,"rotationMatrix":[0.727557659,0.68604672,0,-0.68604672,0.7275576,0,0,0,1],"shapeName":"/levels/industrial/art/shapes/buildings/industrial_clutters/metal_drum_old_a.DAE"}
{"class":"TSStatic","persistentId":"70f3f21c-2cee-4673-af1b-e1781e8b671b","__parent":"pit_buildings","position":[184.622391,-27.5255966,36.1249008],"isRenderEnabled":false,"rotationMatrix":[0.727557659,0.68604672,0,-0.68604672,0.7275576,0,0,0,1],"shapeName":"/levels/industrial/art/shapes/buildings/ind_pit_building_door_closed.dae"}
{"class":"TSStatic","persistentId":"720d72b3-1617-49f8-b079-480348822262","__parent":"pit_buildings","position":[187.323578,-18.3117657,36.1239395],"annotation":"OBSTACLES","isRenderEnabled":false,"rotationMatrix":[-0.68604672,0.727557659,0,-0.7275576,-0.68604672,0,0,0,1],"shapeName":"/levels/industrial/art/shapes/buildings/industrial_clutters/ind_pallet_cans.DAE"}
{"class":"TSStatic","persistentId":"72b46c7e-e184-4ba2-857a-d743a178e272","__parent":"pit_buildings","position":[190.531906,-10.886364,36.1214027],"annotation":"OBSTACLES","isRenderEnabled":false,"rotationMatrix":[0.727557659,0.68604672,0,-0.68604672,0.7275576,0,0,0,1],"shapeName":"/levels/industrial/art/shapes/buildings/industrial_clutters/crate_stack.DAE"}
{"class":"TSStatic","persistentId":"73cba115-c112-4581-8253-ea1e28e93422","__parent":"pit_buildings","position":[180.124374,-31.7665443,36.1249008],"isRenderEnabled":false,"rotationMatrix":[0.727557659,0.68604672,0,-0.68604672,0.7275576,0,0,0,1],"shapeName":"/levels/industrial/art/shapes/buildings/ind_pit_building_door_open.dae"}
{"class":"TSStatic","persistentId":"7960513d-ce5d-4de9-8fc2-0ad958ed5822","__parent":"pit_buildings","position":[174.262421,-24.4934673,36.1090965],"annotation":"OBSTACLES","isRenderEnabled":false,"rotationMatrix":[0.727557659,0.68604672,0,-0.68604672,0.7275576,0,0,0,1],"shapeName":"/levels/industrial/art/shapes/buildings/industrial_clutters/crate_stack.DAE"}
{"class":"TSStatic","persistentId":"7ba0df2e-e855-4b45-996c-3c9c03f2beee","__parent":"pit_buildings","position":[158.681396,-41.5311852,36.1229477],"annotation":"OBSTACLES","isRenderEnabled":false,"rotationMatrix":[0.727557659,0.68604672,0,-0.68604672,0.7275576,0,0,0,1],"shapeName":"/levels/industrial/art/shapes/buildings/industrial_clutters/ind_pallet_cardboard.DAE"}
{"class":"TSStatic","persistentId":"83f490f9-3e08-41a3-9ec2-18e076c299a0","__parent":"pit_buildings","position":[164.076477,-45.0293808,36.1234779],"annotation":"OBSTACLES","isRenderEnabled":false,"rotationMatrix":[0.967296898,0.253646761,0,-0.253646761,0.967296898,0,0,0,1],"shapeName":"/levels/industrial/art/shapes/buildings/industrial_clutters/road_cone.DAE"}
{"class":"TSStatic","persistentId":"84c619d6-cdf3-4a83-be0e-6e8da7954341","__parent":"pit_buildings","position":[174.519623,-30.18013,36.1248512],"annotation":"BUILDINGS","isRenderEnabled":false,"rotationMatrix":[0.727557659,0.68604672,0,-0.68604672,0.7275576,0,0,0,1],"shapeName":"/levels/industrial/art/shapes/buildings/ind_pit_building.dae"}
{"class":"TSStatic","persistentId":"89cf3701-5f20-4ed2-b4d1-342ebb0cb555","__parent":"pit_buildings","position":[186.362274,-17.2098522,36.11689],"annotation":"OBSTACLES","isRenderEnabled":false,"rotationMatrix":[0.727557659,0.68604672,0,-0.68604672,0.7275576,0,0,0,1],"shapeName":"/levels/industrial/art/shapes/buildings/industrial_clutters/metal_drum_a.DAE"}
{"class":"TSStatic","persistentId":"9097fd95-b350-44da-b81b-f13a07cd7840","__parent":"pit_buildings","position":[165.525436,-32.701622,36.1196289],"isRenderEnabled":false,"rotationMatrix":[0.727557659,0.68604672,0,-0.68604672,0.7275576,0,0,0,1],"shapeName":"/levels/industrial/art/shapes/buildings/industrial_clutters/wood_crate_a.DAE"}
{"class":"TSStatic","persistentId":"98e858f2-6f0d-49b8-8122-aecf51612552","__parent":"pit_buildings","position":[183.092697,-16.2673264,36.122345],"annotation":"OBSTACLES","isRenderEnabled":false,"rotationMatrix":[0.727557659,0.68604672,0,-0.68604672,0.7275576,0,0,0,1],"shapeName":"/levels/industrial/art/shapes/buildings/industrial_clutters/pallet_stack.DAE"}
{"class":"TSStatic","persistentId":"9b2c7efc-d935-439d-9771-e937a3c6089c","__parent":"pit_buildings","position":[151.972412,-45.3766708,36.1196289],"isRenderEnabled":false,"rotationMatrix":[0.727557659,0.68604672,0,-0.68604672,0.7275576,0,0,0,1],"shapeName":"/levels/industrial/art/shapes/buildings/industrial_clutters/wood_crate_a.DAE"}
{"class":"TSStatic","persistentId":"9ca567f6-be56-4810-ac42-45125c69d369","__parent":"pit_buildings","position":[168.388763,-31.1348629,36.122345],"annotation":"OBSTACLES","isRenderEnabled":false,"rotationMatrix":[0.727557659,0.68604672,0,-0.68604672,0.7275576,0,0,0,1],"shapeName":"/levels/industrial/art/shapes/buildings/industrial_clutters/pallet_stack.DAE"}
{"class":"TSStatic","persistentId":"a0d0f53c-d196-4c9a-ba25-56ca1238e5fd","__parent":"pit_buildings","position":[203.010712,-10.3503475,36.1229477],"annotation":"OBSTACLES","isRenderEnabled":false,"rotationMatrix":[-0.727557719,-0.686046541,0,0.686046541,-0.727557719,0,0,0,1],"shapeName":"/levels/industrial/art/shapes/buildings/industrial_clutters/ind_pallet_cardboard.DAE"}
{"class":"TSStatic","persistentId":"a640140b-32ba-4719-ba17-162e6315958a","__parent":"pit_buildings","position":[199.885757,-19.3203735,36.1215172],"annotation":"OBSTACLES","isRenderEnabled":false,"rotationMatrix":[-0.68604672,0.727557659,0,-0.7275576,-0.68604672,0,0,0,1],"shapeName":"/levels/industrial/art/shapes/buildings/industrial_clutters/ind_pallet_cans.DAE"}
{"class":"TSStatic","persistentId":"a71cb0b3-92a0-4c67-b23d-5fd0113102db","__parent":"pit_buildings","position":[203.829056,-11.1750298,36.1220093],"annotation":"OBSTACLES","isRenderEnabled":false,"rotationMatrix":[-0.727557719,-0.686046541,0,0.686046541,-0.727557719,0,0,0,1],"shapeName":"/levels/industrial/art/shapes/buildings/industrial_clutters/ind_fullgasrack.DAE"}
{"class":"TSStatic","persistentId":"ad69ecaf-5248-491d-9f60-a2b848eee93c","__parent":"pit_buildings","position":[192.429581,-9.21559906,36.1294212],"annotation":"OBSTACLES","isRenderEnabled":false,"rotationMatrix":[0.727557659,0.68604672,0,-0.68604672,0.7275576,0,0,0,1],"shapeName":"/levels/industrial/art/shapes/buildings/industrial_clutters/pallet_stack.DAE"}
{"class":"TSStatic","persistentId":"ad98c114-f4ff-47c6-a890-8ec047209e2c","__parent":"pit_buildings","position":[195.187271,-6.43399811,36.1234779],"annotation":"OBSTACLES","isRenderEnabled":false,"rotationMatrix":[-0.134510443,0.990912199,0,-0.990912199,-0.134510443,0,0,0,1],"shapeName":"/levels/industrial/art/shapes/buildings/industrial_clutters/road_cone.DAE"}
{"class":"TSStatic","persistentId":"b25f69e2-223e-44b7-a732-870f77994b17","__parent":"pit_buildings","position":[181.195023,-17.9380913,36.1143265],"annotation":"OBSTACLES","isRenderEnabled":false,"rotationMatrix":[0.727557659,0.68604672,0,-0.68604672,0.7275576,0,0,0,1],"shapeName":"/levels/industrial/art/shapes/buildings/industrial_clutters/crate_stack.DAE"}
{"class":"TSStatic","persistentId":"b7cebe5e-17c1-4e65-a96c-6ea7110c01a6","__parent":"pit_buildings","position":[177.470673,-32.5062866,36.1229477],"annotation":"OBSTACLES","isRenderEnabled":false,"rotationMatrix":[-0.68604672,0.727557659,0,-0.7275576,-0.68604672,0,0,0,1],"shapeName":"/levels/industrial/art/shapes/buildings/industrial_clutters/ind_pallet_cardboard.DAE"}
{"class":"TSStatic","persistentId":"bccc201d-1483-4952-be58-9d8349a9002a","__parent":"pit_buildings","position":[156.822113,-46.8678131,36.1248512],"annotation":"BUILDINGS","isRenderEnabled":false,"rotationMatrix":[0.727557659,0.68604672,0,-0.68604672,0.7275576,0,0,0,1],"shapeName":"/levels/industrial/art/shapes/buildings/ind_pit_building.dae"}
{"class":"TSStatic","persistentId":"be6d8678-9411-47b2-a496-618262d7e6a2","__parent":"pit_buildings","position":[151.07785,-46.2699432,36.1143265],"annotation":"OBSTACLES","isRenderEnabled":false,"rotationMatrix":[0.727557659,0.68604672,0,-0.68604672,0.7275576,0,0,0,1],"shapeName":"/levels/industrial/art/shapes/buildings/industrial_clutters/crate_stack.DAE"}
{"class":"TSStatic","persistentId":"bf00ff79-72fe-4edf-9bd2-825ccc1715e8","__parent":"pit_buildings","position":[189.598801,-18.6032791,36.1229477],"annotation":"OBSTACLES","isRenderEnabled":false,"rotationMatrix":[0.727557659,0.68604672,0,-0.68604672,0.7275576,0,0,0,1],"shapeName":"/levels/industrial/art/shapes/buildings/industrial_clutters/ind_pallet_cardboard.DAE"}
{"class":"TSStatic","persistentId":"c2406519-01ec-4aeb-8faf-1c4f7d648ecf","__parent":"pit_buildings","position":[170.113297,-35.5291252,36.1277313],"annotation":"OBSTACLES","isRenderEnabled":false,"rotationMatrix":[0.916380763,-0.400307685,0,0.400307715,0.916380882,0,0,0,1],"shapeName":"/levels/industrial/art/shapes/buildings/industrial_clutters/metal_drum_old_a.DAE"}
{"class":"TSStatic","persistentId":"c6021080-7311-48b1-94e1-fa77a86cbc77","__parent":"pit_buildings","position":[158.067139,-52.5652084,36.1249008],"isRenderEnabled":false,"rotationMatrix":[0.727557659,0.68604672,0,-0.68604672,0.7275576,0,0,0,1],"shapeName":"/levels/industrial/art/shapes/buildings/ind_pit_building_door_open.dae"}
{"class":"TSStatic","persistentId":"c9590498-944a-4ffc-acd4-f196e44f8f9c","__parent":"pit_buildings","position":[188.695755,-17.6886902,36.1220093],"annotation":"OBSTACLES","isRenderEnabled":false,"rotationMatrix":[0.727557659,0.68604672,0,-0.68604672,0.7275576,0,0,0,1],"shapeName":"/levels/industrial/art/shapes/buildings/industrial_clutters/ind_fullgasrack.DAE"}
{"class":"TSStatic","persistentId":"cc029d81-44ac-4d2a-bc86-ffd15677b8e1","__parent":"pit_buildings","position":[163.581192,-46.3956223,36.1144676],"annotation":"OBSTACLES","isRenderEnabled":false,"rotationMatrix":[0.727557659,0.68604672,0,-0.68604672,0.7275576,0,0,0,1],"shapeName":"/levels/industrial/art/shapes/buildings/industrial_clutters/metal_drum_a.DAE"}
{"class":"TSStatic","persistentId":"d01d5590-ba4a-41c1-b592-52569fe9f6af","__parent":"pit_buildings","position":[166.528748,-31.9241371,36.122345],"annotation":"OBSTACLES","isRenderEnabled":false,"rotationMatrix":[0.727557659,0.68604672,0,-0.68604672,0.7275576,0,0,0,1],"shapeName":"/levels/industrial/art/shapes/buildings/industrial_clutters/pallet_stack.DAE"}
{"class":"TSStatic","persistentId":"d17d2430-23b2-428d-b800-abef9eff1d5f","__parent":"pit_buildings","position":[159.376892,-49.1081238,36.1229477],"annotation":"OBSTACLES","isRenderEnabled":false,"rotationMatrix":[0.727557659,0.68604672,0,-0.68604672,0.7275576,0,0,0,1],"shapeName":"/levels/industrial/art/shapes/buildings/industrial_clutters/ind_pallet_cardboard.DAE"}
{"class":"TSStatic","persistentId":"d7c71f96-cc09-4147-8ad1-1961bb706c3b","__parent":"pit_buildings","position":[175.76297,-35.8784294,36.1249008],"isRenderEnabled":false,"rotationMatrix":[0.727557659,0.68604672,0,-0.68604672,0.7275576,0,0,0,1],"shapeName":"/levels/industrial/art/shapes/buildings/ind_pit_building_door_closed.dae"}
{"class":"TSStatic","persistentId":"d7e6e385-ebf7-40d4-b971-fff4d25c0666","__parent":"pit_buildings","position":[176.488571,-24.7586594,36.1229477],"annotation":"OBSTACLES","isRenderEnabled":false,"rotationMatrix":[0.727557659,0.68604672,0,-0.68604672,0.7275576,0,0,0,1],"shapeName":"/levels/industrial/art/shapes/buildings/industrial_clutters/ind_pallet_cardboard.DAE"}
{"class":"TSStatic","persistentId":"dcfdbfbc-d007-4a37-80fa-20d291813f21","__parent":"pit_buildings","position":[195.399216,-6.05083275,36.1234779],"annotation":"OBSTACLES","isRenderEnabled":false,"rotationMatrix":[-0.997980773,0.0635175556,0,-0.0635175556,-0.997980833,0,0,0,1],"shapeName":"/levels/industrial/art/shapes/buildings/industrial_clutters/road_cone.DAE"}
{"class":"TSStatic","persistentId":"e13dcc40-845a-4a6f-bcdd-e627912e4598","__parent":"pit_buildings","position":[185.277283,-16.218998,36.1277313],"annotation":"OBSTACLES","isRenderEnabled":false,"rotationMatrix":[0.916380763,-0.400307685,0,0.400307715,0.916380882,0,0,0,1],"shapeName":"/levels/industrial/art/shapes/buildings/industrial_clutters/metal_drum_old_a.DAE"}
{"class":"TSStatic","persistentId":"e965c7fa-a55a-49ad-9841-5ebda3fe9ae8","__parent":"pit_buildings","position":[154.61322,-52.33535,36.1239395],"annotation":"OBSTACLES","isRenderEnabled":false,"rotationMatrix":[-0.68604672,0.727557659,0,-0.7275576,-0.68604672,0,0,0,1],"shapeName":"/levels/industrial/art/shapes/buildings/industrial_clutters/ind_pallet_cans.DAE"}
{"class":"TSStatic","persistentId":"e995c822-ac72-4b6b-9bd1-1a48993c4618","__parent":"pit_buildings","position":[172.889771,-36.1919403,36.1198807],"annotation":"OBSTACLES","isRenderEnabled":false,"rotationMatrix":[0.727557659,0.68604672,0,-0.68604672,0.7275576,0,0,0,1],"shapeName":"/levels/industrial/art/shapes/buildings/industrial_clutters/drum_pallet.DAE"}
{"class":"TSStatic","persistentId":"eb655363-07d7-46a4-874c-203c0b37fad3","__parent":"pit_buildings","position":[177.881409,-23.3791962,36.1229477],"annotation":"OBSTACLES","isRenderEnabled":false,"rotationMatrix":[0.727557659,0.68604672,0,-0.68604672,0.7275576,0,0,0,1],"shapeName":"/levels/industrial/art/shapes/buildings/industrial_clutters/ind_pallet_cardboard.DAE"}
{"class":"TSStatic","persistentId":"ec54313b-1281-41fb-9326-ad2ddc926726","__parent":"pit_buildings","position":[194.165176,-7.0166235,36.290699],"annotation":"OBSTACLES","isRenderEnabled":false,"rotationMatrix":[-0.592785418,0.805360496,1.98604539e-07,0.208442256,0.153423637,0.965925992,0.777918637,0.572586894,-0.258818448],"shapeName":"/levels/industrial/art/shapes/buildings/industrial_clutters/road_cone.DAE"}
{"class":"TSStatic","persistentId":"ec95d411-092d-416f-b743-f4edd1503e42","__parent":"pit_buildings","position":[170.635986,-35.9023094,36.1198692],"annotation":"OBSTACLES","isRenderEnabled":false,"rotationMatrix":[0.916380763,-0.400307685,0,0.400307715,0.916380882,0,0,0,1],"shapeName":"/levels/industrial/art/shapes/buildings/industrial_clutters/metal_drum_old_b.DAE"}
{"class":"TSStatic","persistentId":"ef76e6e4-d11f-44bc-8c56-e83579bd18b4","__parent":"pit_buildings","position":[202.094223,-4.65979147,36.11689],"annotation":"OBSTACLES","isRenderEnabled":false,"rotationMatrix":[0.727557659,0.68604672,0,-0.68604672,0.7275576,0,0,0,1],"shapeName":"/levels/industrial/art/shapes/buildings/industrial_clutters/metal_drum_a.DAE"}
{"class":"TSStatic","persistentId":"f25a22aa-66a8-4475-897f-f240b245b963","__parent":"pit_buildings","position":[182.0896,-17.0448036,36.1196289],"isRenderEnabled":false,"rotationMatrix":[0.727557659,0.68604672,0,-0.68604672,0.7275576,0,0,0,1],"shapeName":"/levels/industrial/art/shapes/buildings/industrial_clutters/wood_crate_a.DAE"}
{"class":"TSStatic","persistentId":"f2d303f6-c6d4-4393-aea2-6e3d3e6783a5","__parent":"pit_buildings","position":[153.0896,-50.6157303,36.1198692],"annotation":"OBSTACLES","isRenderEnabled":false,"rotationMatrix":[0.916380763,-0.400307685,0,0.400307715,0.916380882,0,0,0,1],"shapeName":"/levels/industrial/art/shapes/buildings/industrial_clutters/metal_drum_old_b.DAE"}
{"class":"TSStatic","persistentId":"f3d0ab4e-cc80-4a7e-aba3-1026bc977fcb","__parent":"pit_buildings","position":[176.978363,-22.4646072,36.1220093],"annotation":"OBSTACLES","isRenderEnabled":false,"rotationMatrix":[0.727557659,0.68604672,0,-0.68604672,0.7275576,0,0,0,1],"shapeName":"/levels/industrial/art/shapes/buildings/industrial_clutters/ind_fullgasrack.DAE"}
{"class":"TSStatic","persistentId":"f862ab47-4c55-4728-b019-c5709d1729a7","__parent":"pit_buildings","position":[153.651825,-51.233429,36.11689],"annotation":"OBSTACLES","isRenderEnabled":false,"rotationMatrix":[0.727557659,0.68604672,0,-0.68604672,0.7275576,0,0,0,1],"shapeName":"/levels/industrial/art/shapes/buildings/industrial_clutters/metal_drum_a.DAE"}
{"class":"TSStatic","persistentId":"f93ade60-1faf-45c4-b5cc-22125b31f521","__parent":"pit_buildings","position":[168.88324,-29.4542007,36.1196289],"isRenderEnabled":false,"rotationMatrix":[0.727557659,0.68604672,0,-0.68604672,0.7275576,0,0,0,1],"shapeName":"/levels/industrial/art/shapes/buildings/industrial_clutters/wood_crate_a.DAE"}
{"class":"TSStatic","persistentId":"fdc4d820-4d88-44c4-9fd5-315571702934","__parent":"pit_buildings","position":[164.482513,-45.1932907,36.1234779],"annotation":"OBSTACLES","isRenderEnabled":false,"rotationMatrix":[-0.0579362549,0.998320282,0,-0.998320282,-0.0579362586,0,0,0,1],"shapeName":"/levels/industrial/art/shapes/buildings/industrial_clutters/road_cone.DAE"}
