{"name":"Whoosh_Bridge_1","class":"SFXEmitter","persistentId":"48bad149-eabf-4844-a2ae-b78165e236c4","__parent":"Whooshes","position":[562.743469,1190.38513,163.224289],"cloneOrigin":"Animal_Frog_Single1","fadeInTime":0,"fadeOutTime":0,"isLooping":false,"locked":true,"maxDistance":21,"rangeSphereColor":[0.266667008,1,0,0.300000012],"referenceDistance":4,"rotationMatrix":[1,0,0,0,0.999999762,-0.000690533896,0,0.000690533896,0.999999762],"scale":[21,21,21]}
{"name":"Whoosh_Bridge_2","class":"SFXEmitter","persistentId":"f2c1fbc6-1543-4076-9bb6-1e86b18cea2e","__parent":"Whooshes","position":[558.136658,1171.79871,163.449921],"cloneOrigin":"Animal_Frog_Single1","fadeInTime":0,"fadeOutTime":0,"isLooping":false,"locked":true,"maxDistance":21,"rangeSphereColor":[0.266667008,1,0,0.300000012],"referenceDistance":4,"rotationMatrix":[1,0,0,0,0.999999762,-0.000690533896,0,0.000690533896,0.999999762],"scale":[21,21,21]}
{"name":"Whoosh_Bridge_3","class":"SFXEmitter","persistentId":"e5c7db18-13d7-4ba9-9ca9-c9ef1fe99645","__parent":"Whooshes","position":[566.885437,1209.24451,164.191666],"cloneOrigin":"Animal_Frog_Single1","fadeInTime":0,"fadeOutTime":0,"isLooping":false,"locked":true,"maxDistance":21,"rangeSphereColor":[0.266667008,1,0,0.300000012],"referenceDistance":4,"rotationMatrix":[1,0,0,0,0.999999762,-0.000690533896,0,0.000690533896,0.999999762],"scale":[21,21,21]}
{"name":"Whoosh_Sign_1","class":"SFXEmitter","persistentId":"f16696fb-9138-4d52-9723-e6dff416e18c","__parent":"Whooshes","position":[-941.876221,1420.59521,163.615387],"cloneOrigin":"Animal_Frog_Single1","fadeInTime":0,"fadeOutTime":0,"isLooping":false,"locked":true,"maxDistance":21,"rangeSphereColor":[0.266667008,1,0,0.300000012],"referenceDistance":4,"rotationMatrix":[1,0,0,0,0.999999762,-0.000690533896,0,0.000690533896,0.999999762],"scale":[21,21,21]}
{"name":"Whoosh_Sign_10","class":"SFXEmitter","persistentId":"fa967617-ff2c-4507-bae5-55dc24dc65c0","__parent":"Whooshes","position":[1477.82751,-243.475937,146.620026],"cloneOrigin":"Animal_Frog_Single1","fadeInTime":0,"fadeOutTime":0,"isLooping":false,"locked":true,"maxDistance":21,"rangeSphereColor":[0.266667008,1,0,0.300000012],"referenceDistance":4,"rotationMatrix":[1,0,0,0,0.999999762,-0.000690533896,0,0.000690533896,0.999999762],"scale":[21,21,21]}
{"name":"Whoosh_Sign_11","class":"SFXEmitter","persistentId":"e9f3bcde-a4c0-45b1-9e13-d757d8daf65e","__parent":"Whooshes","position":[1484.07739,-254.824219,147.72139],"cloneOrigin":"Animal_Frog_Single1","fadeInTime":0,"fadeOutTime":0,"isLooping":false,"locked":true,"maxDistance":21,"rangeSphereColor":[0.266667008,1,0,0.300000012],"referenceDistance":4,"rotationMatrix":[1,0,0,0,0.999999762,-0.000690533896,0,0.000690533896,0.999999762],"scale":[21,21,21]}
{"name":"Whoosh_Sign_2","class":"SFXEmitter","persistentId":"00d217de-6c94-4f46-a7ae-4cb73d9e68ff","__parent":"Whooshes","position":[-948.17865,1409.23413,163.381989],"cloneOrigin":"Animal_Frog_Single1","fadeInTime":0,"fadeOutTime":0,"isLooping":false,"locked":true,"maxDistance":21,"rangeSphereColor":[0.266667008,1,0,0.300000012],"referenceDistance":4,"rotationMatrix":[1,0,0,0,0.999999762,-0.000690533896,0,0.000690533896,0.999999762],"scale":[21,21,21]}
{"name":"Whoosh_Sign_3","class":"SFXEmitter","persistentId":"0de13055-7407-4967-9a7a-f5c0f1eb013a","__parent":"Whooshes","position":[-99.3421936,1160.19788,168.423218],"cloneOrigin":"Animal_Frog_Single1","fadeInTime":0,"fadeOutTime":0,"isLooping":false,"locked":true,"maxDistance":21,"rangeSphereColor":[0.266667008,1,0,0.300000012],"referenceDistance":4,"rotationMatrix":[1,0,0,0,0.999999762,-0.000690533896,0,0.000690533896,0.999999762],"scale":[21,21,21]}
{"name":"Whoosh_Sign_4","class":"SFXEmitter","persistentId":"d079c6e8-14d6-40ee-a994-c820ee893855","__parent":"Whooshes","position":[1184.62122,957.434448,162.512634],"cloneOrigin":"Animal_Frog_Single1","fadeInTime":0,"fadeOutTime":0,"isLooping":false,"locked":true,"maxDistance":21,"rangeSphereColor":[0.266667008,1,0,0.300000012],"referenceDistance":4,"rotationMatrix":[1,0,0,0,0.999999762,-0.000690533896,0,0.000690533896,0.999999762],"scale":[21,21,21]}
{"name":"Whoosh_Sign_5","class":"SFXEmitter","persistentId":"7a1ab8d5-5ec6-4548-8880-73d6d45f295b","__parent":"Whooshes","position":[1189.64539,969.661987,162.564926],"cloneOrigin":"Animal_Frog_Single1","fadeInTime":0,"fadeOutTime":0,"isLooping":false,"locked":true,"maxDistance":21,"rangeSphereColor":[0.266667008,1,0,0.300000012],"referenceDistance":4,"rotationMatrix":[1,0,0,0,0.999999762,-0.000690533896,0,0.000690533896,0.999999762],"scale":[21,21,21]}
{"name":"Whoosh_Sign_6","class":"SFXEmitter","persistentId":"f22bc94f-f914-42aa-b011-dfa6113d9979","__parent":"Whooshes","position":[1567.76868,198.791489,153.063858],"cloneOrigin":"Animal_Frog_Single1","fadeInTime":0,"fadeOutTime":0,"isLooping":false,"locked":true,"maxDistance":21,"rangeSphereColor":[0.266667008,1,0,0.300000012],"referenceDistance":4,"rotationMatrix":[1,0,0,0,0.999999762,-0.000690533896,0,0.000690533896,0.999999762],"scale":[21,21,21]}
{"name":"Whoosh_Sign_7","class":"SFXEmitter","persistentId":"368e0abf-20b1-49b2-bd0f-9d83f884416d","__parent":"Whooshes","position":[1580.37573,201.076187,152.906464],"cloneOrigin":"Animal_Frog_Single1","fadeInTime":0,"fadeOutTime":0,"isLooping":false,"locked":true,"maxDistance":21,"rangeSphereColor":[0.266667008,1,0,0.300000012],"referenceDistance":4,"rotationMatrix":[1,0,0,0,0.999999762,-0.000690533896,0,0.000690533896,0.999999762],"scale":[21,21,21]}
{"name":"Whoosh_Sign_8","class":"SFXEmitter","persistentId":"d91c0148-bb3b-48f0-a48a-46188f76d30b","__parent":"Whooshes","position":[1583.68347,196.579636,153.047958],"cloneOrigin":"Animal_Frog_Single1","fadeInTime":0,"fadeOutTime":0,"isLooping":false,"locked":true,"maxDistance":21,"rangeSphereColor":[0.266667008,1,0,0.300000012],"referenceDistance":4,"rotationMatrix":[1,0,0,0,0.999999762,-0.000690533896,0,0.000690533896,0.999999762],"scale":[21,21,21]}
{"name":"Whoosh_Sign_9","class":"SFXEmitter","persistentId":"a884ce6c-a733-4c4d-af7d-c4f7cac5fd2f","__parent":"Whooshes","position":[1596.30054,199.544922,152.9664],"cloneOrigin":"Animal_Frog_Single1","fadeInTime":0,"fadeOutTime":0,"isLooping":false,"locked":true,"maxDistance":21,"rangeSphereColor":[0.266667008,1,0,0.300000012],"referenceDistance":4,"rotationMatrix":[1,0,0,0,0.999999762,-0.000690533896,0,0.000690533896,0.999999762],"scale":[21,21,21]}
