{"class":"PointLight","persistentId":"c4aeb37b-0c92-43ea-817a-b107c62ebdb5","__parent":"burners_lights","position":[121.231285,87.3969421,45.9867935],"animationType":"FireLightAnim","color":[1,0.267857075,0,1],"flareScale":5,"flareType":"BNG_LightFlare_1","isEnabled":false,"radius":11,"shadowDarkenColor":[0,0,0,0]}
{"class":"PointLight","persistentId":"d204797c-3399-442b-b33f-96c61e943712","__parent":"burners_lights","position":[-20.3451176,80.3646774,45.8622894],"animationPeriod":1.5,"animationPhase":0.5,"animationType":"FireLightAnim","color":[1,0.267857075,0,1],"flareScale":5,"flareType":"BNG_LightFlare_1","isEnabled":false,"radius":11,"shadowDarkenColor":[0,0,0,0]}
{"class":"PointLight","persistentId":"e20d448e-f455-45f8-ba5d-35414d42b58b","__parent":"burners_lights","position":[-14.6255198,84.7384033,45.8622894],"animationType":"FireLightAnim","color":[1,0.267857075,0,1],"flareScale":5,"flareType":"BNG_LightFlare_1","isEnabled":false,"radius":11,"shadowDarkenColor":[0,0,0,0]}
{"class":"PointLight","persistentId":"f879d2ca-6a20-430f-869f-b02f8a98dea5","__parent":"burners_lights","position":[-176.594376,-111.268578,48.7921333],"animationType":"FireLightAnim","color":[1,0.267857075,0,1],"flareScale":5,"flareType":"BNG_LightFlare_1","isEnabled":false,"radius":11}
