{"name":"flagTrigger","class":"BeamNGTrigger","persistentId":"76bec5ca-6fb3-4619-b41c-8ef687cd3785","__parent":"flag1_group","position":[165.306335,438.158752,132.76915],"scale":[2,2,35],"triggerMode":"Overlaps","triggerTestType":"Bounding box"}
{"name":"flag1_group","class":"SimGroup","persistentId":"abcf0664-a729-4ad9-896e-2d7b02755255","groupPosition":"0 0 0"}
{"name":"flag1TSStatic","class":"TSStatic","persistentId":"98cce4df-2398-4f84-994e-df3b6cd83ef5","__parent":"flag1_group","position":[165.306335,438.158752,118.877548], "instanceColor":[0,0.02245735,0.986830294,1],"isRenderEnabled":false,"scale":[10,10,6],"shapeName":"/art/shapes/interface/single_faded_column.dae","useInstanceRenderData":true}
