{"name":"flagTrigger","class":"BeamNGTrigger","persistentId":"76bec5ca-6fb3-4619-b41c-8ef687cd3785","__parent":"flag8_group","position":[75.4017334,377.436768,143.223],"scale":[2,2,35],"triggerMode":"Overlaps","triggerTestType":"Bounding box"}
{"name":"flag8_group","class":"SimGroup","persistentId":"dfd89e6c-795f-455c-a3b6-0b91ee6375a1","groupPosition":"0 0 0"}
{"name":"flag8TSStatic","class":"TSStatic","persistentId":"98cce4df-2398-4f84-994e-df3b6cd83ef5","__parent":"flag8_group","position":[75.4017334,377.436768,131.331299],"collisionType":"None","decalType":"None","instanceColor":[0,0.02245735,0.986830294,1],"isRenderEnabled":false,"scale":[10,10,6],"shapeName":"/art/shapes/interface/single_faded_column.dae","useInstanceRenderData":true}
