{"name":"goalTrigger","class":"BeamNGTrigger","persistentId":"c9790c9c-3e8f-4494-9f29-8122db3f7934","__parent":"goal5_group","position":[90.1029816,358.865021,140.536102],"scale":[6,6,30],"triggerType":"Box"}
{"name":"goal5_group","class":"SimGroup","persistentId":"0a96fd91-38ba-45b4-8bc2-e4a58ee49476","groupPosition":"0 0 0"}
{"name":"goal5TSStatic","class":"TSStatic","persistentId":"73298e42-0472-4931-ac40-98f574d70f3e","__parent":"goal5_group","position":[90.1240387,358.865021,128.963943],"collisionType":"None","decalType":"None","instanceColor":[0,1,0.00179100037,1],"isRenderEnabled":false,"scale":[30,30,7],"shapeName":"/art/shapes/interface/single_faded_column.dae","useInstanceRenderData":true}
