{"name":"goalTrigger","class":"BeamNGTrigger","persistentId":"c9790c9c-3e8f-4494-9f29-8122db3f7934","__parent":"goal3_group","position":[138.702682,294.251373,135.064453],"scale":[6,6,30],"triggerType":"Box"}
{"name":"goal3_group","class":"SimGroup","persistentId":"c3c577db-555b-4032-a925-899687752972","groupPosition":"0 0 0"}
{"name":"goal3TSStatic","class":"TSStatic","persistentId":"73298e42-0472-4931-ac40-98f574d70f3e","__parent":"goal3_group","position":[138.72374,294.251373,123.492294],"collisionType":"None","decalType":"None","instanceColor":[0,1,0.00179100037,1],"isRenderEnabled":false,"scale":[30,30,7],"shapeName":"/art/shapes/interface/single_faded_column.dae","useInstanceRenderData":true}
