{"name":"goalTrigger","class":"BeamNGTrigger","persistentId":"c9790c9c-3e8f-4494-9f29-8122db3f7934","__parent":"goal1_group","position":[96.5101089,300.57016,136.370544],"scale":[6,6,30],"triggerType":"Box"}
{"name":"goal1_group","class":"SimGroup","persistentId":"b4ef3e6f-ae6e-4681-8596-523d1778d354","groupPosition":"0 0 0"}
{"name":"goal1TSStatic","class":"TSStatic","persistentId":"73298e42-0472-4931-ac40-98f574d70f3e","__parent":"goal1_group","position":[96.5311661,300.57016,124.798386],"collisionType":"None","decalType":"None","instanceColor":[0,1,0.00179100037,1],"isRenderEnabled":false,"scale":[30,30,7],"shapeName":"/art/shapes/interface/single_faded_column.dae","useInstanceRenderData":true}
