{"name":"goalTrigger","class":"BeamNGTrigger","persistentId":"c9790c9c-3e8f-4494-9f29-8122db3f7934","__parent":"goal7_group","position":[155.355835,456.096924,138.523834],"scale":[6,6,30],"triggerType":"Box"}
{"name":"goal7_group","class":"SimGroup","persistentId":"30436f51-9237-4942-b609-3bcf6467073c","groupPosition":"0 0 0"}
{"name":"goal7TSStatic","class":"TSStatic","persistentId":"73298e42-0472-4931-ac40-98f574d70f3e","__parent":"goal7_group","position":[155.376892,456.096924,126.951675],"collisionType":"None","decalType":"None","instanceColor":[0,1,0.00179100037,1],"isRenderEnabled":false,"scale":[30,30,7],"shapeName":"/art/shapes/interface/single_faded_column.dae","useInstanceRenderData":true}
