{"name":"obstaclesBarrierHitbox2","class":"MeshRoad","persistentId":"005c0315-b0fb-4baf-a0d2-d275ac5168e7","__parent":"obstacles_group","position":[144.032669,288.434998,127.291618],"isRenderEnabled":false,"nodes":[[144.439453,288.003876,125.948975,1,1,0,0,1],[135.076752,290.346863,125.912971,1,1,0,0,1]]}
{"name":"obstaclesBarrierHitbox7","class":"MeshRoad","persistentId":"3b1ffa6d-e877-421c-9dec-ca13a4873483","__parent":"obstacles_group","position":[128.678253,490.096527,126.459412],"isRenderEnabled":false,"nodes":[[126.892761,494.115417,125.116119,1,1,0,0,1],[143.246582,491.061188,125.080124,1,1,0,0,1]],"rotationMatrix":[0.999689817,0.0249060504,0,-0.0249060504,0.999689817,0,0,0,1]}
{"name":"obstaclesBarrierHitbox5","class":"MeshRoad","persistentId":"4f2e03e3-16da-460a-b269-9f4df6b47efe","__parent":"obstacles_group","position":[68.3308487,395.790955,131.532288],"isRenderEnabled":false,"nodes":[[67.9841614,395.450867,130.189011,1,1,0,0,1],[69.7570648,404.315918,130.153,1,1,0,0,1]],"rotationMatrix":[0.999689817,0.0249060504,0,-0.0249060504,0.999689817,0,0,0,1]}
{"name":"obstaclesBarrierHitbox6","class":"MeshRoad","persistentId":"65990c50-6cd3-44f4-8960-c7054620f248","__parent":"obstacles_group","position":[77.0393372,433.4953,126.489243],"isRenderEnabled":false,"nodes":[[76.4212799,433.154175,125.14595,1,1,0,0,1],[92.8087692,477.48111,125.109955,1,1,0,0,1],[96.8368378,485.198029,125.036491,1,1,0,0,1]],"rotationMatrix":[0.999689817,0.0249060504,0,-0.0249060504,0.999689817,0,0,0,1]}
{"name":"obstaclesBarrierHitbox8","class":"MeshRoad","persistentId":"85a787c3-8e80-4630-8e2a-5ceaa49c216b","__parent":"obstacles_group","position":[149.270569,514.352539,126.459412],"isRenderEnabled":false,"nodes":[[151.122696,519.641541,125.115997,1,1,0,0,1],[157.262146,518.372192,125.080002,1,1,0,0,1]],"rotationMatrix":[0.999689817,0.0249060504,0,-0.0249060504,0.999689817,0,0,0,1]}
{"name":"obstaclesBarrierHitbox1","class":"MeshRoad","persistentId":"aa925c23-48d2-457e-86a2-dc1a95d729df","__parent":"obstacles_group","position":[101.752213,297.644135,126.534645],"isRenderEnabled":false,"nodes":[[102.158539,297.212982,125.191963,1,1,0,0,1],[92.796257,299.555542,125.156464,1,1,0,0,1],[83.9940796,301.195984,125.125946,1,1,0,0,1],[80.4709625,301.898193,126.571053,1,2,0,0,1],[58.6391678,306.798218,126.210068,1,2,0,0,1],[54.468811,307.51236,125.212418,1,1,0,0,1],[49.0523376,309.074707,125.265717,1,1,0,0,1]]}
{"name":"obstaclesBarrierHitbox3","class":"MeshRoad","persistentId":"e398fc30-bab2-460b-9ec2-27d583e0e70f","__parent":"obstacles_group","position":[48.8987541,310.100739,126.505959],"isRenderEnabled":false,"nodes":[[48.5438423,309.758179,125.163338,1,1,0,0,1],[50.5368996,318.576233,125.127342,1,1,0,0,1]]}
{"name":"obstaclesBarrierHitbox4","class":"MeshRoad","persistentId":"f4c57a70-6951-41a4-90c1-42783cc72e7a","__parent":"obstacles_group","position":[58.9834518,357.801819,132.165283],"isRenderEnabled":false,"nodes":[[58.6373215,357.453522,130.822327,1,1,0,0,1],[60.4100227,366.318542,130.786316,1,1,0,0,1]],"rotationMatrix":[0.999689817,0.0249060504,0,-0.0249060504,0.999689817,0,0,0,1]}
{"name":"obstacles_group","class":"SimGroup","persistentId":"bb409c49-ee58-4365-baf9-8e711484d2b8","groupPosition":"0 0 0","isRenderEnabled":false}
{"name":"obstaclesBarrier25","class":"TSStatic","persistentId":"00ac1022-96a8-4d4c-8a6a-237cb3ff3b47","__parent":"obstacles_group","position":[85.6067429,457.643616,124.018196],"instanceColor":[0,0.02245735,0.986830294,1],"isRenderEnabled":false,"rotationMatrix":[-0.345643282,-0.938366115,0,0.938366115,-0.345643282,0,0,0,1],"shapeName":"/levels/west_coast_usa/art/shapes/race/concrete_road_barrier_a.dae", "collisionType":"Collision Mesh", "decalType":"Collision Mesh"}
{"name":"obstaclesBarrier30","class":"TSStatic","persistentId":"07445ee6-728c-40fd-ad9b-2aef4cdb1dd6","__parent":"obstacles_group","position":[91.0741653,472.033722,124.018196],"instanceColor":[0,0.02245735,0.986830294,1],"isRenderEnabled":false,"rotationMatrix":[-0.345643282,-0.938366115,0,0.938366115,-0.345643282,0,0,0,1],"shapeName":"/levels/west_coast_usa/art/shapes/race/concrete_road_barrier_a.dae", "collisionType":"Collision Mesh", "decalType":"Collision Mesh"}
{"name":"obstaclesBarrier8","class":"TSStatic","persistentId":"07741327-e2aa-4152-82c1-0e2b6ad97d2e","__parent":"obstacles_group","position":[139.768646,289.200562,124.884415],"instanceColor":[0,0.02245735,0.986830294,1],"isRenderEnabled":false,"rotationMatrix":[0.970246077,-0.242120981,0,0.242120981,0.970246077,0,0,0,1],"shapeName":"/levels/west_coast_usa/art/shapes/race/concrete_road_barrier_a.dae", "collisionType":"Collision Mesh", "decalType":"Collision Mesh"}
{"name":"obstaclesBarrier1","class":"TSStatic","persistentId":"083f10f0-b4de-4da5-808d-331868b925d4","__parent":"obstacles_group","position":[85.4196014,301.008789,124.080978],"instanceColor":[0,0.02245735,0.986830294,1],"isRenderEnabled":false,"rotationMatrix":[0.985825777,-0.167772427,0,0.167772427,0.985825777,0,0,0,1],"shapeName":"/levels/west_coast_usa/art/shapes/race/concrete_road_barrier_a.dae", "collisionType":"Collision Mesh", "decalType":"Collision Mesh"}
{"name":"obstaclesBarrier32","class":"TSStatic","persistentId":"0b7c63de-af27-4070-9438-085434614ecd","__parent":"obstacles_group","position":[93.1382904,477.871674,124.018196],"instanceColor":[0,0.02245735,0.986830294,1],"isRenderEnabled":false,"rotationMatrix":[-0.345643282,-0.938366115,0,0.938366115,-0.345643282,0,0,0,1],"shapeName":"/levels/west_coast_usa/art/shapes/race/concrete_road_barrier_a.dae", "collisionType":"Collision Mesh", "decalType":"Collision Mesh"}
{"name":"obstaclesBarrier9","class":"TSStatic","persistentId":"0bd2be6e-514f-4641-b54e-eee37847f16b","__parent":"obstacles_group","position":[142.822876,288.452423,124.884415],"instanceColor":[0,0.02245735,0.986830294,1],"isRenderEnabled":false,"rotationMatrix":[0.970246077,-0.242120981,0,0.242120981,0.970246077,0,0,0,1],"shapeName":"/levels/west_coast_usa/art/shapes/race/concrete_road_barrier_a.dae", "collisionType":"Collision Mesh", "decalType":"Collision Mesh"}
{"name":"obstaclesBarrier16","class":"TSStatic","persistentId":"1868259f-ac8e-4642-ac28-5f9722c06290","__parent":"obstacles_group","position":[50.4398651,317.174225,124.117516],"instanceColor":[0,0.02245735,0.986830294,1],"isRenderEnabled":false,"rotationMatrix":[-0.227672577,-0.973737895,0,0.973737895,-0.227672577,0,0,0,1],"scale":[0.800000012,1,1],"shapeName":"/levels/west_coast_usa/art/shapes/race/concrete_road_barrier_a.dae", "collisionType":"Collision Mesh", "decalType":"Collision Mesh"}
{"name":"obstaclesBarrier12","class":"TSStatic","persistentId":"21a94952-1244-4fb5-9b4b-830ff26e4860","__parent":"obstacles_group","position":[52.917511,308.170471,124.117516],"instanceColor":[0,0.02245735,0.986830294,1],"isRenderEnabled":false,"rotationMatrix":[0.970246077,-0.242120981,0,0.242120981,0.970246077,0,0,0,1],"scale":[0.699999988,1,1],"shapeName":"/levels/west_coast_usa/art/shapes/race/concrete_road_barrier_a.dae", "collisionType":"Collision Mesh", "decalType":"Collision Mesh"}
{"name":"obstaclesBarrier26","class":"TSStatic","persistentId":"2292d6cf-11b3-4415-8dea-651165cb7197","__parent":"obstacles_group","position":[86.7395859,460.513062,124.018196],"instanceColor":[0,0.02245735,0.986830294,1],"isRenderEnabled":false,"rotationMatrix":[-0.345643282,-0.938366115,0,0.938366115,-0.345643282,0,0,0,1],"shapeName":"/levels/west_coast_usa/art/shapes/race/concrete_road_barrier_a.dae", "collisionType":"Collision Mesh", "decalType":"Collision Mesh"}
{"name":"obstaclesBarrier44","class":"TSStatic","persistentId":"233f9bae-425b-42df-93f8-f1f42a0167f4","__parent":"obstacles_group","position":[68.2851105,396.455841,129.134705],"instanceColor":[0,0.02245735,0.986830294,1],"isRenderEnabled":false,"rotationMatrix":[-0.191912055,-0.981412113,0,0.981412113,-0.191912055,0,0,0,1],"scale":[0.600000024,1,1],"shapeName":"/levels/west_coast_usa/art/shapes/race/concrete_road_barrier_a.dae", "collisionType":"Collision Mesh", "decalType":"Collision Mesh"}
{"name":"obstaclesBarrier38","class":"TSStatic","persistentId":"249d715d-4354-4e69-923b-9c386a84ace5","__parent":"obstacles_group","position":[138.572647,491.779755,124.018196],"instanceColor":[0,0.02245735,0.986830294,1],"isRenderEnabled":false,"rotationMatrix":[-0.983079791,0.183178797,0,-0.183178797,-0.983079791,0,0,0,1],"shapeName":"/levels/west_coast_usa/art/shapes/race/concrete_road_barrier_a.dae", "collisionType":"Collision Mesh", "decalType":"Collision Mesh"}
{"name":"obstaclesBarrier6","class":"TSStatic","persistentId":"2521d7ab-57b4-4358-87be-b13be751a627","__parent":"obstacles_group","position":[100.279617,297.790039,124.080978],"instanceColor":[0,0.02245735,0.986830294,1],"isRenderEnabled":false,"rotationMatrix":[0.970246077,-0.242120981,0,0.242120981,0.970246077,0,0,0,1],"shapeName":"/levels/west_coast_usa/art/shapes/race/concrete_road_barrier_a.dae", "collisionType":"Collision Mesh", "decalType":"Collision Mesh"}
{"name":"obstaclesBarrier17","class":"TSStatic","persistentId":"2e8f34cb-d59c-4ea0-aa4c-3f550888f025","__parent":"obstacles_group","position":[77.3101654,434.675934,124.018196],"instanceColor":[0,0.02245735,0.986830294,1],"isRenderEnabled":false,"rotationMatrix":[-0.345643282,-0.938366115,0,0.938366115,-0.345643282,0,0,0,1],"shapeName":"/levels/west_coast_usa/art/shapes/race/concrete_road_barrier_a.dae", "collisionType":"Collision Mesh", "decalType":"Collision Mesh"}
{"name":"obstaclesBarrier22","class":"TSStatic","persistentId":"3b6b6b46-8932-43f4-ac66-53178b349a79","__parent":"obstacles_group","position":[82.4327698,449.04715,124.018196],"instanceColor":[0,0.02245735,0.986830294,1],"isRenderEnabled":false,"rotationMatrix":[-0.345643282,-0.938366115,0,0.938366115,-0.345643282,0,0,0,1],"shapeName":"/levels/west_coast_usa/art/shapes/race/concrete_road_barrier_a.dae", "collisionType":"Collision Mesh", "decalType":"Collision Mesh"}
{"name":"obstaclesBarrier27","class":"TSStatic","persistentId":"3beb15a6-d9e3-43e1-83c3-6d8f97ae64d1","__parent":"obstacles_group","position":[87.8873901,463.335297,124.018196],"instanceColor":[0,0.02245735,0.986830294,1],"isRenderEnabled":false,"rotationMatrix":[-0.345643282,-0.938366115,0,0.938366115,-0.345643282,0,0,0,1],"shapeName":"/levels/west_coast_usa/art/shapes/race/concrete_road_barrier_a.dae", "collisionType":"Collision Mesh", "decalType":"Collision Mesh"}
{"name":"obstaclesBarrier14","class":"TSStatic","persistentId":"3f00fc62-7464-4c97-bf2f-b80017afeda3","__parent":"obstacles_group","position":[49.118042,311.451355,124.117516],"instanceColor":[0,0.02245735,0.986830294,1],"isRenderEnabled":false,"rotationMatrix":[-0.227672577,-0.973737895,0,0.973737895,-0.227672577,0,0,0,1],"shapeName":"/levels/west_coast_usa/art/shapes/race/concrete_road_barrier_a.dae", "collisionType":"Collision Mesh", "decalType":"Collision Mesh"}
{"name":"obstaclesBarrier42","class":"TSStatic","persistentId":"45c42ef3-ddf1-4d67-a152-39cceb6d3ccf","__parent":"obstacles_group","position":[69.3883591,401.939545,129.134705],"instanceColor":[0,0.02245735,0.986830294,1],"isRenderEnabled":false,"rotationMatrix":[-0.191912055,-0.981412113,0,0.981412113,-0.191912055,0,0,0,1],"shapeName":"/levels/west_coast_usa/art/shapes/race/concrete_road_barrier_a.dae", "collisionType":"Collision Mesh", "decalType":"Collision Mesh"}
{"name":"obstaclesBarrier10","class":"TSStatic","persistentId":"47374007-5b3b-456f-82fa-dbf8b635db9b","__parent":"obstacles_group","position":[73.9741364,303.535706,124.050896],"instanceColor":[0,0.02245735,0.986830294,1],"isRenderEnabled":false,"rotationMatrix":[0.970246077,-0.242120981,0,0.242120981,0.970246077,0,0,0,1],"scale":[0.699999988,1,1],"shapeName":"/levels/west_coast_usa/art/shapes/race/concrete_road_barrier_a.dae", "collisionType":"Collision Mesh", "decalType":"Collision Mesh"}
{"name":"obstaclesBarrier47","class":"TSStatic","persistentId":"54953885-6146-40a5-976f-6fd0111bb438","__parent":"obstacles_group","position":[59.0443001,358.58667,129.64978],"instanceColor":[0,0.02245735,0.986830294,1],"isRenderEnabled":false,"rotationMatrix":[-0.191912055,-0.981412113,0,0.981412113,-0.191912055,0,0,0,1],"scale":[0.699999988,1,1],"shapeName":"/levels/west_coast_usa/art/shapes/race/concrete_road_barrier_a.dae", "collisionType":"Collision Mesh", "decalType":"Collision Mesh"}
{"name":"obstaclesBarrier15","class":"TSStatic","persistentId":"5a807bd4-e1d1-440c-be6b-1a93aa5ebe00","__parent":"obstacles_group","position":[49.8499069,314.430389,124.117516],"instanceColor":[0,0.02245735,0.986830294,1],"isRenderEnabled":false,"rotationMatrix":[-0.227672577,-0.973737895,0,0.973737895,-0.227672577,0,0,0,1],"shapeName":"/levels/west_coast_usa/art/shapes/race/concrete_road_barrier_a.dae", "collisionType":"Collision Mesh", "decalType":"Collision Mesh"}
{"name":"obstaclesBarrier29","class":"TSStatic","persistentId":"65796531-dcab-4a8f-978b-e6af1f1bad75","__parent":"obstacles_group","position":[89.996933,469.091064,124.018196],"instanceColor":[0,0.02245735,0.986830294,1],"isRenderEnabled":false,"rotationMatrix":[-0.345643282,-0.938366115,0,0.938366115,-0.345643282,0,0,0,1],"shapeName":"/levels/west_coast_usa/art/shapes/race/concrete_road_barrier_a.dae", "collisionType":"Collision Mesh", "decalType":"Collision Mesh"}
{"name":"obstaclesBarrier13","class":"TSStatic","persistentId":"6e3380fc-935c-4a06-898e-e28e29c86bd0","__parent":"obstacles_group","position":[50.412365,308.771698,124.117516],"instanceColor":[0,0.02245735,0.986830294,1],"isRenderEnabled":false,"rotationMatrix":[0.970246077,-0.242120981,0,0.242120981,0.970246077,0,0,0,1],"shapeName":"/levels/west_coast_usa/art/shapes/race/concrete_road_barrier_a.dae", "collisionType":"Collision Mesh", "decalType":"Collision Mesh"}
{"name":"obstaclesBarrier43","class":"TSStatic","persistentId":"7175d18f-f157-4d21-9e6a-95d4d9251aae","__parent":"obstacles_group","position":[68.8230438,398.915466,129.134705],"instanceColor":[0,0.02245735,0.986830294,1],"isRenderEnabled":false,"rotationMatrix":[-0.191912055,-0.981412113,0,0.981412113,-0.191912055,0,0,0,1],"shapeName":"/levels/west_coast_usa/art/shapes/race/concrete_road_barrier_a.dae", "collisionType":"Collision Mesh", "decalType":"Collision Mesh"}
{"name":"obstaclesBarrier21","class":"TSStatic","persistentId":"767279b2-98a9-4f22-bf56-1b4450f2d87f","__parent":"obstacles_group","position":[81.3910675,446.159454,124.018196],"instanceColor":[0,0.02245735,0.986830294,1],"isRenderEnabled":false,"rotationMatrix":[-0.345643282,-0.938366115,0,0.938366115,-0.345643282,0,0,0,1],"shapeName":"/levels/west_coast_usa/art/shapes/race/concrete_road_barrier_a.dae", "collisionType":"Collision Mesh", "decalType":"Collision Mesh"}
{"name":"obstaclesBarrier2","class":"TSStatic","persistentId":"76b72dff-9e7d-4cfe-afd6-f9cd25d62eda","__parent":"obstacles_group","position":[88.4142075,300.482666,124.080978],"instanceColor":[0,0.02245735,0.986830294,1],"isRenderEnabled":false,"rotationMatrix":[0.985825777,-0.167772427,0,0.167772427,0.985825777,0,0,0,1],"shapeName":"/levels/west_coast_usa/art/shapes/race/concrete_road_barrier_a.dae", "collisionType":"Collision Mesh", "decalType":"Collision Mesh"}
{"name":"obstaclesBarrier23","class":"TSStatic","persistentId":"7b2b50fb-b228-4e98-9fa0-43d9e297a88b","__parent":"obstacles_group","position":[83.509491,451.889496,124.018196],"instanceColor":[0,0.02245735,0.986830294,1],"isRenderEnabled":false,"rotationMatrix":[-0.345643282,-0.938366115,0,0.938366115,-0.345643282,0,0,0,1],"shapeName":"/levels/west_coast_usa/art/shapes/race/concrete_road_barrier_a.dae", "collisionType":"Collision Mesh", "decalType":"Collision Mesh"}
{"name":"obstaclesBarrier40","class":"TSStatic","persistentId":"7d7dc74a-b538-4c03-9b68-defbca7fb4ae","__parent":"obstacles_group","position":[153.149506,519.464905,124.018196],"instanceColor":[0,0.02245735,0.986830294,1],"isRenderEnabled":false,"rotationMatrix":[-0.983079791,0.183178797,0,-0.183178797,-0.983079791,0,0,0,1],"scale":[0.699999988,1,1],"shapeName":"/levels/west_coast_usa/art/shapes/race/concrete_road_barrier_a.dae", "collisionType":"Collision Mesh", "decalType":"Collision Mesh"}
{"name":"obstaclesBarrier37","class":"TSStatic","persistentId":"7e8ec6c9-d09c-4ffd-80cd-31e4f5531824","__parent":"obstacles_group","position":[135.570221,492.300781,124.018196],"instanceColor":[0,0.02245735,0.986830294,1],"isRenderEnabled":false,"rotationMatrix":[-0.983079791,0.183178797,0,-0.183178797,-0.983079791,0,0,0,1],"shapeName":"/levels/west_coast_usa/art/shapes/race/concrete_road_barrier_a.dae", "collisionType":"Collision Mesh", "decalType":"Collision Mesh"}
{"name":"obstaclesBarrier28","class":"TSStatic","persistentId":"8fe5e4b9-c5fd-4427-805f-b5527238a994","__parent":"obstacles_group","position":[88.9443512,466.215729,124.018196],"instanceColor":[0,0.02245735,0.986830294,1],"isRenderEnabled":false,"rotationMatrix":[-0.345643282,-0.938366115,0,0.938366115,-0.345643282,0,0,0,1],"shapeName":"/levels/west_coast_usa/art/shapes/race/concrete_road_barrier_a.dae", "collisionType":"Collision Mesh", "decalType":"Collision Mesh"}
{"name":"obstaclesBarrier46","class":"TSStatic","persistentId":"97f388a2-691c-43b6-9fd5-bfae68b3cb89","__parent":"obstacles_group","position":[59.5459099,361.163025,129.64978],"instanceColor":[0,0.02245735,0.986830294,1],"isRenderEnabled":false,"rotationMatrix":[-0.191912055,-0.981412113,0,0.981412113,-0.191912055,0,0,0,1],"shapeName":"/levels/west_coast_usa/art/shapes/race/concrete_road_barrier_a.dae", "collisionType":"Collision Mesh", "decalType":"Collision Mesh"}
{"name":"obstaclesBarrier7","class":"TSStatic","persistentId":"982e645b-656f-43cc-8975-ea3b0dcda58b","__parent":"obstacles_group","position":[136.625946,289.962219,124.884415],"instanceColor":[0,0.02245735,0.986830294,1],"isRenderEnabled":false,"rotationMatrix":[0.970246077,-0.242120981,0,0.242120981,0.970246077,0,0,0,1],"shapeName":"/levels/west_coast_usa/art/shapes/race/concrete_road_barrier_a.dae", "collisionType":"Collision Mesh", "decalType":"Collision Mesh"}
{"name":"obstaclesBarrier35","class":"TSStatic","persistentId":"9dc54073-accc-41c4-acf9-193c92c5dab1","__parent":"obstacles_group","position":[132.5457,492.840302,124.018196],"instanceColor":[0,0.02245735,0.986830294,1],"isRenderEnabled":false,"rotationMatrix":[-0.983079791,0.183178797,0,-0.183178797,-0.983079791,0,0,0,1],"shapeName":"/levels/west_coast_usa/art/shapes/race/concrete_road_barrier_a.dae", "collisionType":"Collision Mesh", "decalType":"Collision Mesh"}
{"name":"obstaclesBarrier5","class":"TSStatic","persistentId":"9efc214f-9c2c-4d52-ac0e-326d175e787a","__parent":"obstacles_group","position":[97.3305435,298.536011,124.080978],"instanceColor":[0,0.02245735,0.986830294,1],"isRenderEnabled":false,"rotationMatrix":[0.970246077,-0.242120981,0,0.242120981,0.970246077,0,0,0,1],"shapeName":"/levels/west_coast_usa/art/shapes/race/concrete_road_barrier_a.dae", "collisionType":"Collision Mesh", "decalType":"Collision Mesh"}
{"name":"obstaclesBarrier39","class":"TSStatic","persistentId":"b6286f1a-d10c-4514-8aa5-3d050b48ced3","__parent":"obstacles_group","position":[141.567459,491.225067,124.018196],"instanceColor":[0,0.02245735,0.986830294,1],"isRenderEnabled":false,"rotationMatrix":[-0.983079791,0.183178797,0,-0.183178797,-0.983079791,0,0,0,1],"shapeName":"/levels/west_coast_usa/art/shapes/race/concrete_road_barrier_a.dae", "collisionType":"Collision Mesh", "decalType":"Collision Mesh"}
{"name":"obstaclesBarrier3","class":"TSStatic","persistentId":"c65f0d69-2437-43c1-9356-a11bbb5f48fe","__parent":"obstacles_group","position":[91.398201,299.910492,124.080978],"instanceColor":[0,0.02245735,0.986830294,1],"isRenderEnabled":false,"rotationMatrix":[0.978122234,-0.208030969,0,0.208030969,0.978122234,0,0,0,1],"shapeName":"/levels/west_coast_usa/art/shapes/race/concrete_road_barrier_a.dae", "collisionType":"Collision Mesh", "decalType":"Collision Mesh"}
{"name":"obstaclesBarrier41","class":"TSStatic","persistentId":"c84e28b8-bc32-4221-9846-392627a7e8dc","__parent":"obstacles_group","position":[155.638123,518.925293,124.018196],"instanceColor":[0,0.02245735,0.986830294,1],"isRenderEnabled":false,"rotationMatrix":[-0.983079791,0.183178797,0,-0.183178797,-0.983079791,0,0,0,1],"scale":[0.699999988,1,1],"shapeName":"/levels/west_coast_usa/art/shapes/race/concrete_road_barrier_a.dae", "collisionType":"Collision Mesh", "decalType":"Collision Mesh"}
{"name":"obstaclesBarrier4","class":"TSStatic","persistentId":"cbad1016-fa7c-4c88-bdbe-ddc9fe1216fa","__parent":"obstacles_group","position":[94.335556,299.259064,124.080978],"instanceColor":[0,0.02245735,0.986830294,1],"isRenderEnabled":false,"rotationMatrix":[0.975438058,-0.220273912,0,0.220273912,0.975438058,0,0,0,1],"shapeName":"/levels/west_coast_usa/art/shapes/race/concrete_road_barrier_a.dae", "collisionType":"Collision Mesh", "decalType":"Collision Mesh"}
{"name":"obstaclesBarrier45","class":"TSStatic","persistentId":"cd65aeab-df3b-408f-a618-872a26d19e32","__parent":"obstacles_group","position":[60.1757202,364.195953,129.64978],"instanceColor":[0,0.02245735,0.986830294,1],"isRenderEnabled":false,"rotationMatrix":[-0.191912055,-0.981412113,0,0.981412113,-0.191912055,0,0,0,1],"shapeName":"/levels/west_coast_usa/art/shapes/race/concrete_road_barrier_a.dae", "collisionType":"Collision Mesh", "decalType":"Collision Mesh"}
{"name":"obstaclesBarrier11","class":"TSStatic","persistentId":"cdf72144-89af-4364-9cd9-8dc46342faeb","__parent":"obstacles_group","position":[61.2540321,306.233276,124.117516],"instanceColor":[0,0.02245735,0.986830294,1],"isRenderEnabled":false,"rotationMatrix":[0.970246077,-0.242120981,0,0.242120981,0.970246077,0,0,0,1],"scale":[0.699999988,1,1],"shapeName":"/levels/west_coast_usa/art/shapes/race/concrete_road_barrier_a.dae", "collisionType":"Collision Mesh", "decalType":"Collision Mesh"}
{"name":"obstaclesBarrier33","class":"TSStatic","persistentId":"cf30ddfd-280c-470e-8eb8-0da3fff740b4","__parent":"obstacles_group","position":[94.1330566,480.789032,124.018196],"instanceColor":[0,0.02245735,0.986830294,1],"isRenderEnabled":false,"rotationMatrix":[-0.345643282,-0.938366115,0,0.938366115,-0.345643282,0,0,0,1],"shapeName":"/levels/west_coast_usa/art/shapes/race/concrete_road_barrier_a.dae", "collisionType":"Collision Mesh", "decalType":"Collision Mesh"}
{"name":"obstaclesBarrier19","class":"TSStatic","persistentId":"d60d179b-fd9d-464f-891b-dced447e5372","__parent":"obstacles_group","position":[79.3230591,440.463654,124.018196],"instanceColor":[0,0.02245735,0.986830294,1],"isRenderEnabled":false,"rotationMatrix":[-0.345643282,-0.938366115,0,0.938366115,-0.345643282,0,0,0,1],"shapeName":"/levels/west_coast_usa/art/shapes/race/concrete_road_barrier_a.dae", "collisionType":"Collision Mesh", "decalType":"Collision Mesh"}
{"name":"obstaclesBarrier36","class":"TSStatic","persistentId":"d77318a5-0c08-4e88-b01d-20dbfe2b9288","__parent":"obstacles_group","position":[129.51738,493.38327,124.018196],"instanceColor":[0,0.02245735,0.986830294,1],"isRenderEnabled":false,"rotationMatrix":[-0.983079791,0.183178797,0,-0.183178797,-0.983079791,0,0,0,1],"shapeName":"/levels/west_coast_usa/art/shapes/race/concrete_road_barrier_a.dae", "collisionType":"Collision Mesh", "decalType":"Collision Mesh"}
{"name":"obstaclesBarrier34","class":"TSStatic","persistentId":"d7a48c1a-303a-4849-999b-008a7a159e4c","__parent":"obstacles_group","position":[95.6549454,483.620239,124.018196],"instanceColor":[0,0.02245735,0.986830294,1],"isRenderEnabled":false,"rotationMatrix":[-0.594588876,-0.804029703,0,0.804029703,-0.594588876,0,0,0,1],"shapeName":"/levels/west_coast_usa/art/shapes/race/concrete_road_barrier_a.dae", "collisionType":"Collision Mesh", "decalType":"Collision Mesh"}
{"name":"obstaclesBarrier20","class":"TSStatic","persistentId":"e1abaebc-c7e5-4761-8eea-c956fff6b2d7","__parent":"obstacles_group","position":[80.3745422,443.314606,124.018196],"instanceColor":[0,0.02245735,0.986830294,1],"isRenderEnabled":false,"rotationMatrix":[-0.345643282,-0.938366115,0,0.938366115,-0.345643282,0,0,0,1],"shapeName":"/levels/west_coast_usa/art/shapes/race/concrete_road_barrier_a.dae", "collisionType":"Collision Mesh", "decalType":"Collision Mesh"}
{"name":"obstaclesBarrier31","class":"TSStatic","persistentId":"e268dc4a-0860-4bce-bca9-d551d77c778b","__parent":"obstacles_group","position":[92.0650024,474.939758,124.018196],"instanceColor":[0,0.02245735,0.986830294,1],"isRenderEnabled":false,"rotationMatrix":[-0.345643282,-0.938366115,0,0.938366115,-0.345643282,0,0,0,1],"shapeName":"/levels/west_coast_usa/art/shapes/race/concrete_road_barrier_a.dae", "collisionType":"Collision Mesh", "decalType":"Collision Mesh"}
{"name":"obstaclesBarrier24","class":"TSStatic","persistentId":"ee3e939e-d202-47f6-b902-cf8e73e6f628","__parent":"obstacles_group","position":[84.5041122,454.760254,124.018196],"instanceColor":[0,0.02245735,0.986830294,1],"isRenderEnabled":false,"rotationMatrix":[-0.345643282,-0.938366115,0,0.938366115,-0.345643282,0,0,0,1],"shapeName":"/levels/west_coast_usa/art/shapes/race/concrete_road_barrier_a.dae", "collisionType":"Collision Mesh", "decalType":"Collision Mesh"}
{"name":"obstaclesBarrier18","class":"TSStatic","persistentId":"f3a222b4-7e56-407a-a7bd-fa83c062ad69","__parent":"obstacles_group","position":[78.322403,437.60434,124.018196],"instanceColor":[0,0.02245735,0.986830294,1],"isRenderEnabled":false,"rotationMatrix":[-0.345643282,-0.938366115,0,0.938366115,-0.345643282,0,0,0,1],"shapeName":"/levels/west_coast_usa/art/shapes/race/concrete_road_barrier_a.dae", "collisionType":"Collision Mesh", "decalType":"Collision Mesh"}
