{"class":"TSStatic","persistentId":"1c38d972-a372-45ea-9921-f92947f5b3c3","__parent":"Power_lines","annotation":"POLE","isRenderEnabled":false,"shapeName":"/levels/industrial/art/shapes/buildings/power_lines/electric_cables/electric_cables_11.dae"}
{"class":"TSStatic","persistentId":"28a9bcdd-baa9-41ff-b3fb-68a394869fb0","__parent":"Power_lines","annotation":"POLE","isRenderEnabled":false,"shapeName":"/levels/industrial/art/shapes/buildings/power_lines/electric_cables/electric_cables_14.dae"}
{"class":"TSStatic","persistentId":"2e393728-8266-46a5-99a4-9ec3f5ff6eec","__parent":"Power_lines","annotation":"POLE","isRenderEnabled":false,"shapeName":"/levels/industrial/art/shapes/buildings/power_lines/electric_cables/electric_cables_03.dae"}
{"class":"TSStatic","persistentId":"548d7995-4952-4dac-8dc9-c81597965848","__parent":"Power_lines","annotation":"POLE","isRenderEnabled":false,"shapeName":"/levels/industrial/art/shapes/buildings/power_lines/electric_cables/electric_cables_06.dae"}
{"class":"TSStatic","persistentId":"5e3ceff3-e8e1-4bee-bcc4-678a57ebe9c3","__parent":"Power_lines","annotation":"POLE","isRenderEnabled":false,"shapeName":"/levels/industrial/art/shapes/buildings/power_lines/electric_cables/electric_cables_07.dae"}
{"class":"TSStatic","persistentId":"623409e8-ae05-475b-8c45-09421266dee6","__parent":"Power_lines","annotation":"POLE","isRenderEnabled":false,"shapeName":"/levels/industrial/art/shapes/buildings/power_lines/electric_cables/electric_cables_13.dae"}
{"class":"TSStatic","persistentId":"6566ef1a-aeec-41b8-94ae-f33a4ef645e4","__parent":"Power_lines","annotation":"POLE","isRenderEnabled":false,"shapeName":"/levels/industrial/art/shapes/buildings/power_lines/electric_cables/electric_cables_01.dae"}
{"class":"TSStatic","persistentId":"74e3dc52-5b85-45d2-8cc4-38125c307013","__parent":"Power_lines","annotation":"POLE","isRenderEnabled":false,"shapeName":"/levels/industrial/art/shapes/buildings/power_lines/electric_cables/electric_cables_12.dae"}
{"class":"TSStatic","persistentId":"7febca0c-104e-44d7-b548-a09a40e8180e","__parent":"Power_lines","annotation":"POLE","isRenderEnabled":false,"shapeName":"/levels/industrial/art/shapes/buildings/power_lines/electric_cables/electric_cables_08.dae"}
{"class":"TSStatic","persistentId":"a3a33fc1-5fc0-4746-a575-be8b1774a8ca","__parent":"Power_lines","annotation":"POLE","isRenderEnabled":false,"shapeName":"/levels/industrial/art/shapes/buildings/power_lines/electric_cables/electric_cables_10.dae"}
{"class":"TSStatic","persistentId":"b5171b02-ae48-4162-85ab-01d22a4c0194","__parent":"Power_lines","annotation":"POLE","isRenderEnabled":false,"shapeName":"/levels/industrial/art/shapes/buildings/power_lines/electric_cables/electric_cables_02.dae"}
{"class":"TSStatic","persistentId":"eab9ce1d-d417-441c-abbc-a602d2f6d595","__parent":"Power_lines","annotation":"POLE","isRenderEnabled":false,"shapeName":"/levels/industrial/art/shapes/buildings/power_lines/electric_cables/electric_cables_05.dae"}
{"class":"TSStatic","persistentId":"ec121def-48a2-4aa8-8ac9-38e875a1e8ce","__parent":"Power_lines","annotation":"POLE","isRenderEnabled":false,"shapeName":"/levels/industrial/art/shapes/buildings/power_lines/electric_cables/electric_cables_09.dae"}
{"class":"TSStatic","persistentId":"fa993a6b-38ad-4a39-99a2-e181df01a0a1","__parent":"Power_lines","annotation":"POLE","isRenderEnabled":false,"shapeName":"/levels/industrial/art/shapes/buildings/power_lines/electric_cables/electric_cables_15.dae"}
{"class":"TSStatic","persistentId":"fec05b4f-e52e-44e7-9dc4-6db2d5690eff","__parent":"Power_lines","annotation":"POLE","isRenderEnabled":false,"shapeName":"/levels/industrial/art/shapes/buildings/power_lines/electric_cables/electric_cables_04.dae"}
