{"name":"servicestationGarageComputer_area_1","class":"BeamNGGameplayArea","persistentId":"680c31d8-12aa-4d29-a7c6-6f3e47932413","__parent":"garage_interactions","position":[904.987854,-541.394409,163.645996],"rotationMatrix":[0.991090119,-0.133193001,0,0.133193001,0.991090119,0,0,0,1],"scale":[0.75541544,0.68706286,1]}
{"name":"servicestationGarageComputer_icon_1","class":"BeamNGPointOfInterest","persistentId":"3f28bcad-aecc-4add-8205-3a8720a590a1","__parent":"garage_interactions","position":[905.122864,-540.935425,164.567108],"rotationMatrix":[0.48971951,0.871880114,0,-0.871880114,0.48971951,0,0,0,1]}
{"name":"servicestationOfficeComputer_icon_1","class":"BeamNGPointOfInterest","persistentId":"f68444b0-bb46-45c0-96d0-5962a6370b04","__parent":"garage_interactions","position":[901.070923,-536.982361,164.434311],"rotationMatrix":[0.991202474,-0.132354364,0,0.132354364,0.991202474,0,0,0,1]}
{"name":"servicestationOfficeComputer_area_1","class":"BeamNGGameplayArea","persistentId":"e92cf486-c618-4986-bba4-d493cad0e1a3","__parent":"garage_interactions","position":[901.41449,-537.610779,163.645996],"rotationMatrix":[0.991090119,-0.133193001,0,0.133193001,0.991090119,0,0,0,1],"scale":[0.75541544,0.68706286,1]}
