{"class":"TSStatic","persistentId":"55593bd0-b83e-4ae8-81ad-da9027531320","__parent":"industrial_clutters","position":[-203.053772,108.436485,36.0145874],"isRenderEnabled":false,"rotationMatrix":[-0.999974251,-0.00716190785,0,0.00716190785,-0.999974251,0,0,0,1],"shapeName":"/levels/industrial/art/shapes/buildings/industrial_clutters/wood_crate_a.DAE"}
{"class":"TSStatic","persistentId":"b5b9be80-69a3-43f3-88d7-5d0dba53ebae","__parent":"industrial_clutters","position":[-203.053772,108.436485,36.712162],"isRenderEnabled":false,"rotationMatrix":[-0.999610186,-0.0279167406,0,0.0279167406,-0.999610186,0,0,0,1],"shapeName":"/levels/industrial/art/shapes/buildings/industrial_clutters/wood_crate_a.DAE"}
{"class":"TSStatic","persistentId":"e41d627b-be26-427c-bd1f-4c93229e7688","__parent":"industrial_clutters","position":[-286.078369,325.022095,36.017765],"annotation":"OBSTACLES","isRenderEnabled":false,"rotationMatrix":[-0.0132987583,0.999911427,0,-0.999911427,-0.0132987583,0,0,0,1],"shapeName":"/levels/industrial/art/shapes/buildings/industrial_clutters/ind_dumpster_full.DAE"}
{"class":"TSStatic","persistentId":"03d933d4-8cc6-4dfe-a24b-f591554d8dc5","__parent":"industrial_clutters","position":[-379.292816,-47.9975891,40.6952515],"annotation":"OBSTACLES","decalType":"None","isRenderEnabled":false,"shapeName":"/levels/industrial/art/shapes/buildings/industrial_clutters/ind_gastank_rack.DAE"}
{"class":"TSStatic","persistentId":"0451c9b0-3586-4864-80b5-53463f2396ac","__parent":"industrial_clutters","position":[-414.433411,-71.5211411,40.7121582],"annotation":"OBSTACLES","decalType":"None","isRenderEnabled":false,"rotationMatrix":[-0.9950822,-0.0990389064,0,0.0990389064,-0.9950822,0,0,0,1],"shapeName":"/levels/industrial/art/shapes/buildings/industrial_clutters/drum_pallet.DAE"}
{"class":"TSStatic","persistentId":"0482864e-7c41-43d1-8041-50d4379852fd","__parent":"industrial_clutters","position":[-369.953735,-50.1391983,41.9831581],"annotation":"OBSTACLES","decalType":"None","isRenderEnabled":false,"rotationMatrix":[3.12924385e-07,-0.999999523,0,0.999999523,3.12924385e-07,0,0,0,1],"shapeName":"/levels/industrial/art/shapes/buildings/industrial_clutters/concrete_pallet.DAE"}
{"class":"TSStatic","persistentId":"070d424c-8c78-443b-b22c-e1cd4530e867","__parent":"industrial_clutters","position":[-306.057739,-184.033798,40.7158203],"annotation":"OBSTACLES","decalType":"None","isRenderEnabled":false,"rotationMatrix":[0.984070778,0.177776873,0,-0.177776873,0.984070778,0,0,0,1],"shapeName":"/levels/industrial/art/shapes/buildings/industrial_clutters/pallet_stack.DAE"}
{"class":"TSStatic","persistentId":"09d18b86-8294-418d-a0e3-67e0560cfd51","__parent":"industrial_clutters","position":[-322.414459,-70.2623138,41.1399689],"annotation":"OBSTACLES","decalType":"None","isRenderEnabled":false,"rotationMatrix":[-0.500000298,0.866025269,0,-0.866025269,-0.500000298,0,0,0,1],"shapeName":"/levels/industrial/art/shapes/buildings/industrial_clutters/concrete_pallet.DAE"}
{"class":"TSStatic","persistentId":"0c3a6b48-1c2e-44fb-9bc7-474f10a55756","__parent":"industrial_clutters","position":[-327.075134,-127.370148,40.7501831],"decalType":"None","isRenderEnabled":false,"rotationMatrix":[2.98023224e-08,-0.999999881,0,0.999999881,2.98023224e-08,0,0,0,1],"shapeName":"/levels/industrial/art/shapes/buildings/industrial_clutters/cbbox_large_dirt.DAE"}
{"class":"TSStatic","persistentId":"0ebedaad-cf51-496b-b81e-4a716379a04d","__parent":"industrial_clutters","position":[-423.216827,-162.077164,40.7932129],"annotation":"OBSTACLES","decalType":"None","isRenderEnabled":false,"shapeName":"/levels/industrial/art/shapes/buildings/industrial_clutters/ind_fullgasrack.DAE"}
{"class":"TSStatic","persistentId":"0ec369ed-979c-4709-a816-46633366c6c7","__parent":"industrial_clutters","position":[-304.334686,-183.6698,40.7181931],"annotation":"OBSTACLES","decalType":"None","isRenderEnabled":false,"rotationMatrix":[-0.999999881,-2.98023224e-08,0,2.98023224e-08,-0.999999881,0,0,0,1],"shapeName":"/levels/industrial/art/shapes/buildings/industrial_clutters/ind_rack_m.DAE"}
{"class":"TSStatic","persistentId":"0fd674af-b5d3-407c-a5d8-00285f452f3b","__parent":"industrial_clutters","position":[-415.221436,-221.564529,40.814209],"annotation":"OBSTACLES","decalType":"None","isRenderEnabled":false,"rotationMatrix":[-0.999999583,-1.04308128e-07,0,1.04308128e-07,-0.999999583,0,0,0,1],"shapeName":"/levels/industrial/art/shapes/buildings/industrial_clutters/ind_rack_b.DAE"}
{"class":"TSStatic","persistentId":"116961a0-59f4-466f-bba1-14e2c908f2f0","__parent":"industrial_clutters","position":[-331.668213,-78.8956604,40.7211227],"annotation":"OBSTACLES","decalType":"None","isRenderEnabled":false,"rotationMatrix":[-2.98023153e-08,-1,0,1,-2.98023153e-08,0,0,0,1],"shapeName":"/levels/industrial/art/shapes/buildings/industrial_clutters/ind_rack_c.DAE"}
{"class":"TSStatic","persistentId":"11d6fc93-d0ef-4f56-bd43-00020a5baa4f","__parent":"industrial_clutters","position":[-318.157776,-69.7947006,40.7104492],"annotation":"OBSTACLES","decalType":"None","isRenderEnabled":false,"rotationMatrix":[-0.999999702,-1.93715096e-07,0,1.93715096e-07,-0.999999702,0,0,0,1],"shapeName":"/levels/industrial/art/shapes/buildings/industrial_clutters/ind_rack_s.DAE"}
{"class":"TSStatic","persistentId":"1211f835-3565-4710-a9c7-8ba244f16f37","__parent":"industrial_clutters","position":[-346.37735,-76.6303406,40.7834473],"annotation":"OBSTACLES","decalType":"None","isRenderEnabled":false,"rotationMatrix":[0.258819073,0.965925813,0,-0.965925813,0.258819073,0,0,0,1],"shapeName":"/levels/industrial/art/shapes/buildings/industrial_clutters/pallet_stack.DAE"}
{"class":"TSStatic","persistentId":"1280ead0-2703-417a-8a3c-0281dd20ed5b","__parent":"industrial_clutters","position":[-422.940887,-161.072662,41.4644127],"annotation":"OBSTACLES","decalType":"None","isRenderEnabled":false,"rotationMatrix":[-0.832633436,0.553824782,-1.36335387e-13,4.95157231e-08,7.44434061e-08,0.999999762,0.55382508,0.832633197,-8.94070098e-08],"shapeName":"/levels/industrial/art/shapes/buildings/industrial_clutters/ind_gastank_rack.DAE"}
{"class":"TSStatic","persistentId":"144f1d4a-fba3-46b2-b1fd-71c9b48e711e","__parent":"industrial_clutters","position":[-470.029205,-45.8053856,40.6234627],"annotation":"OBSTACLES","decalType":"None","isRenderEnabled":false,"rotationMatrix":[-0.562551677,-0.826761842,0,0.826761842,-0.562551677,0,0,0,1],"shapeName":"/levels/industrial/art/shapes/buildings/ind_metal_scraps_a.DAE"}
{"class":"TSStatic","persistentId":"1522c798-1846-4626-b45d-098ee984db7b","__parent":"industrial_clutters","position":[-289.514893,-153.623734,40.7150154],"annotation":"OBSTACLES","decalType":"None","isRenderEnabled":false,"rotationMatrix":[-0.999999404,-4.02331352e-07,0,4.02331352e-07,-0.999999404,0,0,0,1],"shapeName":"/levels/industrial/art/shapes/buildings/industrial_clutters/ind_rack_c.DAE"}
{"class":"TSStatic","persistentId":"175182d4-2b2e-40b3-8b41-5991aed17921","__parent":"industrial_clutters","position":[-897.057495,-356.43512,36.6730919],"allowPlayerStep":"1","annotation":"OBSTACLES","isRenderEnabled":false,"rotationMatrix":[0.00141863199,0.999998569,0.000870273449,-0.999988794,0.00141468015,0.00450533722,0.00450408226,-0.000876645558,0.999989271],"shapeName":"/levels/industrial/art/shapes/buildings/ind_ramp_01_2m.dae"}
{"class":"TSStatic","persistentId":"17727409-11a8-438b-854e-41570cf92003","__parent":"industrial_clutters","position":[-302.589111,-182.92926,40.786808],"annotation":"OBSTACLES","decalType":"None","isRenderEnabled":false,"rotationMatrix":[-2.98023224e-08,1,0,-1,-2.98023224e-08,0,0,0,1],"shapeName":"/levels/industrial/art/shapes/buildings/industrial_clutters/ind_rack_s.DAE"}
{"class":"TSStatic","persistentId":"17c93c88-e410-4b5b-91bf-df33ecbda4cc","__parent":"industrial_clutters","position":[-358.888824,-106.130905,40.7958031],"annotation":"OBSTACLES","decalType":"None","isRenderEnabled":false,"rotationMatrix":[-0.0720701292,-0.997400939,0,0.997400939,-0.0720701292,0,0,0,1],"shapeName":"/levels/industrial/art/shapes/buildings/industrial_clutters/ind_rack_a.DAE"}
{"class":"TSStatic","persistentId":"18a9483b-baa5-4746-81b3-a13463360c56","__parent":"industrial_clutters","position":[-437.450867,-82.1152115,50.092701],"isRenderEnabled":false,"rotationMatrix":[1.19209304e-07,-1,0,1,1.19209304e-07,0,0,0,1],"shapeName":"/levels/industrial/art/shapes/buildings/modular_container/modular_01_blue.dae","useInstanceRenderData":true}
{"class":"TSStatic","persistentId":"1a0653a7-caad-4f26-9b02-8330295433c0","__parent":"industrial_clutters","position":[-383.252625,-147.498566,40.7648315],"annotation":"OBSTACLES","decalType":"None","isRenderEnabled":false,"rotationMatrix":[-0.957352638,0.288921982,0,-0.288921982,-0.957352638,0,0,0,1],"shapeName":"/levels/industrial/art/shapes/buildings/industrial_clutters/drum_pallet.DAE"}
{"class":"TSStatic","persistentId":"1ab96c93-9193-41e5-aeb4-35398c7c8422","__parent":"industrial_clutters","position":[-467.671906,-43.820961,40.6300049],"annotation":"OBSTACLES","isRenderEnabled":false,"rotationMatrix":[0.110914946,-0.993829727,0,0.993829727,0.110914946,0,0,0,1],"shapeName":"/levels/industrial/art/shapes/buildings/industrial_clutters/pallet_stack.DAE","useInstanceRenderData":true}
{"class":"TSStatic","persistentId":"1c1087b6-a497-49f5-a68f-38865d460712","__parent":"industrial_clutters","position":[-306.338196,-147.15419,40.7966652],"annotation":"OBSTACLES","decalType":"None","isRenderEnabled":false,"rotationMatrix":[-0.999772966,-0.0213088691,0,0.0213088691,-0.999772966,0,0,0,1],"shapeName":"/levels/industrial/art/shapes/buildings/industrial_clutters/crate_stack.DAE"}
{"class":"TSStatic","persistentId":"1d18e931-6f85-45d5-bc14-fbfc56f889a1","__parent":"industrial_clutters","position":[-437.009125,-82.9394989,40.7349014],"annotation":"OBSTACLES","isRenderEnabled":false,"rotationMatrix":[-0.995292425,-0.0969162956,0,0.0969162956,-0.995292425,0,0,0,1],"shapeName":"/levels/industrial/art/shapes/buildings/industrial_clutters/pallet_stack.DAE","useInstanceRenderData":true}
{"class":"TSStatic","persistentId":"1d587616-51ae-4d16-bc27-e611e6436706","__parent":"industrial_clutters","position":[-334.99469,-99.1673203,40.7424927],"isRenderEnabled":false,"shapeName":"/levels/industrial/art/shapes/buildings/industrial_clutters/cbbox_small_dirt.DAE","useInstanceRenderData":true}
{"class":"TSStatic","persistentId":"1debc0b3-f6e6-426e-b6cd-d4948106d743","__parent":"industrial_clutters","position":[-314.55484,-49.2273521,41.993412],"annotation":"OBSTACLES","decalType":"None","isRenderEnabled":false,"rotationMatrix":[-1,-2.98023195e-07,0,2.98023195e-07,-1,0,0,0,1],"shapeName":"/levels/industrial/art/shapes/buildings/industrial_clutters/concrete_pallet.DAE"}
{"class":"TSStatic","persistentId":"1f7ad39a-0ec2-4771-a894-9d204dba9c0e","__parent":"industrial_clutters","position":[-512.443604,-132.183472,36.6100006],"annotation":"OBSTACLES","isRenderEnabled":false,"shapeName":"/levels/industrial/art/shapes/buildings/industrial_clutters/crate_stack.DAE","useInstanceRenderData":true}
{"class":"TSStatic","persistentId":"20cb5403-dc6d-4d4c-b74b-c90972202074","__parent":"industrial_clutters","position":[-323.010712,-123.246178,43.1885681],"annotation":"OBSTACLES","decalType":"None","isRenderEnabled":false,"rotationMatrix":[-1.49011612e-08,0.999999762,0,-0.999999762,-1.49011612e-08,0,0,0,1],"shapeName":"/levels/industrial/art/shapes/buildings/industrial_clutters/ind_rack_c.DAE"}
{"class":"TSStatic","persistentId":"220a48d6-6853-441d-869b-622280165ef5","__parent":"industrial_clutters","position":[-307.611267,-222.397949,40.7836914],"annotation":"OBSTACLES","decalType":"None","isRenderEnabled":false,"rotationMatrix":[-0.0081821233,-0.99996531,0,0.99996531,-0.0081821233,0,0,0,1],"shapeName":"/levels/industrial/art/shapes/buildings/industrial_clutters/wood_stack_b.DAE"}
{"class":"TSStatic","persistentId":"22324eeb-9080-4450-b9a2-9ece0344ce5f","__parent":"industrial_clutters","position":[43.5102882,-395.004456,36.511364],"annotation":"OBSTACLES","decalType":"None","isRenderEnabled":false,"rotationMatrix":[0.325782388,-0.94544369,0,0.94544369,0.325782388,0,0,0,1],"shapeName":"/levels/industrial/art/shapes/buildings/industrial_clutters/pallet_stack.DAE"}
{"class":"TSStatic","persistentId":"24f6c984-8021-4010-9d8d-c96b3acb90a4","__parent":"industrial_clutters","position":[-322.414459,-70.2623138,41.993412],"annotation":"OBSTACLES","decalType":"None","isRenderEnabled":false,"rotationMatrix":[-0.500000298,0.866025269,0,-0.866025269,-0.500000298,0,0,0,1],"shapeName":"/levels/industrial/art/shapes/buildings/industrial_clutters/concrete_pallet.DAE"}
{"class":"TSStatic","persistentId":"25dd7cfe-a08a-4c6e-8e94-02cd79a551f9","__parent":"industrial_clutters","position":[-376.590851,-259.957977,40.832695],"annotation":"OBSTACLES","decalType":"None","isRenderEnabled":false,"shapeName":"/levels/industrial/art/shapes/buildings/industrial_clutters/ind_rack_l.DAE"}
{"class":"TSStatic","persistentId":"27095a76-70c5-404d-bce8-edea9d4edf4a","__parent":"industrial_clutters","position":[-448.676758,-170.507278,40.7495689],"isRenderEnabled":false,"shapeName":"/levels/industrial/art/shapes/buildings/debris/small_pile_a.DAE","useInstanceRenderData":true}
{"class":"TSStatic","persistentId":"271ebf02-3985-4c0a-884b-8b783b406d30","__parent":"industrial_clutters","position":[-438.263031,-81.3750687,39.3872261],"isRenderEnabled":false,"shapeName":"/levels/industrial/art/shapes/buildings/mine_conveyor/concrete_cylinder_block.dae","useInstanceRenderData":true}
{"class":"TSStatic","persistentId":"274077d3-2560-42e0-b6a3-b6bea4ba4eaa","__parent":"industrial_clutters","position":[-369.953735,-50.2118988,41.5536385],"annotation":"OBSTACLES","decalType":"None","isRenderEnabled":false,"shapeName":"/levels/industrial/art/shapes/buildings/industrial_clutters/concrete_pallet.DAE"}
{"class":"TSStatic","persistentId":"275eb20c-57e4-4984-9e61-290fe9b13250","__parent":"industrial_clutters","position":[-304.035919,-177.826187,41.2142067],"annotation":"OBSTACLES","decalType":"None","isRenderEnabled":false,"rotationMatrix":[-0.500000298,0.866025269,0,-0.866025269,-0.500000298,0,0,0,1],"shapeName":"/levels/industrial/art/shapes/buildings/industrial_clutters/concrete_pallet.DAE"}
{"class":"TSStatic","persistentId":"27fc57fb-ad14-4ef9-a9a2-5ec458fbb1cc","__parent":"industrial_clutters","position":[-513.666443,-132.017303,36.6100006],"annotation":"OBSTACLES","isRenderEnabled":false,"shapeName":"/levels/industrial/art/shapes/buildings/industrial_clutters/ind_pallet_cardboard.DAE","useInstanceRenderData":true}
{"class":"TSStatic","persistentId":"287a6d63-6e58-4422-a0ec-f49f81cf478b","__parent":"industrial_clutters","position":[-423.467682,-100.189728,42.9519196],"annotation":"OBSTACLES","decalType":"None","isRenderEnabled":false,"shapeName":"/levels/industrial/art/shapes/buildings/industrial_clutters/ind_pipes_big_stack.DAE"}
{"class":"TSStatic","persistentId":"28856d33-e232-4699-a570-b12c314b9a70","__parent":"industrial_clutters","position":[-438.603821,-202.651642,40.802002],"annotation":"OBSTACLES","decalType":"None","isRenderEnabled":false,"rotationMatrix":[-0.052100651,0.998641789,0,-0.998641789,-0.052100651,0,0,0,1],"shapeName":"/levels/industrial/art/shapes/buildings/industrial_clutters/wood_stack_a.DAE"}
{"class":"TSStatic","persistentId":"2b1fc811-a901-4ecc-9a40-a7e4aecf0207","__parent":"industrial_clutters","position":[-464.103638,-216.580078,40.8112221],"annotation":"OBSTACLES","decalType":"None","isRenderEnabled":false,"rotationMatrix":[0.063066408,0.998008609,0,-0.998008609,0.063066408,0,0,0,1],"shapeName":"/levels/industrial/art/shapes/buildings/industrial_clutters/crate_stack.DAE"}
{"class":"TSStatic","persistentId":"2b263e56-aefb-4f49-8b21-48232021a7f9","__parent":"industrial_clutters","position":[-436.459534,-83.9383392,40.7349014],"annotation":"OBSTACLES","isRenderEnabled":false,"rotationMatrix":[-0.999973297,-0.00730922259,0,0.00730922259,-0.999973297,0,0,0,1],"shapeName":"/levels/industrial/art/shapes/buildings/industrial_clutters/pallet_stack.DAE","useInstanceRenderData":true}
{"class":"TSStatic","persistentId":"2bd1799a-842e-4613-b424-63960b5871c8","__parent":"industrial_clutters","position":[-378.215363,-43.9409332,40.630909],"annotation":"OBSTACLES","decalType":"None","isRenderEnabled":false,"rotationMatrix":[-1.49011612e-08,-1,0,1,-1.49011612e-08,0,0,0,1],"shapeName":"/levels/industrial/art/shapes/buildings/industrial_clutters/metal_drum_a.DAE"}
{"class":"TSStatic","persistentId":"2da49bcb-cdf4-4525-914b-415f56429f70","__parent":"industrial_clutters","position":[-326.684998,-127.957504,40.7501221],"decalType":"None","isRenderEnabled":false,"rotationMatrix":[0.383126169,0.92369616,0,-0.92369616,0.383126169,0,0,0,1],"shapeName":"/levels/industrial/art/shapes/buildings/industrial_clutters/plastic_bucket.DAE"}
{"class":"TSStatic","persistentId":"2e4a3b2c-3a6d-4c0e-a887-bed061ad84e3","__parent":"industrial_clutters","position":[-325.526611,-105.75193,40.7795296],"annotation":"OBSTACLES","decalType":"None","isRenderEnabled":false,"rotationMatrix":[-0.999364913,0.0356217697,0,-0.0356217697,-0.999364913,0,0,0,1],"shapeName":"/levels/industrial/art/shapes/buildings/industrial_clutters/ind_rack_b.DAE"}
{"class":"TSStatic","persistentId":"2e5a9a3b-a696-4b17-804c-23b56d89aee8","__parent":"industrial_clutters","position":[-463.480164,-188.831802,40.7925415],"annotation":"OBSTACLES","decalType":"None","isRenderEnabled":false,"rotationMatrix":[1.49011612e-07,1,0,-1,1.49011612e-07,0,0,0,1],"shapeName":"/levels/industrial/art/shapes/buildings/industrial_clutters/ind_rack_c.DAE"}
{"class":"TSStatic","persistentId":"2ee8fbe1-2f78-4262-b34f-406029311626","__parent":"industrial_clutters","position":[-294.039093,-64.1241608,40.7836952],"annotation":"OBSTACLES","decalType":"None","isRenderEnabled":false,"shapeName":"/levels/industrial/art/shapes/buildings/industrial_clutters/wood_stack_a.DAE"}
{"class":"TSStatic","persistentId":"3069a3fb-1c79-4a34-864f-dfc0ec6a0978","__parent":"industrial_clutters","position":[-430.281769,-225.185684,40.8218307],"annotation":"OBSTACLES","decalType":"None","isRenderEnabled":false,"rotationMatrix":[-2.98023153e-08,1,0,-1,-2.98023153e-08,0,0,0,1],"shapeName":"/levels/industrial/art/shapes/buildings/industrial_clutters/ind_rack_c.DAE"}
{"class":"TSStatic","persistentId":"30f5a9e0-0d2e-4a85-8015-ea3e9b8ec44e","__parent":"industrial_clutters","position":[-423.467682,-100.189728,40.7867432],"annotation":"OBSTACLES","decalType":"None","isRenderEnabled":false,"shapeName":"/levels/industrial/art/shapes/buildings/industrial_clutters/ind_pipes_big_stack.DAE"}
{"class":"TSStatic","persistentId":"31cbcb65-8586-4106-8871-5a4fe572cc0c","__parent":"industrial_clutters","position":[-415.494049,-230.676773,42.560318],"annotation":"OBSTACLES","decalType":"None","isRenderEnabled":false,"rotationMatrix":[-3.12924385e-07,0.999999344,0,-0.999999344,-3.12924385e-07,0,0,0,1],"shapeName":"/levels/industrial/art/shapes/buildings/industrial_clutters/wood_stack_c.DAE"}
{"class":"TSStatic","persistentId":"3213d2a4-f2d7-4f45-8706-64daeabcf084","__parent":"industrial_clutters","position":[-306.318176,-148.094559,40.7990074],"annotation":"OBSTACLES","decalType":"None","isRenderEnabled":false,"rotationMatrix":[-0.999937534,0.0112058558,0,-0.0112058558,-0.999937534,0,0,0,1],"shapeName":"/levels/industrial/art/shapes/buildings/industrial_clutters/crate_stack.DAE"}
{"class":"TSStatic","persistentId":"322899df-41d9-492d-8539-5a1793ace345","__parent":"industrial_clutters","position":[-307.76474,-203.663742,40.8203125],"annotation":"OBSTACLES","decalType":"None","isRenderEnabled":false,"rotationMatrix":[0.0412013419,0.999150872,0,-0.999150872,0.0412013419,0,0,0,1],"shapeName":"/levels/industrial/art/shapes/buildings/industrial_clutters/wood_stack_c.DAE"}
{"class":"TSStatic","persistentId":"32d24044-4ff4-4fe2-9a96-698759faac71","__parent":"industrial_clutters","position":[-287.342163,-100.209084,40.7330322],"decalType":"None","isRenderEnabled":false,"rotationMatrix":[-0.807165802,-0.590324759,0,0.590324759,-0.807165802,0,0,0,1],"shapeName":"/levels/industrial/art/shapes/buildings/industrial_clutters/ind_dumpster_empty.DAE"}
{"class":"TSStatic","persistentId":"330eb9dd-8836-427d-9cdd-fc1f9b97044a","__parent":"industrial_clutters","position":[-423.398254,-100.189728,44.0323105],"annotation":"OBSTACLES","decalType":"None","isRenderEnabled":false,"rotationMatrix":[-0.999999583,-1.04308128e-07,0,1.04308128e-07,-0.999999583,0,0,0,1],"shapeName":"/levels/industrial/art/shapes/buildings/industrial_clutters/ind_pipes_big_stack.DAE"}
{"class":"TSStatic","persistentId":"337a3a90-a606-403e-9e2a-da9306b695e5","__parent":"industrial_clutters","position":[-482.875122,-155.683395,40.7699585],"annotation":"OBSTACLES","decalType":"None","isRenderEnabled":false,"rotationMatrix":[0.00478534214,0.999988794,0,-0.999988794,0.00478534214,0,0,0,1],"shapeName":"/levels/industrial/art/shapes/buildings/industrial_clutters/wood_stack_a.DAE"}
{"class":"TSStatic","persistentId":"338afe2b-137c-4f8f-b77f-9d5534663543","__parent":"industrial_clutters","position":[-164.872025,13.8021994,37.1127281],"annotation":"OBSTACLES","isRenderEnabled":false,"rotationMatrix":[0.904708743,-0.370954067,0.209515572,0.361390024,0.928652108,0.0836919546,-0.225612864,-1.38070675e-08,0.974217057],"shapeName":"/levels/industrial/art/shapes/buildings/ind_metal_scraps_b.DAE"}
{"class":"TSStatic","persistentId":"34adbb34-c4aa-4fc2-b38d-5dfcaf201f7c","__parent":"industrial_clutters","position":[-308.099396,-68.2231216,40.8371964],"annotation":"OBSTACLES","decalType":"None","isRenderEnabled":false,"rotationMatrix":[0.967790365,-0.251757085,0,0.251757085,0.967790365,0,0,0,1],"shapeName":"/levels/industrial/art/shapes/buildings/industrial_clutters/road_cone.DAE"}
{"class":"TSStatic","persistentId":"3566273a-9f38-4e70-9e18-6debee2fe85d","__parent":"industrial_clutters","position":[-381.378021,-50.0690804,40.6982422],"annotation":"OBSTACLES","decalType":"None","isRenderEnabled":false,"rotationMatrix":[2.98023224e-08,-0.999999821,0,0.999999821,2.98023224e-08,0,0,0,1],"shapeName":"/levels/industrial/art/shapes/buildings/industrial_clutters/ind_fullgasrack.DAE"}
{"class":"TSStatic","persistentId":"38f8876c-14c9-4bf3-9bc5-921647b13307","__parent":"industrial_clutters","position":[-378.286774,-43.3330765,40.6434784],"annotation":"OBSTACLES","decalType":"None","isRenderEnabled":false,"rotationMatrix":[0.999999166,-0.00146558881,0,0.00146558881,0.999999166,0,0,0,1],"shapeName":"/levels/industrial/art/shapes/buildings/industrial_clutters/metal_drum_a.DAE"}
{"class":"TSStatic","persistentId":"3974d323-5a2a-4915-9aab-0392783ad773","__parent":"industrial_clutters","position":[-322.450836,-70.1993561,41.5638924],"annotation":"OBSTACLES","decalType":"None","isRenderEnabled":false,"rotationMatrix":[-0.866025448,-0.5,0,0.5,-0.866025448,0,0,0,1],"shapeName":"/levels/industrial/art/shapes/buildings/industrial_clutters/concrete_pallet.DAE"}
{"class":"TSStatic","persistentId":"3a6d695c-e09a-4c95-90f1-2c7ad13645ed","__parent":"industrial_clutters","position":[-296.400116,-70.8539581,40.7104492],"annotation":"OBSTACLES","decalType":"None","isRenderEnabled":false,"shapeName":"/levels/industrial/art/shapes/buildings/industrial_clutters/road_cone.DAE"}
{"class":"TSStatic","persistentId":"3aff3767-b130-49a7-a46f-6311a5b8f49f","__parent":"industrial_clutters","position":[-484.648956,-152.516983,40.7684937],"annotation":"OBSTACLES","decalType":"None","isRenderEnabled":false,"rotationMatrix":[0.994895101,-0.100914441,0,0.100914441,0.994895101,0,0,0,1],"shapeName":"/levels/industrial/art/shapes/buildings/industrial_clutters/wood_stack_a.DAE"}
{"class":"TSStatic","persistentId":"3dfbea44-e079-422c-ace0-d63cdf88302e","__parent":"industrial_clutters","position":[-372.02771,-54.3715363,40.7001953],"annotation":"OBSTACLES","decalType":"None","isRenderEnabled":false,"shapeName":"/levels/industrial/art/shapes/buildings/industrial_clutters/concrete_pallet.DAE"}
{"class":"TSStatic","persistentId":"3fbb9800-5056-4d6b-bedc-e239a1c31f5f","__parent":"industrial_clutters","position":[-376.594421,-263.401764,40.8356857],"annotation":"OBSTACLES","decalType":"None","isRenderEnabled":false,"rotationMatrix":[-0.999999642,-1.63912773e-07,0,1.63912773e-07,-0.999999642,0,0,0,1],"shapeName":"/levels/industrial/art/shapes/buildings/industrial_clutters/ind_rack_m.DAE"}
{"class":"TSStatic","persistentId":"3fdf0c44-9337-4bf4-95d7-533c997bf684","__parent":"industrial_clutters","position":[-436.932037,-85.1777954,40.735775],"annotation":"OBSTACLES","isRenderEnabled":false,"shapeName":"/levels/industrial/art/shapes/buildings/industrial_clutters/ind_wood_stack.DAE","useInstanceRenderData":true}
{"class":"TSStatic","persistentId":"422ad62a-20d0-42fb-bf9c-d0c62b97f13c","__parent":"industrial_clutters","position":[-486.261444,-114.315536,41.1617546],"isRenderEnabled":false,"rotationMatrix":[0.999464095,-0.00558983907,-0.0322540067,0.000926225504,0.989746869,-0.142828777,0.032721661,0.142722353,0.989221513],"shapeName":"/levels/industrial/art/shapes/buildings/debris/small_pile_c.DAE","useInstanceRenderData":true}
{"class":"TSStatic","persistentId":"435881b6-eb55-4546-87e1-685933bdec9c","__parent":"industrial_clutters","position":[-459.818481,-68.0736542,40.7432709],"annotation":"OBSTACLES","decalType":"None","isRenderEnabled":false,"rotationMatrix":[-0.992036045,0.125957295,0,-0.125957295,-0.992036045,0,0,0,1],"shapeName":"/levels/industrial/art/shapes/buildings/ind_metal_scraps_b.DAE"}
{"class":"TSStatic","persistentId":"43980439-921e-470c-8cd7-1865a5d6128c","__parent":"industrial_clutters","position":[-415.06781,-236.976562,40.8203125],"annotation":"OBSTACLES","decalType":"None","isRenderEnabled":false,"rotationMatrix":[-0.0938889533,0.9955827,0,-0.9955827,-0.0938889533,0,0,0,1],"shapeName":"/levels/industrial/art/shapes/buildings/industrial_clutters/wood_stack_c.DAE"}
{"class":"TSStatic","persistentId":"43edd631-453a-4efc-bd40-fa3d2a2e0814","__parent":"industrial_clutters","position":[-307.766052,-203.697815,41.4003143],"annotation":"OBSTACLES","decalType":"None","isRenderEnabled":false,"rotationMatrix":[-0.0412013419,-0.999150872,0,0.999150872,-0.0412013419,0,0,0,1],"shapeName":"/levels/industrial/art/shapes/buildings/industrial_clutters/wood_stack_c.DAE"}
{"class":"TSStatic","persistentId":"446b8ed2-067e-4ad9-8d71-5fa1a83f1bf7","__parent":"industrial_clutters","position":[-423.398254,-100.189728,41.8671341],"annotation":"OBSTACLES","decalType":"None","isRenderEnabled":false,"rotationMatrix":[-0.999999583,-1.04308128e-07,0,1.04308128e-07,-0.999999583,0,0,0,1],"shapeName":"/levels/industrial/art/shapes/buildings/industrial_clutters/ind_pipes_big_stack.DAE"}
{"class":"TSStatic","persistentId":"454351a8-364a-42b4-a63f-d9ea67395a7f","__parent":"industrial_clutters","position":[-308.604187,-177.706238,40.7882614],"annotation":"OBSTACLES","decalType":"None","isRenderEnabled":false,"rotationMatrix":[-1.93715096e-07,-0.999999762,0,0.999999762,-1.93715096e-07,0,0,0,1],"shapeName":"/levels/industrial/art/shapes/buildings/industrial_clutters/ind_rack_m.DAE"}
{"class":"TSStatic","persistentId":"45792e8c-abf5-43dd-b537-4e35ff5732d4","__parent":"industrial_clutters","position":[-327.114288,-128.156509,40.7501831],"decalType":"None","isRenderEnabled":false,"rotationMatrix":[-0.461971492,-0.886894941,0,0.886894941,-0.461971492,0,0,0,1],"shapeName":"/levels/industrial/art/shapes/buildings/industrial_clutters/cbbox_medium_dirt.DAE"}
{"class":"TSStatic","persistentId":"471491c4-49ef-437d-903e-3227c8317825","__parent":"industrial_clutters","position":[-486.821442,-115.270081,41.1861191],"isRenderEnabled":false,"rotationMatrix":[0.999951303,-0.00462380657,-0.00871809293,0.00467526494,0.999971688,0.00589141203,0.00869060587,-0.00593188452,0.999944627],"shapeName":"/levels/industrial/art/shapes/buildings/debris/medium_pile.DAE","useInstanceRenderData":true}
{"class":"TSStatic","persistentId":"48957b25-7d34-446f-ba12-44209ec09871","__parent":"industrial_clutters","position":[-326.477417,-127.297829,40.9616776],"decalType":"None","isRenderEnabled":false,"rotationMatrix":[1,0,0,0,-8.94069672e-08,1.00000024,0,-1.00000024,-8.94069672e-08],"shapeName":"/levels/industrial/art/shapes/buildings/industrial_clutters/cbbox_small_dirt.DAE"}
{"class":"TSStatic","persistentId":"48c51150-243a-4b77-b074-4f87c381921f","__parent":"industrial_clutters","position":[-369.953735,-50.2118988,40.7001953],"annotation":"OBSTACLES","decalType":"None","isRenderEnabled":false,"shapeName":"/levels/industrial/art/shapes/buildings/industrial_clutters/concrete_pallet.DAE"}
{"class":"TSStatic","persistentId":"4b8d190a-6b69-4981-892e-fe950bac7172","__parent":"industrial_clutters","position":[-360.894836,-49.7109299,40.7008667],"annotation":"OBSTACLES","decalType":"None","isRenderEnabled":false,"rotationMatrix":[0.0635549128,0.997976661,0,-0.997976661,0.0635549128,0,0,0,1],"shapeName":"/levels/industrial/art/shapes/buildings/industrial_clutters/drum_pallet.DAE"}
{"class":"TSStatic","persistentId":"4c97bd4b-7e5d-4439-be86-9a649be10fff","__parent":"industrial_clutters","position":[-314.627533,-49.2273827,41.5638924],"annotation":"OBSTACLES","decalType":"None","isRenderEnabled":false,"rotationMatrix":[-2.98023153e-08,-1,0,1,-2.98023153e-08,0,0,0,1],"shapeName":"/levels/industrial/art/shapes/buildings/industrial_clutters/concrete_pallet.DAE"}
{"class":"TSStatic","persistentId":"4d358965-1e2e-4f63-b2ba-91ed30fc11b5","__parent":"industrial_clutters","position":[-360.853699,-150.641739,40.7714729],"annotation":"OBSTACLES","decalType":"None","isRenderEnabled":false,"rotationMatrix":[-0.994143903,0.108059369,0,-0.108059369,-0.994143903,0,0,0,1],"shapeName":"/levels/industrial/art/shapes/buildings/industrial_clutters/ind_rack_b.DAE"}
{"class":"TSStatic","persistentId":"4db89108-4109-4415-9814-0550871c6574","__parent":"industrial_clutters","position":[-420.521729,-156.716629,41.1475525],"isRenderEnabled":false,"rotationMatrix":[0.999989629,0.000232172766,-0.00455385307,0.000232172766,0.994814813,0.101702727,0.00455385307,-0.101702727,0.994804382],"shapeName":"/levels/industrial/art/shapes/buildings/debris/medium_pile.DAE","useInstanceRenderData":true}
{"class":"TSStatic","persistentId":"4dc0de20-1ecd-44dd-8321-72d0641e84bb","__parent":"industrial_clutters","position":[41.9187698,-396.114716,34.0193062],"annotation":"OBSTACLES","isRenderEnabled":false,"rotationMatrix":[0.920217693,0.391406417,0,-0.391406417,0.920217693,0,0,0,1],"shapeName":"/levels/industrial/art/shapes/buildings/ind_metal_scraps_b.DAE"}
{"class":"TSStatic","persistentId":"4f7559d4-deca-4786-a558-6654684d0fd9","__parent":"industrial_clutters","position":[-270.797821,-119.418114,40.6668205],"isRenderEnabled":false,"rotationMatrix":[-0.999999881,1.49011612e-07,0,-1.49011612e-07,-0.999999881,0,0,0,1],"shapeName":"/levels/industrial/art/shapes/buildings/tankfarm/ind_control_shed.DAE","useInstanceRenderData":true}
{"class":"TSStatic","persistentId":"4fc73aa6-c8e5-4019-9f26-91db5b644161","__parent":"industrial_clutters","position":[-133.452225,-138.902512,38.9833412],"annotation":"OBSTACLES","decalType":"None","isRenderEnabled":false,"rotationMatrix":[-0.505782068,0.86266005,0,-0.86266005,-0.505782068,0,0,0,1],"shapeName":"/levels/industrial/art/shapes/buildings/ind_metal_scraps_c.DAE"}
{"class":"TSStatic","persistentId":"5005f71e-44e9-4626-8933-6d2718a261d0","__parent":"industrial_clutters","position":[-338.97522,-206.723175,40.7450523],"annotation":"OBSTACLES","decalType":"None","isRenderEnabled":false,"shapeName":"/levels/industrial/art/shapes/buildings/industrial_clutters/wood_stack_a.DAE"}
{"class":"TSStatic","persistentId":"52da2635-e187-4407-a692-d796e8cc33ff","__parent":"industrial_clutters","position":[-423.651703,-102.782394,41.8510551],"annotation":"OBSTACLES","decalType":"None","isRenderEnabled":false,"rotationMatrix":[0.999891102,0,0.0147593804,0,1,0,-0.0147593804,0,0.999891102],"shapeName":"/levels/industrial/art/shapes/buildings/industrial_clutters/ind_pipes_small_stack.DAE"}
{"class":"TSStatic","persistentId":"5464519d-dbd9-4b62-947e-80d30a73aa15","__parent":"industrial_clutters","position":[-297.21344,-66.9324799,40.7074585],"annotation":"OBSTACLES","decalType":"None","isRenderEnabled":false,"shapeName":"/levels/industrial/art/shapes/buildings/industrial_clutters/road_cone.DAE"}
{"class":"TSStatic","persistentId":"566b183d-d47a-48f0-9b4a-541a60c9c8c3","__parent":"industrial_clutters","position":[-415.166199,-226.108398,40.8172607],"annotation":"OBSTACLES","decalType":"None","isRenderEnabled":false,"rotationMatrix":[-0.999999523,1.49011612e-07,0,-1.49011612e-07,-0.999999523,0,0,0,1],"shapeName":"/levels/industrial/art/shapes/buildings/industrial_clutters/crate_stack.DAE"}
{"class":"TSStatic","persistentId":"56a66e04-a3d8-46f6-865e-6c1fca3ec68e","__parent":"industrial_clutters","position":[-424.365662,-106.802414,42.9462891],"annotation":"OBSTACLES","decalType":"None","isRenderEnabled":false,"shapeName":"/levels/industrial/art/shapes/buildings/industrial_clutters/ind_pipes_big_stack.DAE"}
{"class":"TSStatic","persistentId":"570227c3-9d35-42ed-809e-4333b64e144d","__parent":"industrial_clutters","position":[-306.318237,-148.106964,42.1972542],"annotation":"OBSTACLES","decalType":"None","isRenderEnabled":false,"rotationMatrix":[0.998615742,0.0525989756,0,-0.0525989756,0.998615742,0,0,0,1],"shapeName":"/levels/industrial/art/shapes/buildings/industrial_clutters/crate_stack.DAE"}
{"class":"TSStatic","persistentId":"57b69180-de40-49f2-b228-8ef48df99b5c","__parent":"industrial_clutters","position":[-297.213684,-62.489975,40.7043457],"annotation":"OBSTACLES","decalType":"None","isRenderEnabled":false,"shapeName":"/levels/industrial/art/shapes/buildings/industrial_clutters/road_cone.DAE"}
{"class":"TSStatic","persistentId":"59321f71-c2df-49dd-ac88-c62b1f38b9cc","__parent":"industrial_clutters","position":[-326.856689,-110.739586,40.7966728],"annotation":"OBSTACLES","decalType":"None","isRenderEnabled":false,"rotationMatrix":[0.986124933,0.16599676,0,-0.16599676,0.986124933,0,0,0,1],"shapeName":"/levels/industrial/art/shapes/buildings/industrial_clutters/crate_stack.DAE"}
{"class":"TSStatic","persistentId":"5a5a026e-5ced-426b-866c-c9099f719159","__parent":"industrial_clutters","position":[-423.000427,-97.9122467,40.7867432],"annotation":"OBSTACLES","decalType":"None","isRenderEnabled":false,"rotationMatrix":[-0.999536872,-0.0304310583,0,0.0304310583,-0.999536872,0,0,0,1],"shapeName":"/levels/industrial/art/shapes/buildings/industrial_clutters/ind_pipes_big_stack.DAE"}
{"class":"TSStatic","persistentId":"5a990aaa-4451-483b-8438-79690988b909","__parent":"industrial_clutters","position":[-324.539062,-78.8642044,40.7226448],"annotation":"OBSTACLES","decalType":"None","isRenderEnabled":false,"rotationMatrix":[-1.49011598e-07,1,0,-1,-1.49011598e-07,0,0,0,1],"shapeName":"/levels/industrial/art/shapes/buildings/industrial_clutters/ind_rack_b.DAE"}
{"class":"TSStatic","persistentId":"5a9c32f7-aba6-458e-aba2-c7f03aad72b2","__parent":"industrial_clutters","position":[-424.835114,-109.240532,41.8681259],"annotation":"OBSTACLES","decalType":"None","isRenderEnabled":false,"rotationMatrix":[1,-1.78813977e-07,0,1.78813977e-07,1,0,0,0,1],"shapeName":"/levels/industrial/art/shapes/buildings/industrial_clutters/ind_pipes_big_stack.DAE"}
{"class":"TSStatic","persistentId":"5b290bce-7edd-4aee-944b-d0f3de700066","__parent":"industrial_clutters","position":[-485.581543,-155.446945,41.8892708],"annotation":"OBSTACLES","decalType":"None","isRenderEnabled":false,"rotationMatrix":[0.0338262022,0.999427855,0,-0.999427855,0.0338262022,0,0,0,1],"shapeName":"/levels/industrial/art/shapes/buildings/industrial_clutters/wood_stack_a.DAE"}
{"class":"TSStatic","persistentId":"5ba8379d-d14e-4850-8d06-06ec17199953","__parent":"industrial_clutters","position":[-423.702026,-102.556351,40.7867432],"annotation":"OBSTACLES","decalType":"None","isRenderEnabled":false,"rotationMatrix":[-0.999076843,0.0429594256,0,-0.0429594256,-0.999076843,0,0,0,1],"shapeName":"/levels/industrial/art/shapes/buildings/industrial_clutters/ind_pipes_big_stack.DAE"}
{"class":"TSStatic","persistentId":"5cf7da70-09a0-4c1d-8976-cb2d5397e888","__parent":"industrial_clutters","position":[-411.497803,-186.490158,40.7919922],"annotation":"OBSTACLES","decalType":"None","isRenderEnabled":false,"rotationMatrix":[0.313461453,0.94960171,0,-0.94960171,0.313461453,0,0,0,1],"shapeName":"/levels/industrial/art/shapes/buildings/industrial_clutters/pallet_stack.DAE"}
{"class":"TSStatic","persistentId":"5fc2b5f1-b6e6-4da1-b576-174ce6af02a0","__parent":"industrial_clutters","position":[-436.930481,-81.406601,40.4096222],"isRenderEnabled":false,"shapeName":"/levels/industrial/art/shapes/buildings/mine_conveyor/conveyor_support.dae","useInstanceRenderData":true}
{"class":"TSStatic","persistentId":"607e5b8c-d72f-4c94-92e0-58eb71299d52","__parent":"industrial_clutters","position":[-468.844604,-43.9633064,40.633606],"annotation":"OBSTACLES","isRenderEnabled":false,"shapeName":"/levels/industrial/art/shapes/buildings/industrial_clutters/metal_drum_old_a.DAE","useInstanceRenderData":true}
{"class":"TSStatic","persistentId":"60ac80d8-b803-48f5-86b1-68f576234a98","__parent":"industrial_clutters","position":[-309.113647,-200.957413,41.4003143],"annotation":"OBSTACLES","decalType":"None","isRenderEnabled":false,"rotationMatrix":[0.100327328,0.994954526,0,-0.994954526,0.100327335,0,0,0,1],"shapeName":"/levels/industrial/art/shapes/buildings/industrial_clutters/wood_stack_c.DAE"}
{"class":"TSStatic","persistentId":"62a9e687-42a5-4a4b-96fd-b03cc349256c","__parent":"industrial_clutters","position":[-459.876282,-216.493362,40.8173103],"annotation":"OBSTACLES","decalType":"None","isRenderEnabled":false,"rotationMatrix":[1.78813906e-07,-1,0,1,1.7881392e-07,0,0,0,1],"shapeName":"/levels/industrial/art/shapes/buildings/industrial_clutters/ind_rack_b.DAE"}
{"class":"TSStatic","persistentId":"645c8e5b-db7b-4a94-a273-dad57ce44f98","__parent":"industrial_clutters","position":[-467.191742,-191.464096,41.3027382],"decalType":"None","isRenderEnabled":false,"rotationMatrix":[0.919707358,-0.0875283033,0.382722974,-2.25845724e-08,0.974831402,0.222942755,-0.392604411,-0.205042198,0.896559834],"shapeName":"/levels/industrial/art/shapes/buildings/industrial_clutters/cbbox_medium_dirt.DAE"}
{"class":"TSStatic","persistentId":"65dab323-f824-46e2-bda4-7480616d57f4","__parent":"industrial_clutters","position":[-438.219482,-82.505661,40.7349014],"annotation":"OBSTACLES","isRenderEnabled":false,"rotationMatrix":[0.0736133158,0.997286737,0,-0.997286737,0.0736133158,0,0,0,1],"shapeName":"/levels/industrial/art/shapes/buildings/industrial_clutters/pallet_stack.DAE","useInstanceRenderData":true}
{"class":"TSStatic","persistentId":"680625a5-d09b-4b76-9257-b5f67072eef9","__parent":"industrial_clutters","position":[-269.35376,-121.38588,40.6823006],"annotation":"OBSTACLES","isRenderEnabled":false,"rotationMatrix":[0.249805689,-0.968295634,0,0.968295634,0.249805689,0,0,0,1],"shapeName":"/levels/industrial/art/shapes/buildings/ind_metal_scraps_c.DAE"}
{"class":"TSStatic","persistentId":"686a88eb-b4b3-45b7-880f-3caf67d07ed4","__parent":"industrial_clutters","position":[-369.634338,-48.7702522,41.9831581],"annotation":"OBSTACLES","decalType":"None","isRenderEnabled":false,"rotationMatrix":[-1,-2.98023195e-07,0,2.98023195e-07,-1,0,0,0,1],"shapeName":"/levels/industrial/art/shapes/buildings/industrial_clutters/concrete_pallet.DAE"}
{"class":"TSStatic","persistentId":"6bb96130-1a2d-49cb-8bc1-b39a7b115146","__parent":"industrial_clutters","position":[-308.099396,-68.2231216,40.713562],"annotation":"OBSTACLES","decalType":"None","isRenderEnabled":false,"shapeName":"/levels/industrial/art/shapes/buildings/industrial_clutters/road_cone.DAE"}
{"class":"TSStatic","persistentId":"6c6554a6-17cb-41af-a704-eb84e75d57a7","__parent":"industrial_clutters","position":[-325.211731,-101.468979,40.7834473],"annotation":"OBSTACLES","decalType":"None","isRenderEnabled":false,"rotationMatrix":[0.508955777,0.860791922,0,-0.860791922,0.508955777,0,0,0,1],"shapeName":"/levels/industrial/art/shapes/buildings/industrial_clutters/pallet_stack.DAE"}
{"class":"TSStatic","persistentId":"6e09024e-6d37-4929-ab41-0d6e70d1743c","__parent":"industrial_clutters","position":[-445.404053,-169.617249,40.7436676],"isRenderEnabled":false,"rotationMatrix":[-1.49011612e-07,0.99999994,0,-0.99999994,-1.49011612e-07,0,0,0,1],"shapeName":"/levels/industrial/art/shapes/buildings/debris/big_pile_angle.DAE","useInstanceRenderData":true}
{"class":"TSStatic","persistentId":"6fb0afa3-eda8-4826-a8c2-7386cf36dcd6","__parent":"industrial_clutters","position":[-326.987335,-70.1423645,40.7150192],"annotation":"OBSTACLES","decalType":"None","isRenderEnabled":false,"rotationMatrix":[-1.93715096e-07,-0.999999762,0,0.999999762,-1.93715096e-07,0,0,0,1],"shapeName":"/levels/industrial/art/shapes/buildings/industrial_clutters/ind_rack_m.DAE"}
{"class":"TSStatic","persistentId":"71303da6-68e3-4f80-bf29-86a4dcd00204","__parent":"industrial_clutters","position":[-424.171631,-104.607109,41.4355164],"annotation":"OBSTACLES","decalType":"None","isRenderEnabled":false,"rotationMatrix":[-0.999999642,-1.04308128e-07,0,1.04308128e-07,-0.999999642,0,0,0,1],"shapeName":"/levels/industrial/art/shapes/buildings/industrial_clutters/ind_pipes_small_stack.DAE"}
{"class":"TSStatic","persistentId":"722fed93-2d64-4bd8-8141-23013e4c1122","__parent":"industrial_clutters","position":[-424.171631,-104.607109,40.7837219],"annotation":"OBSTACLES","decalType":"None","isRenderEnabled":false,"shapeName":"/levels/industrial/art/shapes/buildings/industrial_clutters/ind_pipes_small_stack.DAE"}
{"class":"TSStatic","persistentId":"72569a57-628f-40f8-906e-d7ff9ef95510","__parent":"industrial_clutters","position":[-413.950378,-128.578201,40.7501831],"annotation":"OBSTACLES","decalType":"None","isRenderEnabled":false,"rotationMatrix":[0.785008729,0.619485915,0,-0.619485915,0.785008729,0,0,0,1],"shapeName":"/levels/industrial/art/shapes/buildings/industrial_clutters/ind_clutter_mix.DAE"}
{"class":"TSStatic","persistentId":"748f18f9-54e4-4bcc-8f0e-fec9dd6aa80e","__parent":"industrial_clutters","position":[-286.953186,-102.384964,40.7318726],"annotation":"OBSTACLES","decalType":"None","isRenderEnabled":false,"rotationMatrix":[-0.807165802,-0.590324759,0,0.590324759,-0.807165802,0,0,0,1],"shapeName":"/levels/industrial/art/shapes/buildings/industrial_clutters/ind_clutter_mix.DAE"}
{"class":"TSStatic","persistentId":"76b83111-8f4a-4359-914b-0085b445b3ba","__parent":"industrial_clutters","position":[-430.117035,-129.27243,40.7386589],"annotation":"OBSTACLES","isRenderEnabled":false,"shapeName":"/levels/industrial/art/shapes/buildings/industrial_clutters/ind_rack_s.DAE","useInstanceRenderData":true}
{"class":"TSStatic","persistentId":"77b3d65d-349e-42c2-b553-f4dba2656575","__parent":"industrial_clutters","position":[44.3548622,-395.066498,33.8933029],"annotation":"OBSTACLES","isRenderEnabled":false,"rotationMatrix":[0.988243043,0.152897373,0,-0.152897373,0.988243043,0,0,0,1],"shapeName":"/levels/industrial/art/shapes/buildings/ind_metal_scraps_a.DAE"}
{"class":"TSStatic","persistentId":"784f044d-a878-47b9-85f3-1a8abeddc260","__parent":"industrial_clutters","position":[-417.283051,-69.5369263,40.7104492],"annotation":"OBSTACLES","decalType":"None","isRenderEnabled":false,"rotationMatrix":[6.258486e-07,-0.999999285,0,0.999999285,6.258486e-07,0,0,0,1],"shapeName":"/levels/industrial/art/shapes/buildings/industrial_clutters/drum_pallet.DAE"}
{"class":"TSStatic","persistentId":"79b5763b-efcd-4690-99c5-2b76db5651e7","__parent":"industrial_clutters","position":[-330.845123,-77.7043533,40.7158203],"annotation":"OBSTACLES","decalType":"None","isRenderEnabled":false,"rotationMatrix":[0.984070778,0.177776873,0,-0.177776873,0.984070778,0,0,0,1],"shapeName":"/levels/industrial/art/shapes/buildings/industrial_clutters/pallet_stack.DAE"}
{"class":"TSStatic","persistentId":"79e98616-98dd-42d5-a998-f120499522e2","__parent":"industrial_clutters","position":[-431.608826,-154.896851,41.3296204],"annotation":"OBSTACLES","isRenderEnabled":false,"rotationMatrix":[-1.49011612e-07,0.999999881,0,-0.999999881,-1.49011612e-07,0,0,0,1],"shapeName":"/levels/industrial/art/shapes/buildings/industrial_clutters/wood_stack_c.DAE","useInstanceRenderData":true}
{"class":"TSStatic","persistentId":"7ba5d780-591b-43db-92be-59ff7b4b517e","__parent":"industrial_clutters","position":[43.4642258,-395.08728,38.2373047],"annotation":"OBSTACLES","decalType":"None","isRenderEnabled":false,"rotationMatrix":[-0.906918287,-0.42130509,0,0.42130509,-0.906918287,0,0,0,1],"shapeName":"/levels/industrial/art/shapes/buildings/industrial_clutters/crate_stack.DAE"}
{"class":"TSStatic","persistentId":"7dd7342f-469a-4622-b6b1-280abc05323f","__parent":"industrial_clutters","position":[-304.072296,-177.763229,40.784687],"annotation":"OBSTACLES","decalType":"None","isRenderEnabled":false,"rotationMatrix":[-0.866025448,-0.5,0,0.5,-0.866025448,0,0,0,1],"shapeName":"/levels/industrial/art/shapes/buildings/industrial_clutters/concrete_pallet.DAE"}
{"class":"TSStatic","persistentId":"7e826ee2-2c0e-4949-adc8-fd69a9bae230","__parent":"industrial_clutters","position":[-312.988953,-67.0997238,40.710453],"annotation":"OBSTACLES","decalType":"None","isRenderEnabled":false,"rotationMatrix":[-0.966429472,-0.256930441,0,0.256930441,-0.966429472,0,0,0,1],"shapeName":"/levels/industrial/art/shapes/buildings/industrial_clutters/crate_stack.DAE"}
{"class":"TSStatic","persistentId":"8086b324-80f4-48f8-80b3-93b8c6fd953a","__parent":"industrial_clutters","position":[-443.072754,-176.290131,40.7485962],"annotation":"OBSTACLES","isRenderEnabled":false,"shapeName":"/levels/industrial/art/shapes/buildings/industrial_clutters/ind_clutter_mix.DAE","useInstanceRenderData":true}
{"class":"TSStatic","persistentId":"825f50d9-1921-4a4f-9e4e-12a841862708","__parent":"industrial_clutters","position":[-467.055359,-42.7077141,40.6300049],"annotation":"OBSTACLES","isRenderEnabled":false,"rotationMatrix":[-0.997868299,-0.0652569532,0,0.0652569532,-0.997868299,0,0,0,1],"shapeName":"/levels/industrial/art/shapes/buildings/industrial_clutters/pallet_stack.DAE","useInstanceRenderData":true}
{"class":"TSStatic","persistentId":"82a0088d-2620-4d94-887b-588fc088b3c5","__parent":"industrial_clutters","position":[-421.994019,-162.661133,40.7745972],"annotation":"OBSTACLES","decalType":"None","isRenderEnabled":false,"rotationMatrix":[-0.209620386,-0.977782667,0,0.977782667,-0.209620386,0,0,0,1],"shapeName":"/levels/industrial/art/shapes/buildings/industrial_clutters/ind_pallet_cans.DAE"}
{"class":"TSStatic","persistentId":"830dc7ac-05ce-45a5-bfe8-4c29d4fb9c4c","__parent":"industrial_clutters","position":[-331.381409,-69.4307098,40.710453],"annotation":"OBSTACLES","decalType":"None","isRenderEnabled":false,"rotationMatrix":[0.878466904,-0.477801472,0,0.477801472,0.878466904,0,0,0,1],"shapeName":"/levels/industrial/art/shapes/buildings/industrial_clutters/crate_stack.DAE"}
{"class":"TSStatic","persistentId":"83617b94-5149-4e95-9a72-9daf88b08f2c","__parent":"industrial_clutters","position":[-415.064331,-237.01062,41.4003143],"annotation":"OBSTACLES","decalType":"None","isRenderEnabled":false,"rotationMatrix":[0.0938889533,-0.9955827,0,0.9955827,0.0938889533,0,0,0,1],"shapeName":"/levels/industrial/art/shapes/buildings/industrial_clutters/wood_stack_c.DAE"}
{"class":"TSStatic","persistentId":"86ccc373-3b28-4caa-bd2f-a4a3bb8fdfdb","__parent":"industrial_clutters","position":[-309.123657,-201.056396,41.9803162],"annotation":"OBSTACLES","decalType":"None","isRenderEnabled":false,"rotationMatrix":[0.100327067,0.994954586,0,-0.994954586,0.100327067,0,0,0,1],"shapeName":"/levels/industrial/art/shapes/buildings/industrial_clutters/wood_stack_c.DAE"}
{"class":"TSStatic","persistentId":"86cd80d5-a3d2-400b-adf9-95ea0a800551","__parent":"industrial_clutters","position":[-384.62149,-147.850204,40.7623901],"annotation":"OBSTACLES","decalType":"None","isRenderEnabled":false,"rotationMatrix":[-2.98023153e-08,1,0,-1,-2.98023153e-08,0,0,0,1],"shapeName":"/levels/industrial/art/shapes/buildings/industrial_clutters/metal_drum_old_a.DAE"}
{"class":"TSStatic","persistentId":"876dde6c-5acc-4112-bb4c-bf48d0f4ceac","__parent":"industrial_clutters","position":[-369.707031,-48.7702904,40.7001953],"annotation":"OBSTACLES","decalType":"None","isRenderEnabled":false,"rotationMatrix":[-2.98023153e-08,-1,0,1,-2.98023153e-08,0,0,0,1],"shapeName":"/levels/industrial/art/shapes/buildings/industrial_clutters/concrete_pallet.DAE"}
{"class":"TSStatic","persistentId":"88c660ea-0e38-4405-aa3c-7e1b0d627925","__parent":"industrial_clutters","position":[-307.762085,-203.598465,41.9803162],"annotation":"OBSTACLES","decalType":"None","isRenderEnabled":false,"rotationMatrix":[0.0412013419,0.999150872,0,-0.999150872,0.0412013419,0,0,0,1],"shapeName":"/levels/industrial/art/shapes/buildings/industrial_clutters/wood_stack_c.DAE"}
{"class":"TSStatic","persistentId":"897f0a75-80a0-4d63-9c1f-e5faad49d407","__parent":"industrial_clutters","position":[-469.973267,-188.827377,40.7737427],"annotation":"OBSTACLES","decalType":"None","isRenderEnabled":false,"rotationMatrix":[0,-0.999999881,0,0.999999881,0,0,0,0,1],"shapeName":"/levels/industrial/art/shapes/buildings/industrial_clutters/ind_rack_l.DAE"}
{"class":"TSStatic","persistentId":"8ab14cc1-96ff-4f05-8677-c6d8b98f7adf","__parent":"industrial_clutters","position":[-294.039093,-64.1241608,41.9024811],"annotation":"OBSTACLES","decalType":"None","isRenderEnabled":false,"rotationMatrix":[-1.00000024,-2.01165676e-07,0,2.01165676e-07,-1.00000024,0,0,0,1],"shapeName":"/levels/industrial/art/shapes/buildings/industrial_clutters/wood_stack_a.DAE"}
{"class":"TSStatic","persistentId":"8ac19ed5-a38f-4542-8b88-463c2c4cbfb2","__parent":"industrial_clutters","position":[-431.238647,-188.914932,40.7989388],"annotation":"OBSTACLES","decalType":"None","isRenderEnabled":false,"rotationMatrix":[-2.68220901e-07,-0.999999404,0,0.999999404,-2.68220901e-07,0,0,0,1],"shapeName":"/levels/industrial/art/shapes/buildings/industrial_clutters/ind_rack_b.DAE"}
{"class":"TSStatic","persistentId":"8b22bcb7-c579-4c47-94e1-6af62ac18f9b","__parent":"industrial_clutters","position":[41.5860825,-395.751678,36.5100517],"annotation":"OBSTACLES","decalType":"None","isRenderEnabled":false,"rotationMatrix":[0.315402985,-0.948957682,0,0.948957682,0.315402985,0,0,0,1],"shapeName":"/levels/industrial/art/shapes/buildings/industrial_clutters/crate_stack.DAE"}
{"class":"TSStatic","persistentId":"8b65d61a-9919-400c-94da-894ef7757a27","__parent":"industrial_clutters","position":[-396.380005,-250.252045,40.8356323],"annotation":"OBSTACLES","decalType":"None","isRenderEnabled":false,"shapeName":"/levels/industrial/art/shapes/buildings/industrial_clutters/ind_pipes_big_stack.DAE"}
{"class":"TSStatic","persistentId":"8b9215cc-33e3-404b-a540-3350bdff0633","__parent":"industrial_clutters","position":[-292.500458,-67.2288208,40.7836952],"annotation":"OBSTACLES","decalType":"None","isRenderEnabled":false,"rotationMatrix":[1.49011598e-07,1,0,-1,1.49011598e-07,0,0,0,1],"shapeName":"/levels/industrial/art/shapes/buildings/industrial_clutters/wood_stack_a.DAE"}
{"class":"TSStatic","persistentId":"8c66cdaa-28d3-4535-af25-f03a6b01a861","__parent":"industrial_clutters","position":[-435.610016,-86.3395233,39.3872261],"isRenderEnabled":false,"shapeName":"/levels/industrial/art/shapes/buildings/mine_conveyor/concrete_cylinder_block.dae","useInstanceRenderData":true}
{"class":"TSStatic","persistentId":"8d5b1747-8b7c-4114-97df-8e874932ebd5","__parent":"industrial_clutters","position":[-493.537689,-113.22522,40.8396263],"isRenderEnabled":false,"rotationMatrix":[0.998818815,0.00957722869,0.0476368144,-0.00347092003,0.991941333,-0.126650557,-0.0484658852,0.126335606,0.990802884],"shapeName":"/levels/industrial/art/shapes/buildings/debris/small_pile_d.DAE","useInstanceRenderData":true}
{"class":"TSStatic","persistentId":"915c8baa-62b7-4397-b27a-1190a3dd621a","__parent":"industrial_clutters","position":[-336.904572,-77.0463715,40.7181931],"annotation":"OBSTACLES","decalType":"None","isRenderEnabled":false,"rotationMatrix":[-0.999999881,-2.98023224e-08,0,2.98023224e-08,-0.999999881,0,0,0,1],"shapeName":"/levels/industrial/art/shapes/buildings/industrial_clutters/ind_rack_m.DAE"}
{"class":"TSStatic","persistentId":"91cb27d2-594f-4538-a3b2-2d02477b71b8","__parent":"industrial_clutters","position":[-199.503571,-146.637161,38.9884872],"annotation":"OBSTACLES","isRenderEnabled":false,"rotationMatrix":[0.897197068,-0.441629559,0,0.441629559,0.897197068,0,0,0,1],"shapeName":"/levels/industrial/art/shapes/buildings/ind_metal_scraps_a.DAE"}
{"class":"TSStatic","persistentId":"95a1a1f4-32b4-4c3e-ba29-0053934cbca5","__parent":"industrial_clutters","position":[-333.777283,-98.727478,40.7424927],"annotation":"OBSTACLES","isRenderEnabled":false,"shapeName":"/levels/industrial/art/shapes/buildings/industrial_clutters/ind_clutter_mix.DAE","useInstanceRenderData":true}
{"class":"TSStatic","persistentId":"97693537-0c65-4d42-bef4-05cce7698344","__parent":"industrial_clutters","position":[-311.148468,-69.6176453,40.7158203],"annotation":"OBSTACLES","decalType":"None","isRenderEnabled":false,"rotationMatrix":[0.0928531885,-0.995678902,0,0.995678902,0.0928531885,0,0,0,1],"shapeName":"/levels/industrial/art/shapes/buildings/industrial_clutters/pallet_stack.DAE"}
{"class":"TSStatic","persistentId":"97962cdc-e567-4b76-9b7a-140b29bad624","__parent":"industrial_clutters","position":[-415.493988,-230.626266,40.8203125],"annotation":"OBSTACLES","decalType":"None","isRenderEnabled":false,"rotationMatrix":[1.49011612e-07,-0.999999464,0,0.999999464,1.49011612e-07,0,0,0,1],"shapeName":"/levels/industrial/art/shapes/buildings/industrial_clutters/wood_stack_c.DAE"}
{"class":"TSStatic","persistentId":"98148c77-a3bb-47fc-a221-76a02e2b1d5a","__parent":"industrial_clutters","position":[-326.445679,-126.936249,40.7501869],"decalType":"None","isRenderEnabled":false,"rotationMatrix":[0.931401491,0.363992393,0,-0.363992393,0.931401491,0,0,0,1],"shapeName":"/levels/industrial/art/shapes/buildings/industrial_clutters/old_can_a.DAE"}
{"class":"TSStatic","persistentId":"98a69c9e-d946-4c83-84ed-1bbf0b853e5b","__parent":"industrial_clutters","position":[-292.500458,-67.2288208,41.9024811],"annotation":"OBSTACLES","decalType":"None","isRenderEnabled":false,"rotationMatrix":[2.68220873e-07,-1,0,1,2.68220873e-07,0,0,0,1],"shapeName":"/levels/industrial/art/shapes/buildings/industrial_clutters/wood_stack_a.DAE"}
{"class":"TSStatic","persistentId":"9908e891-a837-43af-885f-d8e7422d54a2","__parent":"industrial_clutters","position":[-299.872559,-44.7716751,40.6193848],"annotation":"OBSTACLES","decalType":"None","isRenderEnabled":false,"rotationMatrix":[-0.244728625,0.969591677,0,-0.969591677,-0.244728625,0,0,0,1],"shapeName":"/levels/industrial/art/shapes/buildings/industrial_clutters/concrete_pallet.DAE"}
{"class":"TSStatic","persistentId":"990c5da0-08ce-4976-aec6-fc1455778f8b","__parent":"industrial_clutters","position":[-415.07373,-236.91153,41.9803162],"annotation":"OBSTACLES","decalType":"None","isRenderEnabled":false,"rotationMatrix":[0.0938890427,-0.99558264,0,0.99558264,0.0938890427,0,0,0,1],"shapeName":"/levels/industrial/art/shapes/buildings/industrial_clutters/wood_stack_c.DAE"}
{"class":"TSStatic","persistentId":"9ae43327-4e68-4e50-906b-8aa4cb1b2ffd","__parent":"industrial_clutters","position":[-323.010712,-123.246178,40.8037109],"annotation":"OBSTACLES","decalType":"None","isRenderEnabled":false,"rotationMatrix":[-1.49011612e-08,0.999999762,0,-0.999999762,-1.49011612e-08,0,0,0,1],"shapeName":"/levels/industrial/art/shapes/buildings/industrial_clutters/ind_rack_c.DAE"}
{"class":"TSStatic","persistentId":"9b10f905-f6f9-4cfa-a317-7e1605ec3d8c","__parent":"industrial_clutters","position":[-383.88443,-146.219604,40.7628784],"annotation":"OBSTACLES","decalType":"None","isRenderEnabled":false,"rotationMatrix":[0.960682154,-0.277650774,0,0.277650714,0.960682094,0,0,0,1],"shapeName":"/levels/industrial/art/shapes/buildings/industrial_clutters/drum_pallet.DAE"}
{"class":"TSStatic","persistentId":"9b651556-22c8-4e25-827b-52787278b744","__parent":"industrial_clutters","position":[-438.275208,-83.82267,40.7349014],"annotation":"OBSTACLES","isRenderEnabled":false,"rotationMatrix":[-1.49011612e-07,-0.99999994,0,0.99999994,-1.49011612e-07,0,0,0,1],"shapeName":"/levels/industrial/art/shapes/buildings/industrial_clutters/pallet_stack.DAE","useInstanceRenderData":true}
{"class":"TSStatic","persistentId":"9c69871f-c8d6-49d6-9f4b-5fc8dbe2b53d","__parent":"industrial_clutters","position":[-335.439819,-98.2680588,40.7424965],"annotation":"OBSTACLES","isRenderEnabled":false,"shapeName":"/levels/industrial/art/shapes/buildings/industrial_clutters/ind_pallet_cardboard.DAE","useInstanceRenderData":true}
{"class":"TSStatic","persistentId":"9e199a88-06aa-470c-88e7-a537d7c3012c","__parent":"industrial_clutters","position":[-372.02771,-54.2988358,41.129715],"annotation":"OBSTACLES","decalType":"None","isRenderEnabled":false,"rotationMatrix":[3.12924385e-07,-0.999999523,0,0.999999523,3.12924385e-07,0,0,0,1],"shapeName":"/levels/industrial/art/shapes/buildings/industrial_clutters/concrete_pallet.DAE"}
{"class":"TSStatic","persistentId":"a0009994-b003-4936-a59b-86f64ee64cae","__parent":"industrial_clutters","position":[-306.220917,-199.00238,40.7836914],"annotation":"OBSTACLES","decalType":"None","isRenderEnabled":false,"shapeName":"/levels/industrial/art/shapes/buildings/industrial_clutters/wood_stack_a.DAE"}
{"class":"TSStatic","persistentId":"a09fa4c5-ba9a-4ff1-9bce-dbde19350e71","__parent":"industrial_clutters","position":[42.5863228,-395.361664,36.511364],"annotation":"OBSTACLES","decalType":"None","isRenderEnabled":false,"rotationMatrix":[-0.365263522,0.9309026,0,-0.9309026,-0.365263522,0,0,0,1],"shapeName":"/levels/industrial/art/shapes/buildings/industrial_clutters/pallet_stack.DAE"}
{"class":"TSStatic","persistentId":"a0e22036-97dd-474f-8f1b-717cf242e59b","__parent":"industrial_clutters","position":[-302.322266,-182.940109,44.6110611],"annotation":"OBSTACLES","decalType":"None","isRenderEnabled":false,"rotationMatrix":[-0.0291937087,-0.999573588,0,0.999573588,-0.0291937087,0,0,0,1],"shapeName":"/levels/industrial/art/shapes/buildings/industrial_clutters/crate_stack.DAE"}
{"class":"TSStatic","persistentId":"a2b088ef-8e3a-4bee-a631-cee5cadd3179","__parent":"industrial_clutters","position":[-322.450836,-70.1993561,40.7104492],"annotation":"OBSTACLES","decalType":"None","isRenderEnabled":false,"rotationMatrix":[-0.866025448,-0.5,0,0.5,-0.866025448,0,0,0,1],"shapeName":"/levels/industrial/art/shapes/buildings/industrial_clutters/concrete_pallet.DAE"}
{"class":"TSStatic","persistentId":"a2e2e4c7-0420-4497-b836-f06b32a58264","__parent":"industrial_clutters","position":[-369.953735,-50.1391983,41.129715],"annotation":"OBSTACLES","decalType":"None","isRenderEnabled":false,"rotationMatrix":[3.12924385e-07,-0.999999523,0,0.999999523,3.12924385e-07,0,0,0,1],"shapeName":"/levels/industrial/art/shapes/buildings/industrial_clutters/concrete_pallet.DAE"}
{"class":"TSStatic","persistentId":"a5972b49-0ba2-4e99-90ed-2c3215dd2e7c","__parent":"industrial_clutters","position":[-485.581543,-155.446945,40.7699585],"annotation":"OBSTACLES","decalType":"None","isRenderEnabled":false,"rotationMatrix":[-0.0694148168,-0.997587919,0,0.997587919,-0.0694148168,0,0,0,1],"shapeName":"/levels/industrial/art/shapes/buildings/industrial_clutters/wood_stack_a.DAE"}
{"class":"TSStatic","persistentId":"a6d564cd-9ca3-4dee-9474-1f9ec7653950","__parent":"industrial_clutters","position":[-391.103149,-250.825974,40.8423729],"annotation":"OBSTACLES","decalType":"None","isRenderEnabled":false,"rotationMatrix":[0.0816956684,0.99665761,0,-0.99665761,0.0816956684,0,0,0,1],"shapeName":"/levels/industrial/art/shapes/buildings/industrial_clutters/ind_rack_a.DAE"}
{"class":"TSStatic","persistentId":"a80b3a73-9f07-45b1-a06b-58e63bc4177b","__parent":"industrial_clutters","position":[-461.722443,-225.185684,40.8218307],"annotation":"OBSTACLES","decalType":"None","isRenderEnabled":false,"rotationMatrix":[1.63912773e-07,-0.999999583,0,0.999999583,1.63912773e-07,0,0,0,1],"shapeName":"/levels/industrial/art/shapes/buildings/industrial_clutters/ind_rack_c.DAE"}
{"class":"TSStatic","persistentId":"a8313bdf-4544-4b83-8b54-7b8f029a8188","__parent":"industrial_clutters","position":[-304.072296,-177.763229,41.6381302],"annotation":"OBSTACLES","decalType":"None","isRenderEnabled":false,"rotationMatrix":[-0.866025448,-0.5,0,0.5,-0.866025448,0,0,0,1],"shapeName":"/levels/industrial/art/shapes/buildings/industrial_clutters/concrete_pallet.DAE"}
{"class":"TSStatic","persistentId":"a9e01d42-ad42-4fd1-b840-1fa40663bf61","__parent":"industrial_clutters","position":[-468.507477,-42.7077141,40.6300049],"annotation":"OBSTACLES","isRenderEnabled":false,"rotationMatrix":[0.999081612,-0.0428452902,0,0.0428452902,0.999081612,0,0,0,1],"shapeName":"/levels/industrial/art/shapes/buildings/industrial_clutters/pallet_stack.DAE","useInstanceRenderData":true}
{"class":"TSStatic","persistentId":"aa8fd297-1567-433d-9580-4cb4cfb1cd3d","__parent":"industrial_clutters","position":[-439.609344,-85.4512482,47.7480927],"isRenderEnabled":false,"rotationMatrix":[1.19209304e-07,-1,0,1,1.19209304e-07,0,0,0,1],"shapeName":"/levels/industrial/art/shapes/buildings/modular_container/modular_stairs_02.dae","useInstanceRenderData":true}
{"class":"TSStatic","persistentId":"ab044da3-f96c-4026-83db-1ee352b8141f","__parent":"industrial_clutters","position":[-304.035919,-177.826187,42.0676498],"annotation":"OBSTACLES","decalType":"None","isRenderEnabled":false,"rotationMatrix":[-0.500000298,0.866025269,0,-0.866025269,-0.500000298,0,0,0,1],"shapeName":"/levels/industrial/art/shapes/buildings/industrial_clutters/concrete_pallet.DAE"}
{"class":"TSStatic","persistentId":"abc3661f-22d1-457e-a995-375642cbb00a","__parent":"industrial_clutters","position":[-435.610016,-81.3750687,39.3872261],"isRenderEnabled":false,"shapeName":"/levels/industrial/art/shapes/buildings/mine_conveyor/concrete_cylinder_block.dae","useInstanceRenderData":true}
{"class":"TSStatic","persistentId":"abe2bca0-3fc0-4fe4-931c-f1d2afd73f5f","__parent":"industrial_clutters","position":[-320.792999,-121.813469,40.7868042],"annotation":"OBSTACLES","decalType":"None","isRenderEnabled":false,"shapeName":"/levels/industrial/art/shapes/buildings/industrial_clutters/ind_pipes_small_stack.DAE"}
{"class":"TSStatic","persistentId":"ac3df268-0e79-40ad-b474-604f92ff6ea6","__parent":"industrial_clutters","position":[-444.271118,-216.53714,40.8157883],"annotation":"OBSTACLES","decalType":"None","isRenderEnabled":false,"rotationMatrix":[1.78813906e-07,-1,0,1,1.7881392e-07,0,0,0,1],"shapeName":"/levels/industrial/art/shapes/buildings/industrial_clutters/ind_rack_m.DAE"}
{"class":"TSStatic","persistentId":"ac715b8d-a9eb-4df4-bdda-382de9fecf3f","__parent":"industrial_clutters","position":[-305.375458,-214.190338,40.7834473],"annotation":"OBSTACLES","decalType":"None","isRenderEnabled":false,"rotationMatrix":[-0.707722843,-0.706492722,0,0.706492722,-0.707722843,0,0,0,1],"shapeName":"/levels/industrial/art/shapes/buildings/industrial_clutters/pallet_stack.DAE"}
{"class":"TSStatic","persistentId":"ad31d266-197b-46c1-8eac-554e44d9b9aa","__parent":"industrial_clutters","position":[-447.832001,-169.617249,40.7436676],"isRenderEnabled":false,"shapeName":"/levels/industrial/art/shapes/buildings/debris/big_pile_angle.DAE","useInstanceRenderData":true}
{"class":"TSStatic","persistentId":"ae35c809-dd8a-40b8-b7d4-0b3c8c94a5ba","__parent":"industrial_clutters","position":[-301.396027,-44.1961136,41.0388947],"annotation":"OBSTACLES","decalType":"None","isRenderEnabled":false,"rotationMatrix":[3.12924385e-07,-0.999999523,0,0.999999523,3.12924385e-07,0,0,0,1],"shapeName":"/levels/industrial/art/shapes/buildings/industrial_clutters/concrete_pallet.DAE"}
{"class":"TSStatic","persistentId":"af70adee-7e66-436a-8d2a-b311b9cc8895","__parent":"industrial_clutters","position":[-438.263031,-86.3395233,39.3872261],"isRenderEnabled":false,"shapeName":"/levels/industrial/art/shapes/buildings/mine_conveyor/concrete_cylinder_block.dae","useInstanceRenderData":true}
{"class":"TSStatic","persistentId":"afa04555-36c7-4e24-bfc4-6f20e0107d43","__parent":"industrial_clutters","position":[-369.707031,-48.7702904,41.5536385],"annotation":"OBSTACLES","decalType":"None","isRenderEnabled":false,"rotationMatrix":[-2.98023153e-08,-1,0,1,-2.98023153e-08,0,0,0,1],"shapeName":"/levels/industrial/art/shapes/buildings/industrial_clutters/concrete_pallet.DAE"}
{"class":"TSStatic","persistentId":"afd62a60-1d43-421d-8d45-4ca22d2293e3","__parent":"industrial_clutters","position":[-415.494019,-230.691635,41.9803162],"annotation":"OBSTACLES","decalType":"None","isRenderEnabled":false,"rotationMatrix":[1.49011612e-07,-0.999999464,0,0.999999464,1.49011612e-07,0,0,0,1],"shapeName":"/levels/industrial/art/shapes/buildings/industrial_clutters/wood_stack_c.DAE"}
{"class":"TSStatic","persistentId":"aff08315-ce87-4c00-8172-b74ff95a3354","__parent":"industrial_clutters","position":[-448.683228,-225.229889,40.8173218],"annotation":"OBSTACLES","decalType":"None","isRenderEnabled":false,"shapeName":"/levels/industrial/art/shapes/buildings/industrial_clutters/ind_pipes_small_stack.DAE"}
{"class":"TSStatic","persistentId":"b3a46fc1-4e08-4c01-a017-40f5d1cccf1b","__parent":"industrial_clutters","position":[-512.307068,-138.731216,36.6100006],"annotation":"OBSTACLES","isRenderEnabled":false,"shapeName":"/levels/industrial/art/shapes/buildings/industrial_clutters/ind_rack_c.DAE","useInstanceRenderData":true}
{"class":"TSStatic","persistentId":"b7a472ab-7414-4af3-8641-ec03d1340152","__parent":"industrial_clutters","position":[-423.069794,-97.9143219,41.8671341],"annotation":"OBSTACLES","decalType":"None","isRenderEnabled":false,"rotationMatrix":[0.999536872,0.0304310583,0,-0.0304310583,0.999536872,0,0,0,1],"shapeName":"/levels/industrial/art/shapes/buildings/industrial_clutters/ind_pipes_big_stack.DAE"}
{"class":"TSStatic","persistentId":"b943f135-3601-43c5-8a5d-83389357e5d6","__parent":"industrial_clutters","position":[-325.147369,-128.154968,40.8116226],"decalType":"None","isRenderEnabled":false,"rotationMatrix":[-2.76610734e-08,1.10924203e-08,0.99999994,0.372199982,0.928152919,-6.61970478e-15,-0.9281528,0.372200012,-2.98022957e-08],"shapeName":"/levels/industrial/art/shapes/buildings/industrial_clutters/plastic_can_small.DAE"}
{"class":"TSStatic","persistentId":"b949b0cd-b8a3-4637-a024-ae5c31eb6f8d","__parent":"industrial_clutters","position":[-154.663467,0.767419755,38.9009399],"annotation":"OBSTACLES","isRenderEnabled":false,"rotationMatrix":[0.897196889,-0.441492379,0.0110114701,0.441629618,0.896918237,-0.0223704912,7.96672417e-09,0.0249337107,0.999689043],"shapeName":"/levels/industrial/art/shapes/buildings/ind_metal_scraps_a.DAE"}
{"class":"TSStatic","persistentId":"b9e91fd3-5e58-47b1-8f03-1c840e4b0713","__parent":"industrial_clutters","position":[-339.211487,-90.5453949,40.7485962],"annotation":"OBSTACLES","isRenderEnabled":false,"rotationMatrix":[-1.49011612e-07,0.99999994,0,-0.99999994,-1.49011612e-07,0,0,0,1],"shapeName":"/levels/industrial/art/shapes/buildings/industrial_clutters/wood_stack_a.DAE","useInstanceRenderData":true}
{"class":"TSStatic","persistentId":"bb172d85-9bf6-457c-8d7a-69a53bae7803","__parent":"industrial_clutters","position":[-431.586853,-153.052353,40.7485962],"annotation":"OBSTACLES","isRenderEnabled":false,"rotationMatrix":[-1.49011612e-07,-0.99999994,0,0.99999994,-1.49011612e-07,0,0,0,1],"shapeName":"/levels/industrial/art/shapes/buildings/industrial_clutters/wood_stack_c.DAE","useInstanceRenderData":true}
{"class":"TSStatic","persistentId":"bb2f42ba-b611-4659-89c2-c9ca6912200b","__parent":"industrial_clutters","position":[-324.802216,-100.246849,40.7834473],"annotation":"OBSTACLES","decalType":"None","isRenderEnabled":false,"shapeName":"/levels/industrial/art/shapes/buildings/industrial_clutters/pallet_stack.DAE"}
{"class":"TSStatic","persistentId":"bb96fe71-f15b-4d35-add8-ad20d084b372","__parent":"industrial_clutters","position":[-312.976562,-68.2735977,40.7150192],"annotation":"OBSTACLES","decalType":"None","isRenderEnabled":false,"rotationMatrix":[-5.96046448e-08,0.999999642,0,-0.999999642,-5.96046448e-08,0,0,0,1],"shapeName":"/levels/industrial/art/shapes/buildings/industrial_clutters/ind_rack_c.DAE"}
{"class":"TSStatic","persistentId":"bbaf6ac3-f61b-41a0-806d-0207b43a6202","__parent":"industrial_clutters","position":[-469.202484,-192.121613,40.7928467],"annotation":"OBSTACLES","decalType":"None","isRenderEnabled":false,"shapeName":"/levels/industrial/art/shapes/buildings/industrial_clutters/metal_drum_old_b.DAE"}
{"class":"TSStatic","persistentId":"bbeb8f27-5ec6-405f-9ed1-3d63d544acbe","__parent":"industrial_clutters","position":[-431.522278,-158.177246,40.7485962],"annotation":"OBSTACLES","isRenderEnabled":false,"rotationMatrix":[-1.49011612e-07,-0.99999994,0,0.99999994,-1.49011612e-07,0,0,0,1],"shapeName":"/levels/industrial/art/shapes/buildings/industrial_clutters/wood_stack_c.DAE","useInstanceRenderData":true}
{"class":"TSStatic","persistentId":"bc880883-0e98-45c3-80b4-21fb74a080a1","__parent":"industrial_clutters","position":[-384.831299,-145.423569,40.7623901],"decalType":"None","isRenderEnabled":false,"rotationMatrix":[1,2.98023153e-08,0,-2.98023153e-08,1,0,0,0,1],"shapeName":"/levels/industrial/art/shapes/buildings/industrial_clutters/cbbox_large_dirt.DAE"}
{"class":"TSStatic","persistentId":"bccaeb9f-a095-4133-a365-b004b8bf5bad","__parent":"industrial_clutters","position":[-493.455261,-114.4338,40.9255409],"isRenderEnabled":false,"rotationMatrix":[0.999382436,0.0155464038,0.0315119475,-0.00953354314,0.983127177,-0.182674721,-0.0338201895,0.182261482,0.982668281],"shapeName":"/levels/industrial/art/shapes/buildings/debris/metal_pile.DAE","useInstanceRenderData":true}
{"class":"TSStatic","persistentId":"bd643a42-02e7-4390-9dbd-9dcc6c737692","__parent":"industrial_clutters","position":[-411.993713,-185.366364,40.7897949],"annotation":"OBSTACLES","decalType":"None","isRenderEnabled":false,"rotationMatrix":[0.662537396,0.749029636,0,-0.749029636,0.662537396,0,0,0,1],"shapeName":"/levels/industrial/art/shapes/buildings/industrial_clutters/pallet_stack.DAE"}
{"class":"TSStatic","persistentId":"be2763a2-6430-4052-adda-0746c9a61bbc","__parent":"industrial_clutters","position":[-512.443604,-133.100159,36.6100006],"annotation":"OBSTACLES","isRenderEnabled":false,"rotationMatrix":[-0.999001801,-0.0446830951,0,0.0446830951,-0.999001801,0,0,0,1],"shapeName":"/levels/industrial/art/shapes/buildings/industrial_clutters/crate_stack.DAE","useInstanceRenderData":true}
{"class":"TSStatic","persistentId":"bf359fde-9263-42e1-bbf5-1e7b6d6f16d6","__parent":"industrial_clutters","position":[-307.762634,-203.613358,42.560318],"annotation":"OBSTACLES","decalType":"None","isRenderEnabled":false,"rotationMatrix":[-0.0412013419,-0.999150872,0,0.999150872,-0.0412013419,0,0,0,1],"shapeName":"/levels/industrial/art/shapes/buildings/industrial_clutters/wood_stack_c.DAE"}
{"class":"TSStatic","persistentId":"bf62865d-f3d0-4358-876e-161175418e0c","__parent":"industrial_clutters","position":[-415.757751,-224.969818,40.8172607],"annotation":"OBSTACLES","decalType":"None","isRenderEnabled":false,"rotationMatrix":[1.93715096e-07,-0.999999583,0,0.999999583,1.93715096e-07,0,0,0,1],"shapeName":"/levels/industrial/art/shapes/buildings/industrial_clutters/crate_stack.DAE"}
{"class":"TSStatic","persistentId":"bf7d1f66-2dc7-423c-8ca0-ea4766dd986d","__parent":"industrial_clutters","position":[-308.272461,-213.375076,40.7836914],"annotation":"OBSTACLES","decalType":"None","isRenderEnabled":false,"rotationMatrix":[-0.99996531,0.00818215124,0,-0.00818215124,-0.99996531,0,0,0,1],"shapeName":"/levels/industrial/art/shapes/buildings/industrial_clutters/wood_stack_b.DAE"}
{"class":"TSStatic","persistentId":"c02bddae-9a02-42b6-a670-9f52ac712c84","__parent":"industrial_clutters","position":[-447.762543,-171.472977,40.7409134],"isRenderEnabled":false,"shapeName":"/levels/industrial/art/shapes/buildings/debris/metal_pile.DAE","useInstanceRenderData":true}
{"class":"TSStatic","persistentId":"c1a537b0-5331-4065-9065-393fcebc944d","__parent":"industrial_clutters","position":[-294.365479,-228.937439,40.7834473],"annotation":"OBSTACLES","decalType":"None","isRenderEnabled":false,"rotationMatrix":[0.18035832,-0.983602881,0,0.983602881,0.18035832,0,0,0,1],"shapeName":"/levels/industrial/art/shapes/buildings/industrial_clutters/pallet_stack.DAE"}
{"class":"TSStatic","persistentId":"c1cbb31a-e5f2-4b7c-9f30-4a3037957bc7","__parent":"industrial_clutters","position":[-314.55484,-49.2273521,41.1399689],"annotation":"OBSTACLES","decalType":"None","isRenderEnabled":false,"rotationMatrix":[-1,-2.98023195e-07,0,2.98023195e-07,-1,0,0,0,1],"shapeName":"/levels/industrial/art/shapes/buildings/industrial_clutters/concrete_pallet.DAE"}
{"class":"TSStatic","persistentId":"c36318f3-01f4-4585-995d-73bad42cd513","__parent":"industrial_clutters","position":[-381.623077,-48.6244125,40.6952515],"annotation":"OBSTACLES","decalType":"None","isRenderEnabled":false,"shapeName":"/levels/industrial/art/shapes/buildings/industrial_clutters/ind_fullgasrack.DAE"}
{"class":"TSStatic","persistentId":"c427c572-0918-4b4f-bd6a-84c743168d76","__parent":"industrial_clutters","position":[-295.941437,-228.972809,40.7834473],"annotation":"OBSTACLES","decalType":"None","isRenderEnabled":false,"rotationMatrix":[-0.994620979,0.103601627,0,-0.103601627,-0.994620979,0,0,0,1],"shapeName":"/levels/industrial/art/shapes/buildings/industrial_clutters/pallet_stack.DAE"}
{"class":"TSStatic","persistentId":"c5474ef2-0dc7-41ff-bff7-83a661f45f44","__parent":"industrial_clutters","position":[-423.000427,-97.9122467,42.9519196],"annotation":"OBSTACLES","decalType":"None","isRenderEnabled":false,"rotationMatrix":[-0.999536872,-0.0304310583,0,0.0304310583,-0.999536872,0,0,0,1],"shapeName":"/levels/industrial/art/shapes/buildings/industrial_clutters/ind_pipes_big_stack.DAE"}
{"class":"TSStatic","persistentId":"c75b656a-e7fc-4902-858a-f44a4128c088","__parent":"industrial_clutters","position":[-343.122681,-207.007248,40.7836914],"annotation":"OBSTACLES","decalType":"None","isRenderEnabled":false,"rotationMatrix":[-0.99996531,0.00818215124,0,-0.00818215124,-0.99996531,0,0,0,1],"shapeName":"/levels/industrial/art/shapes/buildings/industrial_clutters/wood_stack_b.DAE"}
{"class":"TSStatic","persistentId":"c7c15ece-3dc4-4d7b-9db2-b08dc7e0dc35","__parent":"industrial_clutters","position":[-437.450653,-85.4575043,50.0937233],"isRenderEnabled":false,"rotationMatrix":[1.19209304e-07,-1,0,1,1.19209304e-07,0,0,0,1],"shapeName":"/levels/industrial/art/shapes/buildings/modular_container/modular_03_blue.dae","useInstanceRenderData":true}
{"class":"TSStatic","persistentId":"c84985f5-c42a-49f6-b32e-3e5f05deadea","__parent":"industrial_clutters","position":[-439.407349,-216.556427,40.8157883],"annotation":"OBSTACLES","decalType":"None","isRenderEnabled":false,"rotationMatrix":[-2.98023153e-08,1,0,-1,-2.98023153e-08,0,0,0,1],"shapeName":"/levels/industrial/art/shapes/buildings/industrial_clutters/ind_rack_l.DAE"}
{"class":"TSStatic","persistentId":"c923663c-ef82-4ceb-9941-88aafb17da5d","__parent":"industrial_clutters","position":[-463.07077,-216.33519,40.8112221],"annotation":"OBSTACLES","decalType":"None","isRenderEnabled":false,"rotationMatrix":[0.0602424555,-0.99818337,0,0.99818337,0.0602424555,0,0,0,1],"shapeName":"/levels/industrial/art/shapes/buildings/industrial_clutters/crate_stack.DAE"}
{"class":"TSStatic","persistentId":"cb777a94-0da6-4e0e-850a-39269585e6b6","__parent":"industrial_clutters","position":[-299.943054,-44.7895432,41.0489044],"annotation":"OBSTACLES","decalType":"None","isRenderEnabled":false,"rotationMatrix":[0.969591677,0.244728625,0,-0.244728625,0.969591677,0,0,0,1],"shapeName":"/levels/industrial/art/shapes/buildings/industrial_clutters/concrete_pallet.DAE"}
{"class":"TSStatic","persistentId":"cba228c4-3ff1-400e-b699-526691a5063e","__parent":"industrial_clutters","position":[-514.087341,-134.646072,36.6136703],"isRenderEnabled":false,"rotationMatrix":[-0.159513548,0.987195849,0,-0.987195849,-0.159513548,0,0,0,1],"shapeName":"/levels/industrial/art/shapes/buildings/industrial_clutters/ind_cardboards.DAE","useInstanceRenderData":true}
{"class":"TSStatic","persistentId":"cbaaa124-0c1d-40df-9d33-1724721c43a7","__parent":"industrial_clutters","position":[-413.080475,-184.618576,40.7897949],"annotation":"OBSTACLES","decalType":"None","isRenderEnabled":false,"rotationMatrix":[-0.522208929,-0.852819979,0,0.852819979,-0.522208929,0,0,0,1],"shapeName":"/levels/industrial/art/shapes/buildings/industrial_clutters/ind_dumpster_full.DAE"}
{"class":"TSStatic","persistentId":"cc7356e6-1e2d-47c9-9818-e7e94ab0c1ff","__parent":"industrial_clutters","position":[-301.396027,-44.2688141,40.609375],"annotation":"OBSTACLES","decalType":"None","isRenderEnabled":false,"shapeName":"/levels/industrial/art/shapes/buildings/industrial_clutters/concrete_pallet.DAE"}
{"class":"TSStatic","persistentId":"cd2a27a8-8539-456d-8030-1c55c4945966","__parent":"industrial_clutters","position":[-467.496124,-191.926315,40.7897949],"annotation":"OBSTACLES","decalType":"None","isRenderEnabled":false,"rotationMatrix":[-0.522208929,-0.852819979,0,0.852819979,-0.522208929,0,0,0,1],"shapeName":"/levels/industrial/art/shapes/buildings/industrial_clutters/ind_dumpster_full.DAE"}
{"class":"TSStatic","persistentId":"cdeee8ed-299f-449f-b6f5-065517b4bf3b","__parent":"industrial_clutters","position":[-309.116791,-200.99144,40.8203125],"annotation":"OBSTACLES","decalType":"None","isRenderEnabled":false,"rotationMatrix":[-0.100327328,-0.994954526,0,0.994954526,-0.100327335,0,0,0,1],"shapeName":"/levels/industrial/art/shapes/buildings/industrial_clutters/wood_stack_c.DAE"}
{"class":"TSStatic","persistentId":"ce7ac34a-a802-4d8b-9dcc-3b36593b6e4c","__parent":"industrial_clutters","position":[-305.851044,-146.164108,40.7623901],"annotation":"OBSTACLES","decalType":"None","isRenderEnabled":false,"rotationMatrix":[0.975864887,-0.218373612,0,0.218373612,0.975864887,0,0,0,1],"shapeName":"/levels/industrial/art/shapes/buildings/industrial_clutters/crate_stack.DAE"}
{"class":"TSStatic","persistentId":"cf2ab844-a054-464a-9212-dbf692e5428f","__parent":"industrial_clutters","position":[-358.061829,-146.66301,40.7844238],"annotation":"OBSTACLES","decalType":"None","isRenderEnabled":false,"rotationMatrix":[0.993014574,-0.117991574,0,0.117991574,0.993014574,0,0,0,1],"shapeName":"/levels/industrial/art/shapes/buildings/industrial_clutters/wood_stack_c.DAE"}
{"class":"TSStatic","persistentId":"cf5933b7-3b75-4060-a042-514639414535","__parent":"industrial_clutters","position":[-294.526062,-67.9019928,40.7844276],"annotation":"OBSTACLES","decalType":"None","isRenderEnabled":false,"rotationMatrix":[-2.98023224e-08,1,0,-1,-2.98023224e-08,0,0,0,1],"shapeName":"/levels/industrial/art/shapes/buildings/industrial_clutters/wood_stack_c.DAE"}
{"class":"TSStatic","persistentId":"d09fa981-075a-4451-8641-e3ff7a7c1b3d","__parent":"industrial_clutters","position":[-467.182281,-192.348038,41.5200729],"decalType":"None","isRenderEnabled":false,"rotationMatrix":[-0.102986127,0,0.994683206,0,1,0,-0.994683206,0,-0.102986127],"shapeName":"/levels/industrial/art/shapes/buildings/industrial_clutters/cbbox_small_dirt.DAE"}
{"class":"TSStatic","persistentId":"d38dc7b9-839d-4464-9371-a53e24c6c3b2","__parent":"industrial_clutters","position":[-421.781403,-56.9066048,40.701355],"annotation":"OBSTACLES","decalType":"None","isRenderEnabled":false,"rotationMatrix":[0.753997922,0.656877637,0,-0.656877637,0.753997922,0,0,0,1],"shapeName":"/levels/industrial/art/shapes/buildings/industrial_clutters/ind_clutter_mix.DAE"}
{"class":"TSStatic","persistentId":"d4ea4431-c935-4244-98e6-a3eaa24eaede","__parent":"industrial_clutters","position":[-201.86171,-146.579285,39.008194],"annotation":"OBSTACLES","isRenderEnabled":false,"rotationMatrix":[0.997932196,-0.0642892197,0,0.0642892197,0.997932196,0,0,0,1],"shapeName":"/levels/industrial/art/shapes/buildings/ind_metal_scraps_b.DAE"}
{"class":"TSStatic","persistentId":"d5978b72-a4d4-44b8-9e1e-47c3424eb17b","__parent":"industrial_clutters","position":[-424.762482,-109.227623,40.7836609],"annotation":"OBSTACLES","decalType":"None","isRenderEnabled":false,"rotationMatrix":[-1,2.08616257e-07,0,-2.08616257e-07,-1,0,0,0,1],"shapeName":"/levels/industrial/art/shapes/buildings/industrial_clutters/ind_pipes_big_stack.DAE"}
{"class":"TSStatic","persistentId":"d652d387-fe3b-4895-89aa-0fcf095556f5","__parent":"industrial_clutters","position":[-424.283386,-106.822342,41.8681259],"annotation":"OBSTACLES","decalType":"None","isRenderEnabled":false,"rotationMatrix":[-0.999999583,1.04308128e-07,0,-1.04308128e-07,-0.999999583,0,0,0,1],"shapeName":"/levels/industrial/art/shapes/buildings/industrial_clutters/ind_pipes_big_stack.DAE"}
{"class":"TSStatic","persistentId":"d6744354-aa70-4240-934f-227a5376ce11","__parent":"industrial_clutters","position":[-414.782593,-224.664352,40.8172607],"annotation":"OBSTACLES","decalType":"None","isRenderEnabled":false,"rotationMatrix":[-7.00354576e-07,0.999999106,0,-0.999999106,-7.00354576e-07,0,0,0,1],"shapeName":"/levels/industrial/art/shapes/buildings/industrial_clutters/crate_stack.DAE"}
{"class":"TSStatic","persistentId":"d79ff88f-de9c-4b45-a75b-3bda0e5ef8bd","__parent":"industrial_clutters","position":[-436.930481,-86.279808,40.4096222],"isRenderEnabled":false,"rotationMatrix":[-0.999999881,-1.49011612e-07,0,1.49011612e-07,-0.999999881,0,0,0,1],"shapeName":"/levels/industrial/art/shapes/buildings/mine_conveyor/conveyor_support.dae","useInstanceRenderData":true}
{"class":"TSStatic","persistentId":"d7d3e34b-b695-4e8b-941c-55924a922af1","__parent":"industrial_clutters","position":[-410.08783,-129.808533,40.7836914],"annotation":"OBSTACLES","decalType":"None","isRenderEnabled":false,"rotationMatrix":[-0.99996531,0.00818215124,0,-0.00818215124,-0.99996531,0,0,0,1],"shapeName":"/levels/industrial/art/shapes/buildings/industrial_clutters/wood_stack_b.DAE"}
{"class":"TSStatic","persistentId":"da8f390f-d7c9-42a6-9d57-e9ce0e22a3d0","__parent":"industrial_clutters","position":[-443.267517,-178.559937,40.7485924],"annotation":"OBSTACLES","isRenderEnabled":false,"rotationMatrix":[-0.999999881,-5.96046448e-08,0,5.96046448e-08,-0.999999881,0,0,0,1],"shapeName":"/levels/industrial/art/shapes/buildings/industrial_clutters/drum_pallet.DAE","useInstanceRenderData":true}
{"class":"TSStatic","persistentId":"db1b1709-c56c-44a0-9bfe-a0c20d8ee2cc","__parent":"industrial_clutters","position":[-292.844604,-72.1970367,40.7111206],"annotation":"OBSTACLES","decalType":"None","isRenderEnabled":false,"shapeName":"/levels/industrial/art/shapes/buildings/industrial_clutters/road_cone.DAE"}
{"class":"TSStatic","persistentId":"db5f6caa-ad98-429f-9805-83ce446dff95","__parent":"industrial_clutters","position":[-332.23587,-98.5174637,40.7424927],"isRenderEnabled":false,"shapeName":"/levels/industrial/art/shapes/buildings/industrial_clutters/ind_cardboards.DAE","useInstanceRenderData":true}
{"class":"TSStatic","persistentId":"dbed825b-8fca-4fb8-be41-0eca33a218b6","__parent":"industrial_clutters","position":[-467.704346,-225.210938,40.8218918],"annotation":"OBSTACLES","decalType":"None","isRenderEnabled":false,"rotationMatrix":[1.78813906e-07,-1,0,1,1.7881392e-07,0,0,0,1],"shapeName":"/levels/industrial/art/shapes/buildings/industrial_clutters/ind_rack_m.DAE"}
{"class":"TSStatic","persistentId":"dc2e7f46-06c1-4e8b-a782-2ea1a951130c","__parent":"industrial_clutters","position":[-424.356018,-106.83522,40.7836609],"annotation":"OBSTACLES","decalType":"None","isRenderEnabled":false,"shapeName":"/levels/industrial/art/shapes/buildings/industrial_clutters/ind_pipes_big_stack.DAE"}
{"class":"TSStatic","persistentId":"dc3ea4e9-2126-43d2-a8dd-b4549ffa64e0","__parent":"industrial_clutters","position":[-470.181,-43.5711708,40.6272049],"annotation":"OBSTACLES","isRenderEnabled":false,"rotationMatrix":[-0.289087713,-0.95730269,0,0.95730269,-0.289087713,0,0,0,1],"shapeName":"/levels/industrial/art/shapes/buildings/ind_metal_scraps_c.DAE"}
{"class":"TSStatic","persistentId":"dc449927-de36-4f21-a56f-3c1a4d800e5b","__parent":"industrial_clutters","position":[-307.44165,-185.499023,40.7226448],"annotation":"OBSTACLES","decalType":"None","isRenderEnabled":false,"rotationMatrix":[-1.49011598e-07,1,0,-1,-1.49011598e-07,0,0,0,1],"shapeName":"/levels/industrial/art/shapes/buildings/industrial_clutters/ind_rack_b.DAE"}
{"class":"TSStatic","persistentId":"de02ec0a-6a8b-4762-a81b-b0eb4e57254e","__parent":"industrial_clutters","position":[-323.246735,-123.268166,42.4879341],"annotation":"OBSTACLES","decalType":"None","isRenderEnabled":false,"rotationMatrix":[-5.96046448e-08,-0.999999881,0,0.999999881,-5.96046448e-08,0,0,0,1],"shapeName":"/levels/industrial/art/shapes/buildings/industrial_clutters/pallet_stack.DAE"}
{"class":"TSStatic","persistentId":"def25eb0-5778-48df-bab5-bde0bafb145b","__parent":"industrial_clutters","position":[-469.442657,-191.471542,40.7929077],"annotation":"OBSTACLES","decalType":"None","isRenderEnabled":false,"shapeName":"/levels/industrial/art/shapes/buildings/industrial_clutters/metal_drum_old_a.DAE"}
{"class":"TSStatic","persistentId":"df338346-171b-4aff-b9d3-8a9a64cfcc4b","__parent":"industrial_clutters","position":[-410.681213,-127.367874,40.7836914],"annotation":"OBSTACLES","decalType":"None","isRenderEnabled":false,"rotationMatrix":[0.998629749,0.0522778146,0,-0.0522778146,0.998629749,0,0,0,1],"shapeName":"/levels/industrial/art/shapes/buildings/industrial_clutters/wood_stack_b.DAE"}
{"class":"TSStatic","persistentId":"e0c011d6-6e8b-4008-9d56-742667629a3b","__parent":"industrial_clutters","position":[-369.634338,-48.7702522,41.129715],"annotation":"OBSTACLES","decalType":"None","isRenderEnabled":false,"rotationMatrix":[-1,-2.98023195e-07,0,2.98023195e-07,-1,0,0,0,1],"shapeName":"/levels/industrial/art/shapes/buildings/industrial_clutters/concrete_pallet.DAE"}
{"class":"TSStatic","persistentId":"e398c64d-294b-4822-bfe8-4a2f00421884","__parent":"industrial_clutters","position":[-329.53241,-70.1235199,40.7104492],"annotation":"OBSTACLES","decalType":"None","isRenderEnabled":false,"rotationMatrix":[0,-0.999999881,0,0.999999881,0,0,0,0,1],"shapeName":"/levels/industrial/art/shapes/buildings/industrial_clutters/ind_rack_s.DAE"}
{"class":"TSStatic","persistentId":"e44598dd-d7ab-4a59-b1ea-64bba432bb0f","__parent":"industrial_clutters","position":[-325.448669,-127.419434,40.7501831],"annotation":"OBSTACLES","decalType":"None","isRenderEnabled":false,"rotationMatrix":[0.984399915,-0.17594789,0,0.17594789,0.984399915,0,0,0,1],"shapeName":"/levels/industrial/art/shapes/buildings/industrial_clutters/ind_clutter_mix.DAE"}
{"class":"TSStatic","persistentId":"e493a500-f833-48d8-b056-427362140d74","__parent":"industrial_clutters","position":[-436.617096,-203.019882,40.802002],"annotation":"OBSTACLES","decalType":"None","isRenderEnabled":false,"rotationMatrix":[2.98023224e-08,0.999999821,0,-0.999999821,2.98023224e-08,0,0,0,1],"shapeName":"/levels/industrial/art/shapes/buildings/industrial_clutters/wood_stack_c.DAE"}
{"class":"TSStatic","persistentId":"e6f7e5f7-4ecb-4592-b8d6-2b2537b4cecd","__parent":"industrial_clutters","position":[-382.856567,-50.2636452,40.6982422],"annotation":"OBSTACLES","decalType":"None","isRenderEnabled":false,"rotationMatrix":[-0.999999642,-3.27825546e-07,0,3.27825546e-07,-0.999999642,0,0,0,1],"shapeName":"/levels/industrial/art/shapes/buildings/industrial_clutters/ind_fullgasrack.DAE"}
{"class":"TSStatic","persistentId":"e77832b0-9ea9-439e-bd5e-4f693aa0553a","__parent":"industrial_clutters","position":[-302.713226,-212.608353,40.7844238],"annotation":"OBSTACLES","decalType":"None","isRenderEnabled":false,"shapeName":"/levels/industrial/art/shapes/buildings/industrial_clutters/wood_stack_c.DAE"}
{"class":"TSStatic","persistentId":"e866a9fa-6e99-475a-a3af-9a1e3a3c2ea6","__parent":"industrial_clutters","position":[-424.222778,-160.435425,40.7728882],"annotation":"OBSTACLES","decalType":"None","isRenderEnabled":false,"shapeName":"/levels/industrial/art/shapes/buildings/industrial_clutters/ind_gastank_rack.DAE"}
{"class":"TSStatic","persistentId":"e9715090-af15-4082-9e16-7ca50e204746","__parent":"industrial_clutters","position":[-308.099396,-68.2231216,40.7752838],"annotation":"OBSTACLES","decalType":"None","isRenderEnabled":false,"rotationMatrix":[0.447568208,0.894251883,0,-0.894251883,0.447568208,0,0,0,1],"shapeName":"/levels/industrial/art/shapes/buildings/industrial_clutters/road_cone.DAE"}
{"class":"TSStatic","persistentId":"ea04501c-2d97-43fd-9ff3-01cff237684d","__parent":"industrial_clutters","position":[11.5659895,-64.1911163,39.0040092],"annotation":"OBSTACLES","isRenderEnabled":false,"rotationMatrix":[-0.740255594,0.672325432,0,-0.672325432,-0.740255594,0,0,0,1],"shapeName":"/levels/industrial/art/shapes/buildings/ind_metal_scraps_c.DAE"}
{"class":"TSStatic","persistentId":"eb1e056a-3385-4202-93be-38228e2e3801","__parent":"industrial_clutters","position":[-415.494019,-230.592056,41.4003143],"annotation":"OBSTACLES","decalType":"None","isRenderEnabled":false,"rotationMatrix":[-3.12924385e-07,0.999999344,0,-0.999999344,-3.12924385e-07,0,0,0,1],"shapeName":"/levels/industrial/art/shapes/buildings/industrial_clutters/wood_stack_c.DAE"}
{"class":"TSStatic","persistentId":"ecfacd9c-081e-4aea-9bbb-cc0d4d5959c0","__parent":"industrial_clutters","position":[-513.789062,-133.284607,36.6100006],"isRenderEnabled":false,"rotationMatrix":[0.956917226,-0.290360212,0,0.290360212,0.956917226,0,0,0,1],"shapeName":"/levels/industrial/art/shapes/buildings/industrial_clutters/wood_crate_a.DAE","useInstanceRenderData":true}
{"class":"TSStatic","persistentId":"ee45c17b-8309-4084-88ee-719ba3cd83b4","__parent":"industrial_clutters","position":[-423.249573,-111.554085,40.7837219],"annotation":"OBSTACLES","decalType":"None","isRenderEnabled":false,"shapeName":"/levels/industrial/art/shapes/buildings/industrial_clutters/ind_pipes_small_stack.DAE"}
{"class":"TSStatic","persistentId":"f00731c1-4fd1-4638-a654-c374249819c7","__parent":"industrial_clutters","position":[-338.884796,-206.754089,41.8644676],"annotation":"OBSTACLES","decalType":"None","isRenderEnabled":false,"rotationMatrix":[-0.999158084,0.0410172604,0,-0.0410172604,-0.999158084,0,0,0,1],"shapeName":"/levels/industrial/art/shapes/buildings/industrial_clutters/wood_stack_a.DAE"}
{"class":"TSStatic","persistentId":"f0105d86-6f63-4927-a8d5-0b0b374dc2ab","__parent":"industrial_clutters","position":[-332.93927,-99.6827393,40.7424927],"annotation":"OBSTACLES","isRenderEnabled":false,"shapeName":"/levels/industrial/art/shapes/buildings/industrial_clutters/concrete_pallet.DAE","useInstanceRenderData":true}
{"class":"TSStatic","persistentId":"f0acbb05-40ae-4802-b036-cd8fa80c865f","__parent":"industrial_clutters","position":[-385.28891,-146.221542,40.9641647],"decalType":"None","isRenderEnabled":false,"rotationMatrix":[-2.28569661e-08,1.91242062e-08,1,0.641702652,0.766953528,-1.77635684e-15,-0.766953528,0.641702652,-2.98022851e-08],"shapeName":"/levels/industrial/art/shapes/buildings/industrial_clutters/cbbox_medium_dirt.DAE"}
{"class":"TSStatic","persistentId":"f48e8862-6921-445a-9d3c-29695726b99e","__parent":"industrial_clutters","position":[-306.056854,-177.709091,40.7836952],"annotation":"OBSTACLES","decalType":"None","isRenderEnabled":false,"rotationMatrix":[-2.98023224e-08,1,0,-1,-2.98023224e-08,0,0,0,1],"shapeName":"/levels/industrial/art/shapes/buildings/industrial_clutters/ind_rack_s.DAE"}
{"class":"TSStatic","persistentId":"f694e179-c878-4857-9076-34e94d4516a9","__parent":"industrial_clutters","position":[-486.516083,-213.269394,40.8141975],"annotation":"OBSTACLES","decalType":"None","isRenderEnabled":false,"rotationMatrix":[0.999999881,1.78813934e-07,0,-1.78813934e-07,0.999999881,0,0,0,1],"shapeName":"/levels/industrial/art/shapes/buildings/industrial_clutters/ind_rack_b.DAE"}
{"class":"TSStatic","persistentId":"f6e49c25-991b-431d-b512-6fc703a49775","__parent":"industrial_clutters","position":[-465.756683,-42.7077141,40.6300049],"annotation":"OBSTACLES","isRenderEnabled":false,"rotationMatrix":[0.110914946,-0.993829727,0,0.993829727,0.110914946,0,0,0,1],"shapeName":"/levels/industrial/art/shapes/buildings/industrial_clutters/pallet_stack.DAE","useInstanceRenderData":true}
{"class":"TSStatic","persistentId":"f92e2ddf-5016-4749-8de6-1be3a359688a","__parent":"industrial_clutters","position":[-314.627533,-49.2273827,40.7104492],"annotation":"OBSTACLES","decalType":"None","isRenderEnabled":false,"rotationMatrix":[-2.98023153e-08,-1,0,1,-2.98023153e-08,0,0,0,1],"shapeName":"/levels/industrial/art/shapes/buildings/industrial_clutters/concrete_pallet.DAE"}
{"class":"TSStatic","persistentId":"fe51c2f3-1bd2-458d-9bdc-be1d53ab4796","__parent":"industrial_clutters","position":[-448.956482,-169.779556,40.7490005],"isRenderEnabled":false,"shapeName":"/levels/industrial/art/shapes/buildings/debris/small_pile_d.DAE","useInstanceRenderData":true}
{"class":"TSStatic","persistentId":"ff476543-2876-4710-9aa6-6f934e1d10dc","__parent":"industrial_clutters","position":[-415.584015,-202.189209,40.7974777],"annotation":"OBSTACLES","decalType":"None","isRenderEnabled":false,"shapeName":"/levels/industrial/art/shapes/buildings/industrial_clutters/ind_rack_l.DAE"}
