{"name":"flagTrigger","class":"BeamNGTrigger","persistentId":"76bec5ca-6fb3-4619-b41c-8ef687cd3785","__parent":"flag13_group","position":[119.942276,351.756104,144.215179],"scale":[2,2,35],"triggerMode":"Overlaps","triggerTestType":"Bounding box"}
{"name":"flag13_group","class":"SimGroup","persistentId":"f870f90a-586f-4a0a-9b99-c3a2fba4d860","groupPosition":"0 0 0"}
{"name":"flag13TSStatic","class":"TSStatic","persistentId":"98cce4df-2398-4f84-994e-df3b6cd83ef5","__parent":"flag13_group","position":[119.942276,351.756104,130.323578],"collisionType":"None","decalType":"None","instanceColor":[0,0.02245735,0.986830294,1],"isRenderEnabled":false,"scale":[10,10,6],"shapeName":"/art/shapes/interface/single_faded_column.dae","useInstanceRenderData":true}
