{"name":"flagTrigger","class":"BeamNGTrigger","persistentId":"76bec5ca-6fb3-4619-b41c-8ef687cd3785","__parent":"flag8_group","position":[44.9844055,226.562927,134.194946],"scale":[2,2,35],"triggerMode":"Overlaps","triggerTestType":"Bounding box"}
{"name":"flag8_group","class":"SimGroup","persistentId":"c492dfe8-b1d2-48c8-8083-84bb81a116ed","groupPosition":"0 0 0"}
{"name":"flag8TSStatic","class":"TSStatic","persistentId":"98cce4df-2398-4f84-994e-df3b6cd83ef5","__parent":"flag8_group","position":[44.9844055,226.562927,120.303345],"collisionType":"None","decalType":"None","instanceColor":[0,0.02245735,0.986830294,1],"isRenderEnabled":false,"scale":[10,10,6],"shapeName":"/art/shapes/interface/single_faded_column.dae","useInstanceRenderData":true}
