{"name":"flagTrigger","class":"BeamNGTrigger","persistentId":"76bec5ca-6fb3-4619-b41c-8ef687cd3785","__parent":"flag19_group","position":[-17.8145027,407.230133,147.124],"scale":[2,2,35],"triggerMode":"Overlaps","triggerTestType":"Bounding box"}
{"name":"flag19_group","class":"SimGroup","persistentId":"b5d593ee-4ddc-4d71-84a5-4ad55d90c5e3","groupPosition":"0 0 0"}
{"name":"flag19TSStatic","class":"TSStatic","persistentId":"98cce4df-2398-4f84-994e-df3b6cd83ef5","__parent":"flag19_group","position":[-17.8145027,407.230133,135.682114],"collisionType":"None","decalType":"None","instanceColor":[0,0.02245735,0.986830294,1],"isRenderEnabled":false,"scale":[10,10,6],"shapeName":"/art/shapes/interface/single_faded_column.dae","useInstanceRenderData":true}
