{"name":"flagTrigger","class":"BeamNGTrigger","persistentId":"76bec5ca-6fb3-4619-b41c-8ef687cd3785","__parent":"flag14_group","position":[111.127441,455.246857,140.3694],"scale":[2,2,35],"triggerMode":"Overlaps","triggerTestType":"Bounding box"}
{"name":"flag14_group","class":"SimGroup","persistentId":"0afe8e61-3224-4168-a801-d5feb1d0705a","groupPosition":"0 0 0"}
{"name":"flag14TSStatic","class":"TSStatic","persistentId":"98cce4df-2398-4f84-994e-df3b6cd83ef5","__parent":"flag14_group","position":[111.127441,455.246857,126.477798],"collisionType":"None","decalType":"None","instanceColor":[0,0.02245735,0.986830294,1],"isRenderEnabled":false,"scale":[10,10,6],"shapeName":"/art/shapes/interface/single_faded_column.dae","useInstanceRenderData":true}
