{"name":"flagTrigger","class":"BeamNGTrigger","persistentId":"76bec5ca-6fb3-4619-b41c-8ef687cd3785","__parent":"flag4_group","position":[13.443059,556.604736,130.76915],"scale":[2,2,35],"triggerMode":"Overlaps","triggerTestType":"Bounding box"}
{"name":"flag4_group","class":"SimGroup","persistentId":"2a93879a-9b3e-4288-a8ad-bec42d694aa9","groupPosition":"0 0 0"}
{"name":"flag4TSStatic","class":"TSStatic","persistentId":"98cce4df-2398-4f84-994e-df3b6cd83ef5","__parent":"flag4_group","position":[13.443059,556.604736,118.877548], "instanceColor":[0,0.02245735,0.986830294,1],"isRenderEnabled":false,"scale":[10,10,6],"shapeName":"/art/shapes/interface/single_faded_column.dae","useInstanceRenderData":true}
