{"name":"flagTrigger","class":"BeamNGTrigger","persistentId":"76bec5ca-6fb3-4619-b41c-8ef687cd3785","__parent":"flag31_group","position":[-87.4178314,377.555908,144.036362],"scale":[2,2,35],"triggerMode":"Overlaps","triggerTestType":"Bounding box"}
{"name":"flag31_group","class":"SimGroup","persistentId":"aee89098-0928-44ec-aa40-9e68c8f99dcd","groupPosition":"0 0 0"}
{"name":"flag31TSStatic","class":"TSStatic","persistentId":"98cce4df-2398-4f84-994e-df3b6cd83ef5","__parent":"flag31_group","position":[-87.4178314,377.555908,132.14476],"collisionType":"None","decalType":"None","instanceColor":[0,0.02245735,0.986830294,1],"isRenderEnabled":false,"scale":[10,10,6],"shapeName":"/art/shapes/interface/single_faded_column.dae","useInstanceRenderData":true}
