{"name":"flagTrigger","class":"BeamNGTrigger","persistentId":"76bec5ca-6fb3-4619-b41c-8ef687cd3785","__parent":"flag2_group","position":[-2.82660294,493.724792,142.071],"scale":[2,2,35],"triggerMode":"Overlaps","triggerTestType":"Bounding box"}
{"name":"flag2_group","class":"SimGroup","persistentId":"c02e1aa8-1b24-4ed0-91da-96fd7e1d37ae","groupPosition":"0 0 0"}
{"name":"flag2TSStatic","class":"TSStatic","persistentId":"98cce4df-2398-4f84-994e-df3b6cd83ef5","__parent":"flag2_group","position":[-2.82660294,493.724792,130.378006],"instanceColor":[0,0.02245735,0.986830294,1],"isRenderEnabled":false,"scale":[10,10,6],"shapeName":"/art/shapes/interface/single_faded_column.dae","useInstanceRenderData":true}
