{"name":"goalTrigger","class":"BeamNGTrigger","persistentId":"c9790c9c-3e8f-4494-9f29-8122db3f7934","__parent":"goal13_group","position":[-25.5849762,297.797272,144.201797],"scale":[6,6,30],"triggerType":"Box"}
{"name":"goal13_group","class":"SimGroup","persistentId":"3eaa6adc-5190-4138-bf9b-c505423889b4","groupPosition":"0 0 0"}
{"name":"goal13TSStatic","class":"TSStatic","persistentId":"73298e42-0472-4931-ac40-98f574d70f3e","__parent":"goal13_group","position":[-25.5639191,297.797272,132.629639],"collisionType":"None","decalType":"None","instanceColor":[0,1,0.00179100037,1],"isRenderEnabled":false,"scale":[30,30,7],"shapeName":"/art/shapes/interface/single_faded_column.dae","useInstanceRenderData":true}
