{"name":"goalTrigger","class":"BeamNGTrigger","persistentId":"c9790c9c-3e8f-4494-9f29-8122db3f7934","__parent":"goal9_group","position":[-13.0883551,360.477844,144.736633],"scale":[6,6,30],"triggerType":"Box"}
{"name":"goal9_group","class":"SimGroup","persistentId":"d0727df1-02c7-48c1-ae86-df8bab36fbde","groupPosition":"0 0 0"}
{"name":"goal9TSStatic","class":"TSStatic","persistentId":"73298e42-0472-4931-ac40-98f574d70f3e","__parent":"goal9_group","position":[-13.0672979,360.477844,133.164474],"collisionType":"None","decalType":"None","instanceColor":[0,1,0.00179100037,1],"isRenderEnabled":false,"scale":[30,30,7],"shapeName":"/art/shapes/interface/single_faded_column.dae","useInstanceRenderData":true}
