{"name":"goalTrigger","class":"BeamNGTrigger","persistentId":"c9790c9c-3e8f-4494-9f29-8122db3f7934","__parent":"goal5_group","position":[189.481888,518.694824,136.370544],"scale":[6,6,30],"triggerType":"Box"}
{"name":"goal5_group","class":"SimGroup","persistentId":"6c4166dd-e6d5-4466-9d92-e1ace74899ae","groupPosition":"0 0 0"}
{"name":"goal5TSStatic","class":"TSStatic","persistentId":"73298e42-0472-4931-ac40-98f574d70f3e","__parent":"goal5_group","position":[189.502945,518.694824,124.798386],"collisionType":"None","decalType":"None","instanceColor":[0,1,0.00179100037,1],"isRenderEnabled":false,"scale":[30,30,7],"shapeName":"/art/shapes/interface/single_faded_column.dae","useInstanceRenderData":true}
