{"name":"goalTrigger","class":"BeamNGTrigger","persistentId":"c9790c9c-3e8f-4494-9f29-8122db3f7934","__parent":"goal10_group","position":[32.2972794,364.963623,144.201797],"scale":[6,6,30],"triggerType":"Box"}
{"name":"goal10_group","class":"SimGroup","persistentId":"56fcb66f-0813-4e15-a2da-795287010a69","groupPosition":"0 0 0"}
{"name":"goal10TSStatic","class":"TSStatic","persistentId":"73298e42-0472-4931-ac40-98f574d70f3e","__parent":"goal10_group","position":[32.3183365,364.963623,132.629639],"collisionType":"None","decalType":"None","instanceColor":[0,1,0.00179100037,1],"isRenderEnabled":false,"scale":[30,30,7],"shapeName":"/art/shapes/interface/single_faded_column.dae","useInstanceRenderData":true}
