{"name":"goalTrigger","class":"BeamNGTrigger","persistentId":"c9790c9c-3e8f-4494-9f29-8122db3f7934","__parent":"goal24_group","position":[-28.6846466,364.351257,148.293594],"scale":[6,6,30],"triggerType":"Box"}
{"name":"goal24_group","class":"SimGroup","persistentId":"3f04f03b-3aaa-4335-8e0e-55a953c0502b","groupPosition":"0 0 0"}
{"name":"goal24TSStatic","class":"TSStatic","persistentId":"73298e42-0472-4931-ac40-98f574d70f3e","__parent":"goal24_group","position":[-28.6635895,364.351257,136.721436],"collisionType":"None","decalType":"None","instanceColor":[0,1,0.00179100037,1],"isRenderEnabled":false,"scale":[30,30,7],"shapeName":"/art/shapes/interface/single_faded_column.dae","useInstanceRenderData":true}
