{"name":"goalTrigger","class":"BeamNGTrigger","persistentId":"c9790c9c-3e8f-4494-9f29-8122db3f7934","__parent":"goal15_group","position":[21.4930801,290.260986,135.064453],"scale":[6,6,30],"triggerType":"Box"}
{"name":"goal15_group","class":"SimGroup","persistentId":"ce7a042a-8cf9-4654-8cda-fa322f248999","groupPosition":"0 0 0"}
{"name":"goal15TSStatic","class":"TSStatic","persistentId":"73298e42-0472-4931-ac40-98f574d70f3e","__parent":"goal15_group","position":[21.5141373,290.260986,123.492294],"collisionType":"None","decalType":"None","instanceColor":[0,1,0.00179100037,1],"isRenderEnabled":false,"scale":[30,30,7],"shapeName":"/art/shapes/interface/single_faded_column.dae","useInstanceRenderData":true}
