{"name":"goalTrigger","class":"BeamNGTrigger","persistentId":"c9790c9c-3e8f-4494-9f29-8122db3f7934","__parent":"goal3_group","position":[-29.7641277,272.05481,136.370544],"scale":[6,6,30],"triggerType":"Box"}
{"name":"goal3_group","class":"SimGroup","persistentId":"cd1be21c-30f3-477d-9dbf-04d0a887eded","groupPosition":"0 0 0"}
{"name":"goal3TSStatic","class":"TSStatic","persistentId":"73298e42-0472-4931-ac40-98f574d70f3e","__parent":"goal3_group","position":[-29.7430706,272.05481,124.798386],"collisionType":"None","decalType":"None","instanceColor":[0,1,0.00179100037,1],"isRenderEnabled":false,"scale":[30,30,7],"shapeName":"/art/shapes/interface/single_faded_column.dae","useInstanceRenderData":true}
