{"name":"goalTrigger","class":"BeamNGTrigger","persistentId":"c9790c9c-3e8f-4494-9f29-8122db3f7934","__parent":"goal17_group","position":[144.61554,178.32489,135.064453],"scale":[6,6,30],"triggerType":"Box"}
{"name":"goal17_group","class":"SimGroup","persistentId":"9ad8decc-de2a-44a7-8a28-1b176a58969c","groupPosition":"0 0 0"}
{"name":"goal17TSStatic","class":"TSStatic","persistentId":"73298e42-0472-4931-ac40-98f574d70f3e","__parent":"goal17_group","position":[144.636597,178.32489,123.492294],"collisionType":"None","decalType":"None","instanceColor":[0,1,0.00179100037,1],"isRenderEnabled":false,"scale":[30,30,7],"shapeName":"/art/shapes/interface/single_faded_column.dae","useInstanceRenderData":true}
