{"name":"goalTrigger","class":"BeamNGTrigger","persistentId":"c9790c9c-3e8f-4494-9f29-8122db3f7934","__parent":"goal30_group","position":[-72.6535645,585.011963,128.345764],"scale":[6,6,30],"triggerType":"Box"}
{"name":"goal30_group","class":"SimGroup","persistentId":"c268d242-3926-4c98-921c-dc52e9180974","groupPosition":"0 0 0"}
{"name":"goal30TSStatic","class":"TSStatic","persistentId":"73298e42-0472-4931-ac40-98f574d70f3e","__parent":"goal30_group","position":[-72.6325073,585.011963,116.773605],"collisionType":"None","decalType":"None","instanceColor":[0,1,0.00179100037,1],"isRenderEnabled":false,"scale":[30,30,7],"shapeName":"/art/shapes/interface/single_faded_column.dae","useInstanceRenderData":true}
