{"name":"goalTrigger","class":"BeamNGTrigger","persistentId":"c9790c9c-3e8f-4494-9f29-8122db3f7934","__parent":"goal21_group","position":[64.0930405,326.151031,140.536102],"scale":[6,6,30],"triggerType":"Box"}
{"name":"goal21_group","class":"SimGroup","persistentId":"b55eb74a-546a-4b7b-848f-74d68570ca19","groupPosition":"0 0 0"}
{"name":"goal21TSStatic","class":"TSStatic","persistentId":"73298e42-0472-4931-ac40-98f574d70f3e","__parent":"goal21_group","position":[64.1140976,326.151031,128.963943],"collisionType":"None","decalType":"None","instanceColor":[0,1,0.00179100037,1],"isRenderEnabled":false,"scale":[30,30,7],"shapeName":"/art/shapes/interface/single_faded_column.dae","useInstanceRenderData":true}
