{"name":"goalTrigger","class":"BeamNGTrigger","persistentId":"c9790c9c-3e8f-4494-9f29-8122db3f7934","__parent":"goal28_group","position":[-86.6505127,378.235413,143.620728],"scale":[6,6,30],"triggerType":"Box"}
{"name":"goal28_group","class":"SimGroup","persistentId":"75836ff3-8649-4240-b5e6-547c63d7fc85","groupPosition":"0 0 0"}
{"name":"goal28TSStatic","class":"TSStatic","persistentId":"73298e42-0472-4931-ac40-98f574d70f3e","__parent":"goal28_group","position":[-86.6294556,378.235413,132.048569],"collisionType":"None","decalType":"None","instanceColor":[0,1,0.00179100037,1],"isRenderEnabled":false,"scale":[30,30,7],"shapeName":"/art/shapes/interface/single_faded_column.dae","useInstanceRenderData":true}
