{"name":"goalTrigger","class":"BeamNGTrigger","persistentId":"c9790c9c-3e8f-4494-9f29-8122db3f7934","__parent":"goal22_group","position":[64.0930405,326.151031,130.536102],"scale":[6,6,30],"triggerType":"Box"}
{"name":"goal22_group","class":"SimGroup","persistentId":"5db62b5f-484b-4c7e-907e-701e80aa1e2f","groupPosition":"0 0 0"}
{"name":"goal22TSStatic","class":"TSStatic","persistentId":"73298e42-0472-4931-ac40-98f574d70f3e","__parent":"goal22_group","position":[64.1140976,326.151031,128.963943],"collisionType":"None","decalType":"None","instanceColor":[0,1,0.00179100037,1],"isRenderEnabled":false,"scale":[30,30,7],"shapeName":"/art/shapes/interface/single_faded_column.dae","useInstanceRenderData":true}
