{"name":"goalTrigger","class":"BeamNGTrigger","persistentId":"c9790c9c-3e8f-4494-9f29-8122db3f7934","__parent":"goal14_group","position":[9.30730057,172.527328,135.064453],"scale":[6,6,30],"triggerType":"Box"}
{"name":"goal14_group","class":"SimGroup","persistentId":"e596110d-0e8b-45fd-a257-47fc7772662f","groupPosition":"0 0 0"}
{"name":"goal14TSStatic","class":"TSStatic","persistentId":"73298e42-0472-4931-ac40-98f574d70f3e","__parent":"goal14_group","position":[9.3283577,172.527328,123.492294],"collisionType":"None","decalType":"None","instanceColor":[0,1,0.00179100037,1],"isRenderEnabled":false,"scale":[30,30,7],"shapeName":"/art/shapes/interface/single_faded_column.dae","useInstanceRenderData":true}
