{"name":"goalTrigger","class":"BeamNGTrigger","persistentId":"c9790c9c-3e8f-4494-9f29-8122db3f7934","__parent":"goal31_group","position":[-36.8407326,392.438141,128.345764],"scale":[6,6,30],"triggerType":"Box"}
{"name":"goal31_group","class":"SimGroup","persistentId":"5b3f1fbc-dd03-45f0-aa3d-65bf8df513bd","groupPosition":"0 0 0"}
{"name":"goal31TSStatic","class":"TSStatic","persistentId":"73298e42-0472-4931-ac40-98f574d70f3e","__parent":"goal31_group","position":[-36.8196754,392.438141,116.773605],"collisionType":"None","decalType":"None","instanceColor":[0,1,0.00179100037,1],"isRenderEnabled":false,"scale":[30,30,7],"shapeName":"/art/shapes/interface/single_faded_column.dae","useInstanceRenderData":true}
