{"name":"goalTrigger","class":"BeamNGTrigger","persistentId":"c9790c9c-3e8f-4494-9f29-8122db3f7934","__parent":"goal7_group","position":[-21.6929607,498.887695,136.370544],"scale":[6,6,30],"triggerType":"Box"}
{"name":"goal7_group","class":"SimGroup","persistentId":"38ddecf9-5055-466d-a341-c66c970a9422","groupPosition":"0 0 0"}
{"name":"goal7TSStatic","class":"TSStatic","persistentId":"73298e42-0472-4931-ac40-98f574d70f3e","__parent":"goal7_group","position":[-21.6719036,498.887695,124.798386],"collisionType":"None","decalType":"None","instanceColor":[0,1,0.00179100037,1],"isRenderEnabled":false,"scale":[30,30,7],"shapeName":"/art/shapes/interface/single_faded_column.dae","useInstanceRenderData":true}
