{"name":"goalTrigger","class":"BeamNGTrigger","persistentId":"c9790c9c-3e8f-4494-9f29-8122db3f7934","__parent":"goal6_group","position":[1.64168739,577.731018,136.370544],"scale":[6,6,30],"triggerType":"Box"}
{"name":"goal6_group","class":"SimGroup","persistentId":"19b5f346-020b-49a7-b37c-112a8fd34822","groupPosition":"0 0 0"}
{"name":"goal6TSStatic","class":"TSStatic","persistentId":"73298e42-0472-4931-ac40-98f574d70f3e","__parent":"goal6_group","position":[1.66274452,577.731018,124.798386],"collisionType":"None","decalType":"None","instanceColor":[0,1,0.00179100037,1],"isRenderEnabled":false,"scale":[30,30,7],"shapeName":"/art/shapes/interface/single_faded_column.dae","useInstanceRenderData":true}
