{"name":"goalTrigger","class":"BeamNGTrigger","persistentId":"c9790c9c-3e8f-4494-9f29-8122db3f7934","__parent":"goal2_group","position":[-8.92639732,114.076797,136.370544],"scale":[6,6,30],"triggerType":"Box"}
{"name":"goal2_group","class":"SimGroup","persistentId":"c800a583-07c9-4c5e-be2b-9929a2ddaeef","groupPosition":"0 0 0"}
{"name":"goal2TSStatic","class":"TSStatic","persistentId":"73298e42-0472-4931-ac40-98f574d70f3e","__parent":"goal2_group","position":[-8.90534019,114.076797,124.798386],"collisionType":"None","decalType":"None","instanceColor":[0,1,0.00179100037,1],"isRenderEnabled":false,"scale":[30,30,7],"shapeName":"/art/shapes/interface/single_faded_column.dae","useInstanceRenderData":true}
