{"name":"goalTrigger","class":"BeamNGTrigger","persistentId":"c9790c9c-3e8f-4494-9f29-8122db3f7934","__parent":"goal29_group","position":[-99.4838715,475.610352,142.83728],"scale":[6,6,30],"triggerType":"Box"}
{"name":"goal29_group","class":"SimGroup","persistentId":"c840e359-bb99-4ab9-9530-4ab755055f78","groupPosition":"0 0 0"}
{"name":"goal29TSStatic","class":"TSStatic","persistentId":"73298e42-0472-4931-ac40-98f574d70f3e","__parent":"goal29_group","position":[-99.4628143,475.610352,131.265121],"collisionType":"None","decalType":"None","instanceColor":[0,1,0.00179100037,1],"isRenderEnabled":false,"scale":[30,30,7],"shapeName":"/art/shapes/interface/single_faded_column.dae","useInstanceRenderData":true}
