{"name":"goalTrigger","class":"BeamNGTrigger","persistentId":"c9790c9c-3e8f-4494-9f29-8122db3f7934","__parent":"goal1_group","position":[33.5420837,223.649811,142.161423],"scale":[6,6,30],"triggerType":"Box"}
{"name":"goal1_group","class":"SimGroup","persistentId":"ad4b2540-f0c3-411a-9fa2-1cfb8b4a6c4c","groupPosition":"0 0 0"}
{"name":"goal1TSStatic","class":"TSStatic","persistentId":"73298e42-0472-4931-ac40-98f574d70f3e","__parent":"goal1_group","position":[33.5631409,223.649811,130.589264],"collisionType":"None","decalType":"None","instanceColor":[0,1,0.00179100037,1],"isRenderEnabled":false,"scale":[30,30,7],"shapeName":"/art/shapes/interface/single_faded_column.dae","useInstanceRenderData":true}
