{"name":"goalTrigger","class":"BeamNGTrigger","persistentId":"c9790c9c-3e8f-4494-9f29-8122db3f7934","__parent":"goal23_group","position":[20.7931709,435.066437,148.293594],"scale":[6,6,30],"triggerType":"Box"}
{"name":"goal23_group","class":"SimGroup","persistentId":"d7672512-0064-4e4f-8f03-9d4fc72ad738","groupPosition":"0 0 0"}
{"name":"goal23TSStatic","class":"TSStatic","persistentId":"73298e42-0472-4931-ac40-98f574d70f3e","__parent":"goal23_group","position":[20.8142281,435.066437,136.721436],"collisionType":"None","decalType":"None","instanceColor":[0,1,0.00179100037,1],"isRenderEnabled":false,"scale":[30,30,7],"shapeName":"/art/shapes/interface/single_faded_column.dae","useInstanceRenderData":true}
