{"class":"TSStatic","persistentId":"8a0926f0-cbb2-45f3-9da6-1afd09a79b27","__parent":"busstops","position":[-260.74408,499.892334,74.8225784],"annotation":"OBSTACLES","decalType":"None","isRenderEnabled":false,"rotationMatrix":[0.646503925,0.762911141,0,-0.762911141,0.646503925,0,0,0,1],"shapeName":"/levels/west_coast_usa/art/shapes/buildings/busstop_wca.dae"}
{"class":"TSStatic","persistentId":"8a60ccae-99af-44c8-b4ba-306f393dd94c","__parent":"busstops","position":[-758.700928,209.220901,137.407806],"decalType":"None","isRenderEnabled":false,"rotationMatrix":[-0.70710659,0.707106531,0,-0.707106531,-0.70710659,0,0,0,1],"shapeName":"/levels/west_coast_usa/art/shapes/buildings/bussign.dae"}
{"class":"TSStatic","persistentId":"8a6c05d3-ae13-499f-a622-a291a8f5216f","__parent":"busstops","position":[-614.492126,-930.53717,162.294373],"decalType":"None","isRenderEnabled":false,"rotationMatrix":[0.809852898,-0.586633444,0,0.586633444,0.809852898,0,0,0,1],"shapeName":"/levels/west_coast_usa/art/shapes/buildings/bussign.dae"}
{"class":"TSStatic","persistentId":"8d6dc160-0245-440d-b77e-3e5c4616c447","__parent":"busstops","position":[-723.667236,-35.8049812,102.378677],"decalType":"None","isRenderEnabled":false,"rotationMatrix":[-0.703600585,0.710595429,0,-0.710595429,-0.703600585,0,0,0,1],"shapeName":"/levels/west_coast_usa/art/shapes/buildings/bussign.dae"}
{"class":"TSStatic","persistentId":"99e27ea5-44ff-430d-9c10-ca8394ddb846","__parent":"busstops","position":[-681.083801,128.494873,117.59404],"decalType":"None","isRenderEnabled":false,"rotationMatrix":[-0.70710665,0.70710659,0,-0.70710659,-0.70710665,0,0,0,1],"shapeName":"/levels/west_coast_usa/art/shapes/buildings/bussign.dae"}
{"class":"TSStatic","persistentId":"5f4ecfb2-8b9f-4e0c-ae84-08db276b61b7","__parent":"busstops","position":[-677.759277,130.430038,117.426529],"annotation":"OBSTACLES","decalType":"None","isRenderEnabled":false,"rotationMatrix":[-0.707106531,0.707106411,0,-0.707106411,-0.707106531,0,0,0,1],"shapeName":"/levels/west_coast_usa/art/shapes/buildings/busstop_wca.dae"}
{"class":"TSStatic","persistentId":"9674cc8d-1a0f-4a9a-bd27-1fa6572856f0","__parent":"busstops","position":[-441.60379,472.865082,96.4668579],"annotation":"OBSTACLES","decalType":"None","isRenderEnabled":false,"rotationMatrix":[0.707106829,0.707106769,0,-0.707106769,0.707106829,0,0,0,1],"shapeName":"/levels/west_coast_usa/art/shapes/buildings/busstop_wca.dae"}
{"class":"TSStatic","persistentId":"9677c0b5-0585-4df3-8724-2b34e21a0713","__parent":"busstops","position":[-342.605377,286.244446,101.429329],"decalType":"None","isRenderEnabled":false,"rotationMatrix":[-0.643315613,0.765601099,0,-0.765601099,-0.643315673,0,0,0,1],"shapeName":"/levels/west_coast_usa/art/shapes/buildings/bussign.dae"}
{"class":"TSStatic","persistentId":"976f9a72-97f2-4347-9c9e-ea2fad73fda4","__parent":"busstops","position":[-41.5082664,528.999756,74.643158],"decalType":"None","isRenderEnabled":false,"rotationMatrix":[-0.80606693,-0.591824949,0,0.591824949,-0.80606693,0,0,0,1],"shapeName":"/levels/west_coast_usa/art/shapes/buildings/bussign.dae"}
{"class":"TSStatic","persistentId":"8d1ee937-f105-459a-b88d-bd79955df27f","__parent":"busstops","position":[417.243225,-298.704132,152.719742],"decalType":"None","isRenderEnabled":false,"rotationMatrix":[-0.750350237,-0.661040604,0,0.661040604,-0.750350237,0,0,0,1],"shapeName":"/levels/west_coast_usa/art/shapes/buildings/bussign.dae"}
{"class":"TSStatic","persistentId":"9c8e96e7-59e6-492a-9250-10777967e3c9","__parent":"busstops","position":[-504.807526,304.520081,98.4056931],"decalType":"None","isRenderEnabled":false,"rotationMatrix":[-0.70710659,0.70710665,0,-0.70710665,-0.70710659,0,0,0,1],"shapeName":"/levels/west_coast_usa/art/shapes/buildings/bussign.dae"}
{"class":"TSStatic","persistentId":"9f2f6443-be65-4cce-afa4-43ef48f25012","__parent":"busstops","position":[-585.936462,427.743439,110.185158],"annotation":"OBSTACLES","decalType":"None","isRenderEnabled":false,"rotationMatrix":[-0.707106531,-0.707106471,0,0.707106471,-0.707106531,0,0,0,1],"shapeName":"/levels/west_coast_usa/art/shapes/buildings/busstop_wca.dae"}
{"class":"TSStatic","persistentId":"a5c72aab-0fb2-46fe-9457-4ce454c4f4d3","__parent":"busstops","position":[-283.884247,-866.075378,134.274734],"annotation":"OBSTACLES","decalType":"None","isRenderEnabled":false,"rotationMatrix":[-0.52142185,-0.853298664,0,0.853298664,-0.52142185,0,0,0,1],"shapeName":"/levels/west_coast_usa/art/shapes/buildings/busstop_wca.dae"}
{"class":"TSStatic","persistentId":"a9a27f35-7ada-4048-8048-b031bbf06a17","__parent":"busstops","position":[-840.576355,867.041321,74.9532242],"decalType":"None","isRenderEnabled":false,"rotationMatrix":[-5.96046448e-08,0.999999881,0,-0.999999881,-5.96046448e-08,0,0,0,1],"shapeName":"/levels/west_coast_usa/art/shapes/buildings/bussign.dae"}
{"class":"TSStatic","persistentId":"abd1e027-05af-42bc-818e-794498858e02","__parent":"busstops","position":[-409.835083,683.449036,74.9654083],"decalType":"None","isRenderEnabled":false,"rotationMatrix":[-0.707106471,-0.707106471,0,0.707106471,-0.707106471,0,0,0,1],"shapeName":"/levels/west_coast_usa/art/shapes/buildings/bussign.dae"}
{"class":"TSStatic","persistentId":"ac0c0b35-93b2-4eb6-a124-144acde98904","__parent":"busstops","position":[-625.786621,446.589935,114.192123],"annotation":"OBSTACLES","decalType":"None","isRenderEnabled":false,"rotationMatrix":[0.707106829,0.70710665,0,-0.70710665,0.707106829,0,0,0,1],"shapeName":"/levels/west_coast_usa/art/shapes/buildings/busstop_wca.dae"}
{"class":"TSStatic","persistentId":"ac2c9e19-224e-41bb-9b01-7eb649d56d92","__parent":"busstops","position":[-807.422546,312.931335,151.715057],"decalType":"None","isRenderEnabled":false,"rotationMatrix":[-0.707106531,0.70710659,0,-0.70710659,-0.707106531,0,0,0,1],"shapeName":"/levels/west_coast_usa/art/shapes/buildings/bussign.dae"}
{"class":"TSStatic","persistentId":"ac7beaab-1fd1-42f8-9fb6-e395f9c89afb","__parent":"busstops","position":[-289.150635,-864.855225,134.770035],"decalType":"None","isRenderEnabled":false,"rotationMatrix":[-0.661628306,-0.749831557,0,0.749831557,-0.661628306,0,0,0,1],"shapeName":"/levels/west_coast_usa/art/shapes/buildings/bussign.dae"}
{"class":"TSStatic","persistentId":"ae2ea6e5-a93b-4ed8-aa66-672f27afea21","__parent":"busstops","position":[421.107391,-300.386566,152.758835],"annotation":"OBSTACLES","decalType":"None","isRenderEnabled":false,"rotationMatrix":[-0.731057584,-0.682315826,0,0.682315886,-0.731057644,0,0,0,1],"shapeName":"/levels/west_coast_usa/art/shapes/buildings/busstop_wca.dae"}
{"class":"TSStatic","persistentId":"b2c09a90-880e-461e-99f3-05638af08fcd","__parent":"busstops","position":[-798.397461,-592.391602,102.782181],"decalType":"None","isRenderEnabled":false,"rotationMatrix":[-0.639627099,-0.768684804,0,0.768684804,-0.639627099,0,0,0,1],"shapeName":"/levels/west_coast_usa/art/shapes/buildings/bussign.dae"}
{"class":"TSStatic","persistentId":"b63c5e72-8fc3-4757-8bd4-282063e58681","__parent":"busstops","position":[-798.755066,547.875244,125.014534],"annotation":"OBSTACLES","decalType":"None","isRenderEnabled":false,"rotationMatrix":[-5.96046448e-08,0.99999994,0,-0.99999994,-5.96046448e-08,0,0,0,1],"shapeName":"/levels/west_coast_usa/art/shapes/buildings/busstop_wca.dae"}
{"class":"TSStatic","persistentId":"bfc013ed-ea22-4044-a1ff-54403e9bfd6e","__parent":"busstops","position":[-668.671204,166.096283,116.008179],"annotation":"OBSTACLES","decalType":"None","isRenderEnabled":false,"rotationMatrix":[0.684775949,-0.728753269,0,0.728753269,0.684775949,0,0,0,1],"shapeName":"/levels/west_coast_usa/art/shapes/buildings/busstop_wca.dae"}
{"class":"TSStatic","persistentId":"bc044b04-ae25-4046-ba1c-11d9bc81f651","__parent":"busstops","position":[-839.637451,863.867065,74.9253311],"annotation":"OBSTACLES","decalType":"None","isRenderEnabled":false,"rotationMatrix":[-1.49011612e-08,0.999999881,0,-0.999999881,-1.49011612e-08,0,0,0,1],"shapeName":"/levels/west_coast_usa/art/shapes/buildings/busstop_wca.dae"}
{"class":"TSStatic","persistentId":"bc5544ea-0d0b-4129-89f0-fff3c7c470ce","__parent":"busstops","position":[-840.132935,763.640503,89.8861542],"annotation":"OBSTACLES","decalType":"None","isRenderEnabled":false,"rotationMatrix":[-5.96046448e-08,0.999999881,0,-0.999999881,-5.96046448e-08,0,0,0,1],"shapeName":"/levels/west_coast_usa/art/shapes/buildings/busstop_wca.dae"}
{"class":"TSStatic","persistentId":"bc57c11c-9852-459a-9297-ead30a6b652b","__parent":"busstops","position":[-4.23917389,186.137466,126.090996],"decalType":"None","isRenderEnabled":false,"rotationMatrix":[0.710281074,-0.703918278,0,0.703918278,0.710281074,0,0,0,1],"shapeName":"/levels/west_coast_usa/art/shapes/buildings/bussign.dae"}
{"class":"TSStatic","persistentId":"bca02a3c-ff18-4ac5-872d-557d9d193d92","__parent":"busstops","position":[-481.393341,351.895782,97.0626984],"decalType":"None","isRenderEnabled":false,"rotationMatrix":[0.707106829,-0.70710665,0,0.70710665,0.707106829,0,0,0,1],"shapeName":"/levels/west_coast_usa/art/shapes/buildings/bussign.dae"}
{"class":"TSStatic","persistentId":"c2303b6a-b204-4312-b10a-d34a5f35ae3a","__parent":"busstops","position":[-466.005829,708.549927,74.7992172],"decalType":"None","isRenderEnabled":false,"rotationMatrix":[0.707106769,0.707106709,0,-0.707106709,0.707106769,0,0,0,1],"shapeName":"/levels/west_coast_usa/art/shapes/buildings/bussign.dae"}
{"class":"TSStatic","persistentId":"c26fcd73-690d-4e62-b5e5-b160a9d9e443","__parent":"busstops","position":[-409.857086,248.177383,101.560379],"annotation":"OBSTACLES","decalType":"None","isRenderEnabled":false,"rotationMatrix":[0.791971028,-0.610558629,0,0.610558569,0.791971028,0,0,0,1],"shapeName":"/levels/west_coast_usa/art/shapes/buildings/busstop_wca.dae"}
{"class":"TSStatic","persistentId":"cc1c1573-9b9d-4dac-a392-8ff8f12dc597","__parent":"busstops","position":[6.77234888,181.725006,125.857216],"decalType":"None","isRenderEnabled":false,"rotationMatrix":[-0.702009261,0.712167859,0,-0.712167859,-0.702009261,0,0,0,1],"shapeName":"/levels/west_coast_usa/art/shapes/buildings/bussign.dae"}
{"class":"TSStatic","persistentId":"ccf59b12-8c32-4f26-9077-0228f1bf9fd8","__parent":"busstops","position":[882.055908,-960.132874,170.200714],"decalType":"None","isRenderEnabled":false,"rotationMatrix":[-0.665909648,0.746032536,0,-0.746032536,-0.665909648,0,0,0,1],"shapeName":"/levels/west_coast_usa/art/shapes/buildings/bussign.dae"}
{"class":"TSStatic","persistentId":"cd9171e4-de6c-43b3-89f9-0ade2d8ca08b","__parent":"busstops","position":[-571.592529,601.464355,90.2507095],"annotation":"OBSTACLES","decalType":"None","isRenderEnabled":false,"rotationMatrix":[0.70710665,0.70710665,0,-0.70710665,0.70710665,0,0,0,1],"shapeName":"/levels/west_coast_usa/art/shapes/buildings/busstop_wca.dae"}
{"class":"TSStatic","persistentId":"d1ff4313-9a66-4a16-9852-086cfa665760","__parent":"busstops","position":[-585.982666,-522.441772,116.246162],"annotation":"OBSTACLES","decalType":"None","isRenderEnabled":false,"rotationMatrix":[-0.127695471,-0.991812646,0,0.991812646,-0.127695471,0,0,0,1],"shapeName":"/levels/west_coast_usa/art/shapes/buildings/busstop_wca.dae"}
{"class":"TSStatic","persistentId":"d20e75c3-165c-4ceb-a543-69dcf387fd70","__parent":"busstops","position":[-819.52594,324.511902,151.625732],"decalType":"None","isRenderEnabled":false,"rotationMatrix":[0.707106829,-0.707106769,0,0.707106769,0.707106829,0,0,0,1],"shapeName":"/levels/west_coast_usa/art/shapes/buildings/bussign.dae"}
{"class":"TSStatic","persistentId":"d7a54f76-91bf-4f3e-b57a-6098596cd7b3","__parent":"busstops","position":[-791.378357,561.428101,124.472198],"decalType":"None","isRenderEnabled":false,"rotationMatrix":[-2.98023224e-08,-0.99999994,0,0.99999994,-2.98023224e-08,0,0,0,1],"shapeName":"/levels/west_coast_usa/art/shapes/buildings/bussign.dae"}
{"class":"TSStatic","persistentId":"d809cda2-1e2c-4d58-89b6-66332e39b9bc","__parent":"busstops","position":[-595.950806,653.694153,91.3613052],"annotation":"OBSTACLES","decalType":"None","isRenderEnabled":false,"rotationMatrix":[-0.70710659,-0.707106531,0,0.707106531,-0.70710659,0,0,0,1],"shapeName":"/levels/west_coast_usa/art/shapes/buildings/busstop_wca.dae"}
{"class":"TSStatic","persistentId":"d976fe0a-206f-4672-8209-9f8bdc4056a4","__parent":"busstops","position":[-589.16449,-523.801758,116.476593],"decalType":"None","isRenderEnabled":false,"rotationMatrix":[-0.127633229,-0.991821408,0,0.991821408,-0.127633229,0,0,0,1],"shapeName":"/levels/west_coast_usa/art/shapes/buildings/bussign.dae"}
{"class":"TSStatic","persistentId":"e3228f5f-15d2-45ea-8220-c8a71e6339d1","__parent":"busstops","position":[423.753632,-303.221893,152.758835],"annotation":"OBSTACLES","decalType":"None","isRenderEnabled":false,"rotationMatrix":[-0.731057584,-0.682315826,0,0.682315886,-0.731057644,0,0,0,1],"shapeName":"/levels/west_coast_usa/art/shapes/buildings/busstop_wca.dae"}
{"class":"TSStatic","persistentId":"e35fadc2-b183-48c4-823e-b7f49b3cc978","__parent":"busstops","position":[-874.282593,656.700134,110.528763],"decalType":"None","isRenderEnabled":false,"rotationMatrix":[-2.98023224e-08,0.999999881,0,-0.999999881,-2.98023224e-08,0,0,0,1],"shapeName":"/levels/west_coast_usa/art/shapes/buildings/bussign.dae"}
{"class":"TSStatic","persistentId":"e4e41233-d767-47c8-9343-f518e8ac8e4a","__parent":"busstops","position":[-623.073914,444.871582,114.077393],"decalType":"None","isRenderEnabled":false,"rotationMatrix":[0.707106709,0.707106531,0,-0.707106531,0.707106709,0,0,0,1],"shapeName":"/levels/west_coast_usa/art/shapes/buildings/bussign.dae"}
{"class":"TSStatic","persistentId":"e5b398db-10dd-4fa8-8733-1a7ca13adf08","__parent":"busstops","position":[223.337372,821.387024,102.29847],"decalType":"None","isRenderEnabled":false,"rotationMatrix":[-0.275983572,0.961162627,0,-0.961162627,-0.275983572,0,0,0,1],"shapeName":"/levels/west_coast_usa/art/shapes/buildings/bussign.dae"}
{"class":"TSStatic","persistentId":"e5eb8dfd-b181-44cf-a153-710be48803b8","__parent":"busstops","position":[-257.714996,534.197327,75.054512],"annotation":"OBSTACLES","decalType":"None","isRenderEnabled":false,"rotationMatrix":[-0.706449926,-0.707763135,0,0.707763135,-0.706449926,0,0,0,1],"shapeName":"/levels/west_coast_usa/art/shapes/buildings/busstop_wca.dae"}
{"class":"TSStatic","persistentId":"e9ad5264-a4f2-4b9e-b5ec-d9851f57e73e","__parent":"busstops","position":[-726.755615,260.549866,133.109772],"annotation":"OBSTACLES","decalType":"None","isRenderEnabled":false,"rotationMatrix":[0.674822569,-0.737980127,0,0.737980127,0.674822569,0,0,0,1],"shapeName":"/levels/west_coast_usa/art/shapes/buildings/busstop_wca.dae"}
{"class":"TSStatic","persistentId":"ecb45d0f-e292-444a-91d7-bc8d7d82ab9a","__parent":"busstops","position":[-580.228455,-538.555969,116.054558],"decalType":"None","isRenderEnabled":false,"rotationMatrix":[0.303507,0.952829063,0,-0.952829063,0.303507,0,0,0,1],"shapeName":"/levels/west_coast_usa/art/shapes/buildings/bussign.dae"}
{"class":"TSStatic","persistentId":"ee8bdec6-08be-43fb-a4c2-b93387c60186","__parent":"busstops","position":[-571.651123,604.00769,90.4538269],"decalType":"None","isRenderEnabled":false,"rotationMatrix":[0.707106709,0.707106709,0,-0.707106709,0.707106709,0,0,0,1],"shapeName":"/levels/west_coast_usa/art/shapes/buildings/bussign.dae"}
{"class":"TSStatic","persistentId":"efee4149-56ad-4fdc-9393-8cbf4bd91e18","__parent":"busstops","position":[-914.654419,230.678986,158.767929],"annotation":"OBSTACLES","decalType":"None","isRenderEnabled":false,"rotationMatrix":[0.707106829,-0.707106829,0,0.707106829,0.707106829,0,0,0,1],"shapeName":"/levels/west_coast_usa/art/shapes/buildings/busstop_wca.dae"}
{"class":"TSStatic","persistentId":"fa11bff3-55dd-4711-8b17-982c53200e41","__parent":"busstops","position":[-670.45166,163.13237,116.221649],"decalType":"None","isRenderEnabled":false,"rotationMatrix":[0.707106769,-0.707106709,0,0.707106709,0.707106769,0,0,0,1],"shapeName":"/levels/west_coast_usa/art/shapes/buildings/bussign.dae"}
{"class":"TSStatic","persistentId":"fd1f4b77-71e6-4e46-b4cc-a90e0ad2d205","__parent":"busstops","position":[-410.225281,243.705139,101.514946],"decalType":"None","isRenderEnabled":false,"rotationMatrix":[0.770390272,-0.637572765,0,0.637572706,0.770390213,0,0,0,1],"shapeName":"/levels/west_coast_usa/art/shapes/buildings/bussign.dae"}
{"class":"TSStatic","persistentId":"fdb7d90e-12d7-4706-83fd-c9a191ddda48","__parent":"busstops","position":[-792.032349,-611.868347,104.03019],"decalType":"None","isRenderEnabled":false,"rotationMatrix":[0.697127581,0.716947019,0,-0.716947019,0.697127581,0,0,0,1],"shapeName":"/levels/west_coast_usa/art/shapes/buildings/bussign.dae"}
{"class":"TSStatic","persistentId":"fe9db1ba-3565-4e2a-9313-aaa3f4ea7019","__parent":"busstops","position":[-594.364258,650.565796,91.4492111],"decalType":"None","isRenderEnabled":false,"rotationMatrix":[-0.707106411,-0.707106531,0,0.707106531,-0.707106411,0,0,0,1],"shapeName":"/levels/west_coast_usa/art/shapes/buildings/bussign.dae"}
{"class":"TSStatic","persistentId":"7974cf0d-78d1-4274-86e7-5fcd00bd7087","__parent":"busstops","position":[214.793839,831.832764,101.989357],"decalType":"None","isRenderEnabled":false,"rotationMatrix":[0.275983453,-0.96116221,0,0.96116221,0.275983453,0,0,0,1],"shapeName":"/levels/west_coast_usa/art/shapes/buildings/bussign.dae"}
{"class":"TSStatic","persistentId":"6cedbd67-7232-4a97-98f6-3f4bee8b9acc","__parent":"busstops","position":[-584.875061,425.044006,110.218765],"decalType":"None","isRenderEnabled":false,"rotationMatrix":[-0.707106709,-0.70710659,0,0.70710659,-0.707106709,0,0,0,1],"shapeName":"/levels/west_coast_usa/art/shapes/buildings/bussign.dae"}
{"class":"TSStatic","persistentId":"6e6e2647-ce9a-40dd-a45d-66466ab4d4d0","__parent":"busstops","position":[11.4049358,458.160828,101.746635],"decalType":"None","isRenderEnabled":false,"rotationMatrix":[0.661456406,-0.749983609,0,0.749983609,0.661456406,0,0,0,1],"shapeName":"/levels/west_coast_usa/art/shapes/buildings/bussign.dae"}
{"class":"TSStatic","persistentId":"6f929b09-de13-4e5b-9aad-e1287eea7d4e","__parent":"busstops","position":[-552.978271,433.550842,106.568222],"decalType":"None","isRenderEnabled":false,"rotationMatrix":[0.707106829,-0.707106769,0,0.707106769,0.707106829,0,0,0,1],"shapeName":"/levels/west_coast_usa/art/shapes/buildings/bussign.dae"}
{"class":"TSStatic","persistentId":"70e2e359-92a8-4891-af46-4099b0f78f03","__parent":"busstops","position":[-868.665955,666.358704,110.652176],"decalType":"None","isRenderEnabled":false,"rotationMatrix":[0,-0.999999881,0,0.999999881,0,0,0,0,1],"shapeName":"/levels/west_coast_usa/art/shapes/buildings/bussign.dae"}
{"class":"TSStatic","persistentId":"12f4b8a6-07e0-4c4f-893c-9861da56d6e7","__parent":"busstops","position":[-801.229858,548.756897,125.096054],"decalType":"None","isRenderEnabled":false,"rotationMatrix":[-2.98023224e-08,0.999999821,0,-0.999999821,-2.98023224e-08,0,0,0,1],"shapeName":"/levels/west_coast_usa/art/shapes/buildings/bussign.dae"}
{"class":"TSStatic","persistentId":"59340dda-7c40-4a49-a4bb-f99d7b3320fe","__parent":"busstops","position":[-254.456375,608.2005,74.7781372],"annotation":"OBSTACLES","decalType":"None","isRenderEnabled":false,"rotationMatrix":[-0.999999583,-1.78813934e-07,0,1.78813934e-07,-0.999999583,0,0,0,1],"shapeName":"/levels/west_coast_usa/art/shapes/buildings/busstop_wca.dae"}
{"class":"TSStatic","persistentId":"781c0ba3-5afa-4341-8972-603c634125fc","__parent":"busstops","position":[-261.048767,533.14386,74.9325867],"decalType":"None","isRenderEnabled":false,"rotationMatrix":[-0.726779997,-0.686870098,0,0.686870098,-0.726779997,0,0,0,1],"shapeName":"/levels/west_coast_usa/art/shapes/buildings/bussign.dae"}
{"class":"TSStatic","persistentId":"78d68f48-d256-4cb3-a2f1-6c7c9622ac1f","__parent":"busstops","position":[-724.004822,-18.1092434,102.259575],"decalType":"None","isRenderEnabled":false,"rotationMatrix":[0.70710659,-0.707106709,0,0.707106709,0.70710659,0,0,0,1],"shapeName":"/levels/west_coast_usa/art/shapes/buildings/bussign.dae"}
{"class":"TSStatic","persistentId":"609d1ed4-26a7-4e2b-9a95-493e5c57321d","__parent":"busstops","position":[-854.278381,774.912109,90.3447723],"annotation":"OBSTACLES","decalType":"None","isRenderEnabled":false,"rotationMatrix":[-5.96046448e-08,-0.999999523,0,0.999999523,-5.96046448e-08,0,0,0,1],"shapeName":"/levels/west_coast_usa/art/shapes/buildings/busstop_wca.dae"}
{"class":"TSStatic","persistentId":"60f1cc9b-82bf-4092-a9d3-f275e640db47","__parent":"busstops","position":[-851.947266,774.245911,90.380249],"decalType":"None","isRenderEnabled":false,"rotationMatrix":[-5.96046448e-08,-0.999999821,0,0.999999821,-5.96046448e-08,0,0,0,1],"shapeName":"/levels/west_coast_usa/art/shapes/buildings/bussign.dae"}
{"class":"TSStatic","persistentId":"61697ce8-cdab-49fc-b056-094374b67601","__parent":"busstops","position":[-35.9860611,526.301636,74.8253403],"annotation":"OBSTACLES","decalType":"None","isRenderEnabled":false,"rotationMatrix":[-0.796195805,-0.605038643,0,0.605038643,-0.796195805,0,0,0,1],"shapeName":"/levels/west_coast_usa/art/shapes/buildings/busstop_wca.dae"}
{"class":"TSStatic","persistentId":"6226cab0-2e01-4a06-b28d-e7f1247588bb","__parent":"busstops","position":[-480.189331,354.767853,96.8456802],"annotation":"OBSTACLES","decalType":"None","isRenderEnabled":false,"rotationMatrix":[0.707106829,-0.707106709,0,0.707106709,0.707106829,0,0,0,1],"shapeName":"/levels/west_coast_usa/art/shapes/buildings/busstop_wca.dae"}
{"class":"TSStatic","persistentId":"62a5bd05-7dc6-4a15-bf82-fa75412eb585","__parent":"busstops","position":[-795.018616,562.363098,124.847832],"annotation":"OBSTACLES","decalType":"None","isRenderEnabled":false,"rotationMatrix":[-0.0627925918,-0.998026252,0,0.998026252,-0.0627925918,0,0,0,1],"shapeName":"/levels/west_coast_usa/art/shapes/buildings/busstop_wca.dae"}
{"class":"TSStatic","persistentId":"6a9142f2-387b-4655-bbf7-90c551b0f7b6","__parent":"busstops","position":[-911.48645,232.283997,158.871521],"decalType":"None","isRenderEnabled":false,"rotationMatrix":[0.707106829,-0.707106769,0,0.707106769,0.707106829,0,0,0,1],"shapeName":"/levels/west_coast_usa/art/shapes/buildings/bussign.dae"}
{"class":"TSStatic","persistentId":"6c532850-1f96-46bf-a13b-e25e6af91d9a","__parent":"busstops","position":[-435.186249,491.187592,96.524437],"decalType":"None","isRenderEnabled":false,"rotationMatrix":[-0.70710659,-0.707106531,0,0.707106531,-0.70710659,0,0,0,1],"shapeName":"/levels/west_coast_usa/art/shapes/buildings/bussign.dae"}
{"class":"TSStatic","persistentId":"4fbdbd58-c036-438b-a9f6-f083d43e3edc","__parent":"busstops","position":[-756.522705,209.949646,137.228683],"annotation":"OBSTACLES","decalType":"None","isRenderEnabled":false,"rotationMatrix":[-0.705588758,0.708621323,0,-0.708621323,-0.705588758,0,0,0,1],"shapeName":"/levels/west_coast_usa/art/shapes/buildings/busstop_wca.dae"}
{"class":"TSStatic","persistentId":"583e47b0-d18d-4583-b9f1-5360ab3caa68","__parent":"busstops","position":[-467.313934,706.250427,74.7722397],"annotation":"OBSTACLES","decalType":"None","isRenderEnabled":false,"rotationMatrix":[0.707106709,0.707106709,0,-0.707106709,0.707106709,0,0,0,1],"shapeName":"/levels/west_coast_usa/art/shapes/buildings/busstop_wca.dae"}
{"class":"TSStatic","persistentId":"360f6791-7a38-4115-bdc7-5db0c52d83cd","__parent":"busstops","position":[414.229462,-293.450195,152.60141],"annotation":"OBSTACLES","decalType":"None","isRenderEnabled":false,"rotationMatrix":[-0.731057584,-0.682315826,0,0.682315886,-0.731057644,0,0,0,1],"shapeName":"/levels/west_coast_usa/art/shapes/buildings/busstop_wca.dae"}
{"class":"TSStatic","persistentId":"36a0ca89-921c-4122-a72b-98f2c421144e","__parent":"busstops","position":[694.14856,43.9870453,154.887283],"isRenderEnabled":false,"rotationMatrix":[-0.973562419,-0.228420138,0,0.228420138,-0.973562419,0,0,0,1],"shapeName":"/levels/west_coast_usa/art/shapes/objects/floodlight_portable.dae","useInstanceRenderData":true}
{"class":"TSStatic","persistentId":"390e6d0a-8c52-4db0-8b3c-22e43054d2d4","__parent":"busstops","annotation":"RESTRICTED_STREET","isRenderEnabled":false,"shapeName":"/levels/west_coast_usa/art/shapes/roads/restrictedstreet.dae","useInstanceRenderData":true}
{"class":"TSStatic","persistentId":"39d856ef-2c73-4a56-a9ae-349eba5a6964","__parent":"busstops","position":[34.9683456,-428.992523,134.199585],"isRenderEnabled":false,"rotationMatrix":[-0.976181149,-0.216957062,0,0.216957062,-0.976181149,0,0,0,1],"shapeName":"/levels/west_coast_usa/art/shapes/objects/floodlight_portable.dae","useInstanceRenderData":true}
{"class":"TSStatic","persistentId":"3a72a609-4dc5-4e04-b99f-c7e9328d806f","__parent":"busstops","position":[-343.40802,282.928772,101.329926],"annotation":"OBSTACLES","decalType":"None","isRenderEnabled":false,"rotationMatrix":[-0.634511292,0.772913635,0,-0.772913635,-0.634511292,0,0,0,1],"shapeName":"/levels/west_coast_usa/art/shapes/buildings/busstop_wca.dae"}
{"class":"TSStatic","persistentId":"3cda5442-45b5-474d-b2e0-573074ca1f3f","__parent":"busstops","position":[416.875671,-296.28537,152.60141],"annotation":"OBSTACLES","decalType":"None","isRenderEnabled":false,"rotationMatrix":[-0.731057584,-0.682315826,0,0.682315886,-0.731057644,0,0,0,1],"shapeName":"/levels/west_coast_usa/art/shapes/buildings/busstop_wca.dae"}
{"class":"TSStatic","persistentId":"3ddecbc1-96aa-4d22-be3c-a0a2f29ae241","__parent":"busstops","position":[-410.201355,687.73999,74.9184265],"annotation":"OBSTACLES","decalType":"None","isRenderEnabled":false,"rotationMatrix":[-0.685176015,-0.728378177,0,0.728378177,-0.685176015,0,0,0,1],"shapeName":"/levels/west_coast_usa/art/shapes/buildings/busstop_wca.dae"}
{"class":"TSStatic","persistentId":"3fdfd836-e5ad-4591-b8a3-eb469c8f99db","__parent":"busstops","position":[-723.798645,262.11673,132.873398],"decalType":"None","isRenderEnabled":false,"rotationMatrix":[0.69707793,-0.716995537,0,0.716995537,0.69707793,0,0,0,1],"shapeName":"/levels/west_coast_usa/art/shapes/buildings/bussign.dae"}
{"class":"TSStatic","persistentId":"43bb528e-12a0-4025-ab73-3dce0603155c","__parent":"busstops","position":[-273.242584,610.763855,74.676178],"decalType":"None","isRenderEnabled":false,"shapeName":"/levels/west_coast_usa/art/shapes/buildings/bussign.dae"}
{"class":"TSStatic","persistentId":"44f77cc0-dfef-4c2a-8c5e-42ec3e049e81","__parent":"busstops","position":[-301.740417,-880.735229,134.848022],"annotation":"OBSTACLES","decalType":"None","isRenderEnabled":false,"rotationMatrix":[0.504331112,0.863510549,0,-0.863510549,0.504331112,0,0,0,1],"shapeName":"/levels/west_coast_usa/art/shapes/buildings/busstop_wca.dae"}
{"class":"TSStatic","persistentId":"33e656fd-5939-479b-8eb7-0f6dbec45e11","__parent":"busstops","position":[-900.480835,219.906128,158.932404],"decalType":"None","isRenderEnabled":false,"rotationMatrix":[-0.70710659,0.707106531,0,-0.707106531,-0.70710659,0,0,0,1],"shapeName":"/levels/west_coast_usa/art/shapes/buildings/bussign.dae"}
{"class":"TSStatic","persistentId":"340f1cc3-4c43-4ea3-bac6-83531a021f0e","__parent":"busstops","position":[-879.872375,888.173096,74.780899],"decalType":"None","isRenderEnabled":false,"rotationMatrix":[-5.96046448e-08,-0.999999881,0,0.999999881,-5.96046448e-08,0,0,0,1],"shapeName":"/levels/west_coast_usa/art/shapes/buildings/bussign.dae"}
{"class":"TSStatic","persistentId":"342562a4-0abf-4b04-9e6b-51a0f5fee15b","__parent":"busstops","position":[544.848694,-730.26123,200.141373],"decalType":"None","isRenderEnabled":false,"rotationMatrix":[0.54503721,-0.838412166,0,0.838412166,0.54503721,0,0,0,1],"shapeName":"/levels/west_coast_usa/art/shapes/buildings/bussign.dae"}
{"class":"TSStatic","persistentId":"31716c55-aab4-4fd5-9365-1b11c340f4a2","__parent":"busstops","position":[-871.356506,667.604431,110.626923],"annotation":"OBSTACLES","decalType":"None","isRenderEnabled":false,"rotationMatrix":[0,-0.999999881,0,0.999999881,0,0,0,0,1],"shapeName":"/levels/west_coast_usa/art/shapes/buildings/busstop_wca.dae"}
{"class":"TSStatic","persistentId":"31210c50-c5db-4877-b6d6-adda5ca41359","__parent":"busstops","position":[2.96442032,420.916992,101.26532],"annotation":"OBSTACLES","decalType":"None","isRenderEnabled":false,"rotationMatrix":[-0.655022383,0.755608797,0,-0.755608797,-0.655022383,0,0,0,1],"shapeName":"/levels/west_coast_usa/art/shapes/buildings/busstop_wca.dae"}
{"class":"TSStatic","persistentId":"2f6b2e40-23e6-4180-a4c6-a4c2e736f2a2","__parent":"busstops","position":[-443.93869,475.781799,96.3032227],"decalType":"None","isRenderEnabled":false,"rotationMatrix":[0.707106829,0.707106769,0,-0.707106769,0.707106829,0,0,0,1],"shapeName":"/levels/west_coast_usa/art/shapes/buildings/bussign.dae"}
{"class":"TSStatic","persistentId":"2bd94191-ee7d-4287-9a11-8a4da20dd449","__parent":"busstops","position":[-276.562714,615.497681,75.0551682],"annotation":"OBSTACLES","decalType":"None","isRenderEnabled":false,"shapeName":"/levels/west_coast_usa/art/shapes/buildings/busstop_wca.dae"}
{"class":"TSStatic","persistentId":"2403b367-00fc-4dfc-89ed-f2e53d40884e","__parent":"busstops","position":[2.72624826,424.440247,101.599731],"decalType":"None","isRenderEnabled":false,"rotationMatrix":[-0.660339832,0.750966251,0,-0.750966251,-0.660339832,0,0,0,1],"shapeName":"/levels/west_coast_usa/art/shapes/buildings/bussign.dae"}
{"class":"TSStatic","persistentId":"2092dedb-cda9-4473-a62e-8893b80d7b06","__parent":"busstops","position":[-256.845947,611.219177,74.8658295],"decalType":"None","isRenderEnabled":false,"rotationMatrix":[-0.999999523,7.4505806e-08,0,-7.4505806e-08,-0.999999523,0,0,0,1],"shapeName":"/levels/west_coast_usa/art/shapes/buildings/bussign.dae"}
{"class":"TSStatic","persistentId":"20918102-bea9-46f7-9260-825a8ff1bfd6","__parent":"busstops","position":[-505.827209,302.127869,98.6538467],"annotation":"OBSTACLES","decalType":"None","isRenderEnabled":false,"rotationMatrix":[-0.707106531,0.70710659,0,-0.70710659,-0.707106531,0,0,0,1],"shapeName":"/levels/west_coast_usa/art/shapes/buildings/busstop_wca.dae"}
{"class":"TSStatic","persistentId":"16ea83f4-e3b6-4d60-80b2-1456d8dfaca4","__parent":"busstops","position":[-872.433594,653.938599,110.689835],"annotation":"OBSTACLES","decalType":"None","isRenderEnabled":false,"rotationMatrix":[0,0.999999821,0,-0.999999821,0,0,0,0,1],"shapeName":"/levels/west_coast_usa/art/shapes/buildings/busstop_wca.dae"}
{"class":"TSStatic","persistentId":"0d632b17-4bb8-482c-87fb-f2e1a1d75670","__parent":"busstops","position":[-876.589661,889.33197,74.9215393],"annotation":"OBSTACLES","decalType":"None","isRenderEnabled":false,"rotationMatrix":[-5.96046448e-08,-0.999999881,0,0.999999881,-5.96046448e-08,0,0,0,1],"shapeName":"/levels/west_coast_usa/art/shapes/buildings/busstop_wca.dae"}
{"class":"TSStatic","persistentId":"0c13fc38-5f2b-4be2-9253-cb9960430bdd","__parent":"busstops","position":[-842.693359,764.539978,90.2683411],"decalType":"None","isRenderEnabled":false,"rotationMatrix":[-5.96046448e-08,0.999999821,0,-0.999999821,-5.96046448e-08,0,0,0,1],"shapeName":"/levels/west_coast_usa/art/shapes/buildings/bussign.dae"}
{"class":"TSStatic","persistentId":"072c76a7-0ace-4122-8c6a-6c6f94eda185","__parent":"busstops","position":[-898.119385,220.631363,158.859985],"annotation":"OBSTACLES","decalType":"None","isRenderEnabled":false,"rotationMatrix":[-0.70710659,0.707106471,0,-0.707106471,-0.70710659,0,0,0,1],"shapeName":"/levels/west_coast_usa/art/shapes/buildings/busstop_wca.dae"}
{"class":"TSStatic","persistentId":"06547c6e-d8b4-456e-90d0-a3a6b694200b","__parent":"busstops","position":[-296.92868,-882.748779,135.019043],"decalType":"None","isRenderEnabled":false,"rotationMatrix":[0.491769433,0.87072587,0,-0.87072587,0.491769433,0,0,0,1],"shapeName":"/levels/west_coast_usa/art/shapes/buildings/bussign.dae"}
{"class":"TSStatic","persistentId":"06687490-c76f-46d8-9786-786a598773a1","__parent":"busstops","position":[-47.8452034,511.796936,74.6702957],"annotation":"OBSTACLES","decalType":"None","isRenderEnabled":false,"rotationMatrix":[0.8051337,0.59309268,0,-0.59309268,0.8051337,0,0,0,1],"shapeName":"/levels/west_coast_usa/art/shapes/buildings/busstop_wca.dae"}
{"class":"TSStatic","persistentId":"063b281f-0759-41f3-abed-17e21b7e5358","__parent":"busstops","position":[-546.310242,421.402527,106.909859],"decalType":"None","isRenderEnabled":false,"rotationMatrix":[-0.70710659,0.70710665,0,-0.70710665,-0.70710659,0,0,0,1],"shapeName":"/levels/west_coast_usa/art/shapes/buildings/bussign.dae"}
{"class":"TSStatic","persistentId":"03cd8665-f218-45a7-a4c8-530ca75d9fc9","__parent":"busstops","position":[-44.3323631,511.3927,74.5858154],"decalType":"None","isRenderEnabled":false,"rotationMatrix":[0.794647694,0.607070684,0,-0.607070684,0.794647694,0,0,0,1],"shapeName":"/levels/west_coast_usa/art/shapes/buildings/bussign.dae"}
{"class":"TSStatic","persistentId":"f5660891-f6bf-42f7-a31b-fc506a024351","__parent":"busstops","position":[-256.130951,499.823059,74.8683624],"decalType":"None","isRenderEnabled":false,"rotationMatrix":[0.660964429,0.750416875,0,-0.750416875,0.660964429,0,0,0,1],"shapeName":"/levels/west_coast_usa/art/shapes/buildings/bussign.dae"}
{"class":"TSStatic","persistentId":"3edd0217-6225-42f1-a787-e8b194263089","__parent":"busstops","position":[-823.619995,-915.548828,158.203384],"isRenderEnabled":false,"rotationMatrix":[0.609417558,-0.792849183,0,0.792849183,0.609417558,0,0,0,1],"shapeName":"/levels/west_coast_usa/art/shapes/buildings/cabin2.dae"}
{"class":"TSStatic","persistentId":"9fe74916-5639-4937-a3fd-d5c88e62fc2f","__parent":"busstops","position":[-236.873474,-111.114197,119.424881],"annotation":"OBSTACLES","isRenderEnabled":false,"rotationMatrix":[-0.597495317,0.801872432,0,-0.801872432,-0.597495317,0,0,0,1],"shapeName":"/levels/west_coast_usa/art/shapes/objects/busstop.dae","useInstanceRenderData":true}
{"name":"wcu_bs_20_b","class":"BeamNGTrigger","persistentId":"00e93a18-0ac7-4e42-b0c4-19dc52184d51","__parent":"busstops","position":[-664.818542,165.13237,120.649376],"luaFunction":"onBeamNGTrigger","rotationMatrix":[0.709339797,-0.704864979,3.22253654e-05,0.704865098,0.709339619,-0.000689781096,0.000463344681,0.000512004655,0.999999762],"scale":[5.32558155,18.2552662,11.7677002],"stopName":"Star Diner","ticking":true,"triggerColor":[0,133,255,45],"triggerMode":"Contains","triggerTestType":"Bounding box","type":"busstop"}
{"name":"wcu_bs_09","class":"BeamNGTrigger","persistentId":"02910b4c-e879-4756-a661-c36a047496f5","__parent":"busstops","position":[-792.756592,558.960022,129.178223],"luaFunction":"onBeamNGTrigger","rotationMatrix":[0.00135216489,-0.999997318,0.000511376245,0.999997258,0.00135228783,-0.000464036246,0.000463344681,0.000512004655,0.999999762],"scale":[4.91989088,17.6570854,11.767684],"stopName":"Little China","ticking":true,"triggerColor":[0,133,255,45],"triggerMode":"Contains","triggerTestType":"Bounding box","type":"busstop"}
{"name":"wcu_bs_11_b","class":"BeamNGTrigger","persistentId":"11838628-a503-4ab5-9598-d28d7c7ba955","__parent":"busstops","position":[-625.970703,452.224396,119.216103],"luaFunction":"onBeamNGTrigger","rotationMatrix":[-0.714104056,-0.700036943,0.000689298497,0.700036883,-0.714103997,4.12654408e-05,0.000463344681,0.000512004655,0.999999762],"scale":[5.60993433,20.4112625,11.767684],"stopName":"Stock Market","ticking":true,"triggerColor":[0,133,255,45],"triggerMode":"Contains","triggerTestType":"Bounding box","type":"busstop"}
{"name":"wcu_bs_25","class":"BeamNGTrigger","persistentId":"198f6634-ea12-480e-af9b-2bcc6f719b68","__parent":"busstops","position":[-795.381958,-598.467957,106.542076],"luaFunction":"onBeamNGTrigger","rotationMatrix":[-0.656752706,-0.754106343,0.0006902272,0.754106462,-0.656752944,-2.05890246e-05,0.000468834711,0.000506982731,0.999999762],"scale":[5.32558155,18.2552662,11.7677002],"stopName":"Lens Flare Studios","ticking":true,"triggerColor":[0,133,255,45],"triggerMode":"Contains","triggerTestType":"Bounding box","type":"busstop"}
{"name":"wcu_bs_24_b","class":"BeamNGTrigger","persistentId":"26da6f5c-8899-416c-b480-3cf55fd2f6c8","__parent":"busstops","position":[-585.510559,-534.545471,120.905991],"luaFunction":"onBeamNGTrigger","rotationMatrix":[-0.194216132,-0.980958939,0.000586721522,0.980959058,-0.194216371,-0.000364136678,0.000471153733,0.000504828524,0.999999762],"scale":[5.32558155,18.2552662,11.7677002],"stopName":"N Horizon Estates","ticking":true,"triggerColor":[0,133,255,45],"triggerMode":"Contains","triggerTestType":"Bounding box","type":"busstop"}
{"name":"wcu_bs_20","class":"BeamNGTrigger","persistentId":"2bd7fdfb-31a4-41ee-8b6f-4d54c816873d","__parent":"busstops","position":[-682.98291,130.406891,120.675537],"luaFunction":"onBeamNGTrigger","rotationMatrix":[0.709339797,-0.704864979,3.22253654e-05,0.704865098,0.709339619,-0.000689781096,0.000463344681,0.000512004655,0.999999762],"scale":[5.32558155,18.2552662,11.7677002],"stopName":"Star Diner","ticking":true,"triggerColor":[0,133,255,45],"triggerMode":"Contains","triggerTestType":"Bounding box","type":"busstop"}
{"name":"wcu_bs_12","class":"BeamNGTrigger","persistentId":"2fcbbfeb-b344-4def-86e4-93c77bcbb78d","__parent":"busstops","position":[-433.156891,485.886139,100.301353],"luaFunction":"onBeamNGTrigger","rotationMatrix":[-0.704865098,-0.709339738,0.000689780863,0.709339857,-0.704865098,3.22252745e-05,0.000463344681,0.000512004655,0.999999762],"scale":[4.76007509,16.7499104,11.767684],"stopName":"Royal Bank","ticking":true,"triggerColor":[0,133,255,45],"triggerMode":"Contains","triggerTestType":"Bounding box","type":"busstop"}
{"name":"wcu_bs_05","class":"BeamNGTrigger","persistentId":"380fbb2d-1cdd-4b53-b83b-318fa948a66b","__parent":"busstops","position":[-868.598816,664.052063,114.994164],"luaFunction":"onBeamNGTrigger","rotationMatrix":[0.0327665843,-0.999462128,0.000496547029,0.999462187,0.032766521,-0.000479872775,0.000463344681,0.000512004655,0.999999762],"scale":[4.91989088,17.6570854,11.767684],"stopName":"Logan Park","ticking":true,"triggerColor":[0,133,255,45],"triggerMode":"Contains","triggerTestType":"Bounding box","type":"busstop"}
{"name":"wcu_bs_11","class":"BeamNGTrigger","persistentId":"3aa89038-c643-41ec-a6bb-f086ead4cfba","__parent":"busstops","position":[-586.710999,422.394623,114.731628],"luaFunction":"onBeamNGTrigger","rotationMatrix":[-0.714104056,-0.700036943,0.000689298497,0.700036883,-0.714103997,4.12654408e-05,0.000463344681,0.000512004655,0.999999762],"scale":[6.45486164,17.6570854,11.767684],"stopName":"Stock Market","ticking":true,"triggerColor":[0,133,255,45],"triggerMode":"Contains","triggerTestType":"Bounding box","type":"busstop"}
{"name":"wcu_bs_26","class":"BeamNGTrigger","persistentId":"3b051e73-e676-487f-9065-0f866803543f","__parent":"busstops","position":[547.159668,-732.8349,204.412125],"luaFunction":"onBeamNGTrigger","rotationMatrix":[0.45761162,-0.889149845,0.000243216957,0.889149904,0.457611382,-0.00064628257,0.000463344681,0.000512004655,0.999999762],"scale":[5.32558155,18.2552662,11.7677002],"stopName":"Agave Lookout","ticking":true,"triggerColor":[0,133,255,45],"triggerMode":"Contains","triggerTestType":"Bounding box","type":"busstop"}
{"name":"wcu_bs_01","class":"BeamNGTrigger","persistentId":"3b48da9d-dc10-4d12-90d2-8f7b508f7496","__parent":"busstops","position":[-830.262634,885.266968,79.8761292],"luaFunction":"onBeamNGTrigger","rotationMatrix":[0.00316406786,-0.999993861,0.000510535436,0.99999392,0.00316402316,-0.000464962097,0.000463344681,0.000512004655,0.999999762],"scale":[4.91989088,17.6570854,11.767684],"stopName":"Belasco Boulevard","ticking":true,"triggerColor":[0,133,255,45],"triggerMode":"Contains","triggerTestType":"Bounding box","type":"busstop"}
{"name":"wcu_bs_24","class":"BeamNGTrigger","persistentId":"3ba43b20-eb5e-469a-971c-812cd0f45560","__parent":"busstops","position":[-584.056824,-527.34967,120.901566],"luaFunction":"onBeamNGTrigger","rotationMatrix":[-0.179128364,-0.983823955,0.000586721173,0.983824193,-0.179128349,-0.000364135369,0.000463344681,0.000512004655,0.999999762],"scale":[5.32558155,18.2552662,11.7677002],"stopName":"N Horizon Estates","ticking":true,"triggerColor":[0,133,255,45],"triggerMode":"Contains","triggerTestType":"Bounding box","type":"busstop"}
{"name":"wcu_bs_25_b","class":"BeamNGTrigger","persistentId":"3cc5b99f-4b0e-49d9-b81d-1cf49fe0e50e","__parent":"busstops","position":[-806.656311,-595.308777,106.545822],"luaFunction":"onBeamNGTrigger","rotationMatrix":[-0.650025725,-0.75991267,0.0006902272,0.759912789,-0.650025964,-2.05890101e-05,0.000464311015,0.000511128921,0.999999762],"scale":[5.32558155,18.2552662,11.7677002],"stopName":"Lens Flare Studios","ticking":true,"triggerColor":[0,133,255,45],"triggerMode":"Contains","triggerTestType":"Bounding box","type":"busstop"}
{"name":"wcu_bs_22","class":"BeamNGTrigger","persistentId":"3daceb51-d4f2-41e4-a31b-f1be4ab9d0aa","__parent":"busstops","position":[-729.03186,-37.342556,107.615082],"luaFunction":"onBeamNGTrigger","rotationMatrix":[0.709339797,-0.704864979,3.22253654e-05,0.704865098,0.709339619,-0.000689781096,0.000463344681,0.000512004655,0.999999762],"scale":[5.32558155,18.2552662,11.7677002],"stopName":"Harlem St","ticking":true,"triggerColor":[0,133,255,45],"triggerMode":"Contains","triggerTestType":"Bounding box","type":"busstop"}
{"name":"wcu_bs_04_b","class":"BeamNGTrigger","persistentId":"421fdd8a-81f7-4bf3-9d22-6a3303d73eca","__parent":"busstops","position":[-464.639191,710.562073,79.1070557],"luaFunction":"onBeamNGTrigger","rotationMatrix":[-0.704473197,-0.709728956,0.00068979885,0.709729075,-0.704473197,3.18439379e-05,0.000463344681,0.000512004655,0.999999762],"scale":[4.91989088,17.6570854,11.767684],"stopName":"Convention Center","ticking":true,"triggerColor":[0,133,255,45],"triggerMode":"Contains","triggerTestType":"Bounding box","type":"busstop"}
{"name":"wcu_bs_16_b","class":"BeamNGTrigger","persistentId":"486ab9f5-420b-4579-a1b3-34b8439ee829","__parent":"busstops","position":[-475.91748,353.87854,102.491936],"luaFunction":"onBeamNGTrigger","rotationMatrix":[0.700313807,-0.71383363,4.09995519e-05,0.713833749,0.700313628,-0.000689315319,0.000463344681,0.000512004655,0.999999762],"scale":[5.23401022,18.1068287,11.7677002],"stopName":"Snooze News","ticking":true,"triggerColor":[0,133,255,45],"triggerMode":"Contains","triggerTestType":"Bounding box","type":"busstop"}
{"name":"wcu_bs_29","class":"BeamNGTrigger","persistentId":"49929d3a-3a7a-402d-9a31-fa8689e8db43","__parent":"busstops","position":[877.844666,-959.80127,175.282379],"luaFunction":"onBeamNGTrigger","rotationMatrix":[-0.676796675,0.736169457,-4.16342664e-05,-0.736169338,-0.676796436,0.000689277484,0.000479247246,0.000497150875,0.999999762],"scale":[5.32558155,18.2552662,11.7677002],"stopName":"Single Pine Motel","ticking":true,"triggerColor":[0,133,255,45],"triggerMode":"Contains","triggerTestType":"Bounding box","type":"busstop"}
{"name":"wcu_bs_16","class":"BeamNGTrigger","persistentId":"49ea56c4-dcfb-49e2-976f-997f2ae872fa","__parent":"busstops","position":[-510.951508,302.501221,102.797409],"luaFunction":"onBeamNGTrigger","rotationMatrix":[0.709339797,-0.704864979,3.22253654e-05,0.704865098,0.709339619,-0.000689781096,0.000463344681,0.000512004655,0.999999762],"scale":[5.23401022,18.1068287,11.7677002],"stopName":"Snooze News","ticking":true,"triggerColor":[0,133,255,45],"triggerMode":"Contains","triggerTestType":"Bounding box","type":"busstop"}
{"name":"wcu_bs_08","class":"BeamNGTrigger","persistentId":"50f54b3b-35fd-45f5-8e4e-2d26efbcd3a6","__parent":"busstops","position":[-39.6758385,522.342041,79.6820755],"luaFunction":"onBeamNGTrigger","rotationMatrix":[-0.804088295,-0.594507456,0.00067696051,0.594507456,-0.804088175,0.000136234405,0.000463344681,0.000512004655,0.999999762],"scale":[4.91989088,17.6570854,11.767684],"stopName":"Dockyards","ticking":true,"triggerColor":[0,133,255,45],"triggerMode":"Contains","triggerTestType":"Bounding box","type":"busstop"}
{"name":"wcu_bs_17_b","class":"BeamNGTrigger","persistentId":"579191bf-45d5-4dee-ac4f-cf6b22ba5474","__parent":"busstops","position":[-403.58197,247.666534,106.617516],"luaFunction":"onBeamNGTrigger","rotationMatrix":[-0.774744272,0.632275403,2.4433888e-05,-0.632275283,-0.774744034,0.000690101529,0.000455264119,0.000519203022,0.999999762],"scale":[5.23401022,18.1068287,11.7677002],"stopName":"Riverway Plaza","ticking":true,"triggerColor":[0,133,255,45],"triggerMode":"Contains","triggerTestType":"Bounding box","type":"busstop"}
{"name":"wcu_bs_01_b","class":"BeamNGTrigger","persistentId":"60dfe0bf-eb98-4e1a-a276-0707a50b157f","__parent":"busstops","position":[-843.255676,869.63092,79.8901596],"luaFunction":"onBeamNGTrigger","rotationMatrix":[0.00316406786,-0.999993861,0.000510535436,0.99999392,0.00316402316,-0.000464962097,0.000463344681,0.000512004655,0.999999762],"scale":[4.91989088,17.6570854,11.767684],"stopName":"Belasco Boulevard","ticking":true,"triggerColor":[0,133,255,45],"triggerMode":"Contains","triggerTestType":"Bounding box","type":"busstop"}
{"name":"wcu_bs_21_b","class":"BeamNGTrigger","persistentId":"61777c8f-9739-442a-b566-bd4e5ca8056c","__parent":"busstops","position":[0.678353667,186.381454,131.229279],"luaFunction":"onBeamNGTrigger","rotationMatrix":[0.709339797,-0.704864979,3.22253654e-05,0.704865098,0.709339619,-0.000689781096,0.000463344681,0.000512004655,0.999999762],"scale":[5.32558155,18.2552662,11.7677002],"stopName":"Tennis/Basketball Club","ticking":true,"triggerColor":[0,133,255,45],"triggerMode":"Contains","triggerTestType":"Bounding box","type":"busstop"}
{"name":"wcu_bs_02_b","class":"BeamNGTrigger","persistentId":"630b08fc-8ecd-4070-9170-17dfa7880842","__parent":"busstops","position":[220.11731,829.274414,105.830345],"luaFunction":"onBeamNGTrigger","rotationMatrix":[0.295573264,-0.955319226,0.000308757357,0.955319226,0.295573205,-0.000617661164,0.00049880374,0.000477526657,0.999999762],"scale":[4.91989088,17.6570854,11.767684],"stopName":"Platin Gate Bridge","ticking":true,"triggerColor":[0,133,255,45],"triggerMode":"Contains","triggerTestType":"Bounding box","type":"busstop"}
{"name":"wcu_bs_13","class":"BeamNGTrigger","persistentId":"6f5b7102-9530-41d2-86f0-eafd4a8f3c67","__parent":"busstops","position":[-3.09952116,422.850464,105.524254],"luaFunction":"onBeamNGTrigger","rotationMatrix":[0.669914007,-0.742435992,6.97287396e-05,0.742435992,0.669914126,-0.000687003252,0.000463344681,0.000512004655,0.999999762],"scale":[4.96257639,17.6570854,11.767684],"stopName":"Canal St","ticking":true,"triggerColor":[0,133,255,45],"triggerMode":"Contains","triggerTestType":"Bounding box","type":"busstop"}
{"name":"wcu_bs_05_b","class":"BeamNGTrigger","persistentId":"705909be-703f-4386-a600-75f923a62ba9","__parent":"busstops","position":[-876.120178,659.244873,115.000656],"luaFunction":"onBeamNGTrigger","rotationMatrix":[0.00727146957,-0.999972641,0.000508621451,0.999972701,0.00727140345,-0.000467055681,0.000463344681,0.000512004655,0.999999762],"scale":[4.91989088,17.6570854,11.767684],"stopName":"Logan Park","ticking":true,"triggerColor":[0,133,255,45],"triggerMode":"Contains","triggerTestType":"Bounding box","type":"busstop"}
{"name":"wcu_bs_10","class":"BeamNGTrigger","persistentId":"714e45d3-42aa-450b-9a33-f800095703b8","__parent":"busstops","position":[-260.266174,528.540222,79.2163544],"luaFunction":"onBeamNGTrigger","rotationMatrix":[-0.697162986,-0.716910362,0.000690088084,0.716910243,-0.697162867,2.47734843e-05,0.000463344681,0.000512004655,0.999999762],"scale":[4.91989088,17.6570854,11.767684],"stopName":"Central Hospital","ticking":true,"triggerColor":[0,133,255,45],"triggerMode":"Contains","triggerTestType":"Bounding box","type":"busstop"}
{"name":"wcu_bs_04","class":"BeamNGTrigger","persistentId":"76d8d018-019e-4056-94a0-5cc4f82ea257","__parent":"busstops","position":[-409.796204,680.000305,79.0967255],"luaFunction":"onBeamNGTrigger","rotationMatrix":[-0.68023181,-0.732995629,0.000690479181,0.732995749,-0.68023175,8.65175753e-06,0.000463344681,0.000512004655,0.999999762],"scale":[4.91989088,17.6570854,11.767684],"stopName":"Convention Center","ticking":true,"triggerColor":[0,133,255,45],"triggerMode":"Contains","triggerTestType":"Bounding box","type":"busstop"}
{"name":"wcu_bs_19_b","class":"BeamNGTrigger","persistentId":"7d1ea8a5-8b78-4e93-a6ae-e4ea7498b67a","__parent":"busstops","position":[-907.924927,232.019577,163.539093],"luaFunction":"onBeamNGTrigger","rotationMatrix":[-0.710567236,0.703627408,-3.10230862e-05,-0.703627348,-0.710567057,0.000689835695,0.000463344681,0.000512004655,0.999999762],"scale":[5.23401022,18.1068287,11.7677002],"stopName":"Cloverfield Ln","ticking":true,"triggerColor":[0,133,255,45],"triggerMode":"Contains","triggerTestType":"Bounding box","type":"busstop"}
{"name":"wcu_cp_agave","class":"BeamNGTrigger","persistentId":"7ee5e5f4-a752-44cb-8c8d-f82ddac4c4f0","__parent":"busstops","position":[174.58519,-766.966003,148.896942],"luaFunction":"onBeamNGTrigger","rotationMatrix":[0.749496758,-0.662008464,-1.20962795e-10,0.662008405,0.74949652,-0.000690534245,0.000457139249,0.00051755266,0.999999762],"scale":[21.8301544,6.96855354,19.0246468],"type":"buswp"}
{"name":"wcu_bs_28","class":"BeamNGTrigger","persistentId":"8028ddc2-6c75-4504-ba0b-ebe763f0128e","__parent":"busstops","position":[-609.726379,-928.493958,166.622406],"luaFunction":"onBeamNGTrigger","rotationMatrix":[-0.829285741,0.558825314,0.00010892404,-0.558825076,-0.829285502,0.000681889069,0.000471385894,0.000504611235,0.999999762],"scale":[5.32558155,18.2552662,11.7677002],"stopName":"Redwood Motel","ticking":true,"triggerColor":[0,133,255,45],"triggerMode":"Contains","triggerTestType":"Bounding box","type":"busstop"}
{"name":"wcu_bs_07","class":"BeamNGTrigger","persistentId":"93221c78-ecc2-4542-81e7-4708aa571fc3","__parent":"busstops","position":[-259.262878,606.906982,79.4923553],"luaFunction":"onBeamNGTrigger","rotationMatrix":[-0.999990761,0.00399033166,0.000461298099,-0.00399037451,-0.999990702,0.000513848674,0.000463344681,0.000512004655,0.999999762],"scale":[4.91989088,17.6570854,11.767684],"stopName":"Belasco Pier","ticking":true,"triggerColor":[0,133,255,45],"triggerMode":"Contains","triggerTestType":"Bounding box","type":"busstop"}
{"name":"wcu_bs_09_b","class":"BeamNGTrigger","persistentId":"9338f7ed-ffc3-4118-bc01-659540d12bbe","__parent":"busstops","position":[-802.560791,551.211182,129.186829],"luaFunction":"onBeamNGTrigger","rotationMatrix":[-0.0125283003,-0.999921799,0.00051137706,0.999921799,-0.0125285387,-0.000464038138,0.000470408297,0.000505523407,0.999999762],"scale":[4.91989088,17.6570854,11.767684],"stopName":"Little China","ticking":true,"triggerColor":[0,133,255,45],"triggerMode":"Contains","triggerTestType":"Bounding box","type":"busstop"}
{"name":"wcu_bs_08_b","class":"BeamNGTrigger","persistentId":"97234a27-0e67-438b-9021-84b02d68e691","__parent":"busstops","position":[-46.5169754,518.407837,79.6872635],"luaFunction":"onBeamNGTrigger","rotationMatrix":[-0.804088295,-0.594507456,0.00067696051,0.594507456,-0.804088175,0.000136234405,0.000463344681,0.000512004655,0.999999762],"scale":[4.91989088,17.6570854,11.767684],"stopName":"Dockyards","ticking":true,"triggerColor":[0,133,255,45],"triggerMode":"Contains","triggerTestType":"Bounding box","type":"busstop"}
{"name":"wcu_bs_27_b","class":"BeamNGTrigger","persistentId":"9801d622-f341-4694-947f-bbeca50a5519","__parent":"busstops","position":[-301.732971,-875.461426,136.624908],"luaFunction":"onBeamNGTrigger","rotationMatrix":[-0.511652172,-0.859190166,0.000690282264,0.859190404,-0.51165241,-1.86587531e-05,0.000369217596,0.000583539368,0.999999762],"scale":[5.32558155,18.2552662,11.7677002],"stopName":"E Horizon Estates","ticking":true,"triggerColor":[0,133,255,45],"triggerMode":"Contains","triggerTestType":"Bounding box","type":"busstop"}
{"name":"wcu_bs_23","class":"BeamNGTrigger","persistentId":"98ee2522-6937-4180-80ad-e31a64e6e658","__parent":"busstops","position":[416.074799,-302.091248,157.302414],"luaFunction":"onBeamNGTrigger","rotationMatrix":[-0.715292394,-0.698825121,0.000556468498,0.698825002,-0.715292573,-0.000408878434,0.000683772261,9.64065039e-05,0.999999762],"scale":[5.32558155,18.2552662,11.7677002],"stopName":"Motorsports Park","ticking":true,"triggerColor":[0,133,255,45],"triggerMode":"Contains","triggerTestType":"Bounding box","type":"busstop"}
{"name":"wcu_bs_15","class":"BeamNGTrigger","persistentId":"9bfefd10-d8c8-4c3c-90ff-457fc7e82174","__parent":"busstops","position":[-552.321411,419.247253,111.794395],"luaFunction":"onBeamNGTrigger","rotationMatrix":[0.702510059,-0.711670995,3.88736808e-05,0.711670995,0.702510178,-0.000689437729,0.000463344681,0.000512004655,0.999999762],"scale":[4.96257639,17.6570854,11.767684],"stopName":"Clinton Hotel","ticking":true,"triggerColor":[0,133,255,45],"triggerMode":"Contains","triggerTestType":"Bounding box","type":"busstop"}
{"name":"wcu_bs_13_b","class":"BeamNGTrigger","persistentId":"9cc7ca6b-7a90-4571-9fb3-7012310e5334","__parent":"busstops","position":[15.9982643,459.139648,105.49688],"luaFunction":"onBeamNGTrigger","rotationMatrix":[0.669914007,-0.742435992,6.97287396e-05,0.742435992,0.669914126,-0.000687003252,0.000463344681,0.000512004655,0.999999762],"scale":[4.96257639,17.6570854,11.767684],"stopName":"Canal St","ticking":true,"triggerColor":[0,133,255,45],"triggerMode":"Contains","triggerTestType":"Bounding box","type":"busstop"}
{"name":"wcu_bs_18_b","class":"BeamNGTrigger","persistentId":"a64d952e-6f92-42f5-baec-8d0de61fb5e0","__parent":"busstops","position":[-721.658081,260.442871,137.663528],"luaFunction":"onBeamNGTrigger","rotationMatrix":[-0.710567236,0.703627408,-3.10230862e-05,-0.703627348,-0.710567057,0.000689835695,0.000463344681,0.000512004655,0.999999762],"scale":[5.23401022,18.1068287,11.7677002],"stopName":"Winchester Rd","ticking":true,"triggerColor":[0,133,255,45],"triggerMode":"Contains","triggerTestType":"Bounding box","type":"busstop"}
{"name":"wcu_bs_18","class":"BeamNGTrigger","persistentId":"aa598e63-8ca2-4b2d-ab00-06d904059030","__parent":"busstops","position":[-762.812439,208.797638,142.49054],"luaFunction":"onBeamNGTrigger","rotationMatrix":[-0.710567236,0.703627408,-3.10230862e-05,-0.703627348,-0.710567057,0.000689835695,0.000463344681,0.000512004655,0.999999762],"scale":[5.23401022,18.1068287,11.7677002],"stopName":"Winchester Rd","ticking":true,"triggerColor":[0,133,255,45],"triggerMode":"Contains","triggerTestType":"Bounding box","type":"busstop"}
{"name":"wcu_bs_15_b","class":"BeamNGTrigger","persistentId":"ac91f9da-3c4e-46f6-9f5f-a6007a726865","__parent":"busstops","position":[-548.010193,434.318237,110.91642],"luaFunction":"onBeamNGTrigger","rotationMatrix":[0.702510059,-0.711670995,3.88736808e-05,0.711670995,0.702510178,-0.000689437729,0.000463344681,0.000512004655,0.999999762],"scale":[4.96257639,17.6570854,11.767684],"stopName":"Clinton Hotel","ticking":true,"triggerColor":[0,133,255,45],"triggerMode":"Contains","triggerTestType":"Bounding box","type":"busstop"}
{"name":"wcu_bs_10_b","class":"BeamNGTrigger","persistentId":"b04958b4-1d9b-4897-a3f3-fba3619f7f29","__parent":"busstops","position":[-258.14978,506.112793,79.2274704],"luaFunction":"onBeamNGTrigger","rotationMatrix":[-0.657192349,-0.753722668,0.000690085697,0.753722787,-0.657192588,-2.48707511e-05,0.000472264801,0.000503788469,0.999999762],"scale":[6.45486164,17.6570854,11.767684],"stopName":"Central Hospital","ticking":true,"triggerColor":[0,133,255,45],"triggerMode":"Contains","triggerTestType":"Bounding box","type":"busstop"}
{"name":"wcu_bs_06_b","class":"BeamNGTrigger","persistentId":"b2d04bd7-d4d7-4e61-b261-38b267127c96","__parent":"busstops","position":[-571.169189,607.341309,94.7216492],"luaFunction":"onBeamNGTrigger","rotationMatrix":[-0.711184382,-0.703005075,0.000689990062,0.703005314,-0.711184621,2.7401984e-05,0.000471446576,0.000504554599,0.999999762],"scale":[4.91989088,17.6570854,11.767684],"stopName":"Station","ticking":true,"triggerColor":[0,133,255,45],"triggerMode":"Contains","triggerTestType":"Bounding box","type":"busstop"}
{"name":"wcu_bs_19","class":"BeamNGTrigger","persistentId":"bb9f37f1-fb9a-420f-addd-2b4d2ac0fd3b","__parent":"busstops","position":[-903.066406,220.783875,163.542496],"luaFunction":"onBeamNGTrigger","rotationMatrix":[-0.710567236,0.703627408,-3.10230862e-05,-0.703627348,-0.710567057,0.000689835695,0.000463344681,0.000512004655,0.999999762],"scale":[5.23401022,18.1068287,11.7677002],"stopName":"Cloverfield Ln","ticking":true,"triggerColor":[0,133,255,45],"triggerMode":"Contains","triggerTestType":"Bounding box","type":"busstop"}
{"name":"wcu_bs_12_b","class":"BeamNGTrigger","persistentId":"c0b0aa69-a906-4d0f-afec-326f91ecf14c","__parent":"busstops","position":[-442.118805,478.188782,100.309494],"luaFunction":"onBeamNGTrigger","rotationMatrix":[-0.704865098,-0.709339738,0.000689780863,0.709339857,-0.704865098,3.22252745e-05,0.000463344681,0.000512004655,0.999999762],"scale":[4.76007509,16.7499104,11.767684],"stopName":"Royal Bank","ticking":true,"triggerColor":[0,133,255,45],"triggerMode":"Contains","triggerTestType":"Bounding box","type":"busstop"}
{"name":"wcu_bs_21","class":"BeamNGTrigger","persistentId":"c29e11be-f191-47e3-8fe6-eeb06b28dbce","__parent":"busstops","position":[1.12927186,180.023621,131.232071],"luaFunction":"onBeamNGTrigger","rotationMatrix":[0.709339797,-0.704864979,3.22253654e-05,0.704865098,0.709339619,-0.000689781096,0.000463344681,0.000512004655,0.999999762],"scale":[5.32558155,18.2552662,11.7677002],"stopName":"Tennis/Basketball Club","ticking":true,"triggerColor":[0,133,255,45],"triggerMode":"Contains","triggerTestType":"Bounding box","type":"busstop"}
{"name":"wcu_cp_hwy","class":"BeamNGTrigger","persistentId":"c6486e4d-a6da-4c98-b02d-ac49e7f78e78","__parent":"busstops","position":[679.450195,-895.966736,149.820282],"luaFunction":"onBeamNGTrigger","rotationMatrix":[0.330593079,-0.943773687,-5.63886715e-11,0.943773687,0.330593139,-0.000690533721,0.000651707058,0.000228285353,0.999999762],"scale":[47.1165237,6.96855354,23.9453793],"type":"buswp"}
{"name":"wcu_bs_07_b","class":"BeamNGTrigger","persistentId":"d4bba1cf-23e5-4792-96be-c06b86677c67","__parent":"busstops","position":[-270.707001,615.962585,79.4931259],"luaFunction":"onBeamNGTrigger","rotationMatrix":[-0.999990761,0.00399033166,0.000461298099,-0.00399037451,-0.999990702,0.000513848674,0.000463344681,0.000512004655,0.999999762],"scale":[4.91989088,17.6570854,11.767684],"stopName":"Belasco Pier","ticking":true,"triggerColor":[0,133,255,45],"triggerMode":"Contains","triggerTestType":"Bounding box","type":"busstop"}
{"name":"wcu_bs_22_b","class":"BeamNGTrigger","persistentId":"d5907f5b-e80e-4736-bd6e-a6df6ee32f13","__parent":"busstops","position":[-718.043335,-15.9926672,107.599289],"luaFunction":"onBeamNGTrigger","rotationMatrix":[0.709339797,-0.704864979,3.22253654e-05,0.704865098,0.709339619,-0.000689781096,0.000463344681,0.000512004655,0.999999762],"scale":[5.32558155,18.2552662,11.7677002],"stopName":"Harlem St","ticking":true,"triggerColor":[0,133,255,45],"triggerMode":"Contains","triggerTestType":"Bounding box","type":"busstop"}
{"name":"wcu_bs_02","class":"BeamNGTrigger","persistentId":"db552eb0-d24e-4864-9150-0d577e41542b","__parent":"busstops","position":[217.534256,822.57666,105.830345],"luaFunction":"onBeamNGTrigger","rotationMatrix":[0.363193601,-0.931712985,0.000308757386,0.931712985,0.363193542,-0.000617661397,0.000463344681,0.000512004655,0.999999762],"scale":[4.91989088,17.6570854,11.767684],"stopName":"Platin Gate Bridge","ticking":true,"triggerColor":[0,133,255,45],"triggerMode":"Contains","triggerTestType":"Bounding box","type":"busstop"}
{"name":"wcu_bs_14","class":"BeamNGTrigger","persistentId":"de974e31-d82e-4344-b877-405762fd0816","__parent":"busstops","position":[-811.494507,312.399353,156.013],"luaFunction":"onBeamNGTrigger","rotationMatrix":[0.702510059,-0.711670995,3.88736808e-05,0.711670995,0.702510178,-0.000689437729,0.000463344681,0.000512004655,0.999999762],"scale":[4.96257639,17.6570854,11.767684],"stopName":"Church St","ticking":true,"triggerColor":[0,133,255,45],"triggerMode":"Contains","triggerTestType":"Bounding box","type":"busstop"}
{"name":"wcu_bs_03","class":"BeamNGTrigger","persistentId":"e6cf1998-245f-4e7c-ac5d-e739dcedd0ca","__parent":"busstops","position":[-848.267212,771.674072,95.2238388],"luaFunction":"onBeamNGTrigger","rotationMatrix":[-0.00297305733,-0.999994576,0.00051337952,0.999994695,-0.0029731039,-0.000461820455,0.000463344681,0.000512004655,0.999999762],"scale":[4.91989088,17.6570854,11.767684],"stopName":"Fjord Street","ticking":true,"triggerColor":[0,133,255,45],"triggerMode":"Contains","triggerTestType":"Bounding box","type":"busstop"}
{"name":"wcu_bs_06","class":"BeamNGTrigger","persistentId":"ed78fed2-de25-42f1-a578-01c0a2ddbd8d","__parent":"busstops","position":[-595.502441,648.114197,96.1945038],"luaFunction":"onBeamNGTrigger","rotationMatrix":[-0.699888706,-0.714250505,0.000689989887,0.714250565,-0.699888647,2.74016056e-05,0.000463344681,0.000512004655,0.999999762],"scale":[4.91989088,17.6570854,11.767684],"stopName":"Station","ticking":true,"triggerColor":[0,133,255,45],"triggerMode":"Contains","triggerTestType":"Bounding box","type":"busstop"}
{"name":"wcu_bs_03_b","class":"BeamNGTrigger","persistentId":"f17b68e2-4bef-4218-b637-1cb1452dc24d","__parent":"busstops","position":[-843.816956,767.180664,95.2229843],"luaFunction":"onBeamNGTrigger","rotationMatrix":[-0.00297305733,-0.999994576,0.00051337952,0.999994695,-0.0029731039,-0.000461820455,0.000463344681,0.000512004655,0.999999762],"scale":[4.91989088,17.6570854,11.767684],"stopName":"Fjord Street","ticking":true,"triggerColor":[0,133,255,45],"triggerMode":"Contains","triggerTestType":"Bounding box","type":"busstop"}
{"name":"wcu_bs_14_b","class":"BeamNGTrigger","persistentId":"f7056b39-75d1-4659-b359-dee32c384548","__parent":"busstops","position":[-815.173889,324.930786,155.270035],"luaFunction":"onBeamNGTrigger","rotationMatrix":[0.702510059,-0.711670995,3.88736808e-05,0.711670995,0.702510178,-0.000689437729,0.000463344681,0.000512004655,0.999999762],"scale":[4.96257639,17.6570854,11.767684],"stopName":"Church St","ticking":true,"triggerColor":[0,133,255,45],"triggerMode":"Contains","triggerTestType":"Bounding box","type":"busstop"}
{"name":"wcu_bs_17","class":"BeamNGTrigger","persistentId":"fb7f6f78-4c5a-4468-ab5d-2d37961dcd1b","__parent":"busstops","position":[-348.699921,284.129395,106.983391],"luaFunction":"onBeamNGTrigger","rotationMatrix":[-0.646241903,0.763127685,0.00266105426,-0.763132215,-0.646239996,-0.00163602969,0.000471180771,-0.00308800768,0.999995112],"scale":[4.3761673,18.1068287,11.7677002],"stopName":"Riverway Plaza","ticking":true,"triggerColor":[0,133,255,45],"triggerMode":"Contains","triggerTestType":"Bounding box","type":"busstop"}
{"name":"wcu_bs_27","class":"BeamNGTrigger","persistentId":"fd9648ca-53ab-4bfe-904e-a7ee0cad7a73","__parent":"busstops","position":[-288.420898,-869.517517,136.62056],"luaFunction":"onBeamNGTrigger","rotationMatrix":[-0.495412111,-0.868656158,0.000690281158,0.868656397,-0.495412201,-1.86585658e-05,0.000358182646,0.00059037481,0.999999762],"scale":[5.32558155,18.2552662,11.7677002],"stopName":"E Horizon Estates","ticking":true,"triggerColor":[0,133,255,45],"triggerMode":"Contains","triggerTestType":"Bounding box","type":"busstop"}
{"name":"wcu_cp_hrzn","class":"BeamNGTrigger","persistentId":"fdbf362b-ed27-41a7-a529-55b160aa2339","__parent":"busstops","position":[-305.084015,-774.764954,143.32576],"luaFunction":"onBeamNGTrigger","rotationMatrix":[0.810364544,-0.585926592,-2.66481948e-10,0.585926771,0.810364246,-0.00069053378,0.000404601917,0.000559583423,0.999999762],"scale":[18.9001942,6.96855354,12.1162157],"type":"buswp"}
