{"name":"theForest","class":"Forest","persistentId":"aa38136b-e9f8-11e6-96ae-bcd60d6fa220","__parent":"vegetation","lodReflectScalar":0}
{"name":"forest_floor_bb","class":"GroundCover","persistentId":"aa39aded-e9f8-11e6-96ae-bcd60d6fa220","__parent":"vegetation","position":[-694.61499,14.4125004,155.699997],"Types":[{"billboardUVs":[0,0.164063007,0.242188007,0.152344003],"clumpExponent":8,"clumpRadius":null,"layer":"forest_floor","maxClumpCount":13,"maxSlope":80,"minClumpCount":5,"probability":1,"sizeExponent":2,"sizeMax":0.300000012,"sizeMin":0.109999999,"windScale":0.100000001},{"billboardUVs":[0,0.699218988,0.46875,0.300781012],"clumpExponent":4,"clumpRadius":6,"layer":"Grass","maxClumpCount":10,"maxSlope":null,"minClumpCount":3,"probability":null,"sizeExponent":null,"sizeMax":null,"sizeMin":0.300000012,"windScale":0.200000003},{"billboardUVs":[0.488281012,0.691406012,0.378906995,0.257813007],"clumpExponent":10,"clumpRadius":4,"layer":"Grass","maxClumpCount":20,"maxSlope":null,"minClumpCount":5,"probability":null,"sizeExponent":null,"sizeMax":0.899999976,"sizeMin":0.5,"windScale":null},{"billboardUVs":[0.617187977,0.445311993,0.378906012,0.234375],"clumpExponent":null,"clumpRadius":2,"layer":"Grass","maxClumpCount":20,"maxSlope":null,"minClumpCount":5,"probability":null,"sizeExponent":null,"sizeMax":0.5,"sizeMin":0.200000003,"windScale":null},{"billboardUVs":[0.0859375,0.378906012,0.414063007,0.238280997],"clumpExponent":10,"clumpRadius":null,"layer":"Grass","maxClumpCount":4,"maxSlope":null,"minClumpCount":3,"probability":null,"sizeExponent":null,"sizeMax":0.800000012,"sizeMin":0.300000012,"windScale":null},{"billboardUVs":[0.765625,0.507812023,0.234375,0.492188007],"clumpExponent":10,"clumpRadius":2,"layer":"Grass","maxClumpCount":10,"maxSlope":null,"minClumpCount":3,"probability":null,"sizeExponent":null,"sizeMax":null,"sizeMin":0.5,"windScale":0.300000012},{"billboardUVs":null,"clumpExponent":null,"clumpRadius":null,"maxClumpCount":null,"maxSlope":null,"minClumpCount":null,"probability":null,"sizeExponent":null,"sizeMax":null,"sizeMin":null,"windScale":null},{"billboardUVs":null,"clumpExponent":null,"clumpRadius":null,"maxClumpCount":null,"maxSlope":null,"minClumpCount":null,"probability":null,"sizeExponent":null,"sizeMax":null,"sizeMin":null,"windScale":null}],"cloneOrigin":"plants_grasses_bb","dissolveRadius":40,"gridSize":4,"material":"italy_bushes_bb","maxBillboardTiltAngle":30,"maxElements":100000,"radius":60,"reflectScale":0.100000001,"shapeCullRadius":60,"windGustStrength":0.300000012,"windTurbulenceFrequency":0.100000001,"windTurbulenceStrength":0.0500000007}
{"name":"Grass2","class":"GroundCover","persistentId":"0a76a15a-94f2-4b6c-932d-dedd80bf385f","__parent":"vegetation","Types":[{"billboardUVs":[0.492188007,0.00390625,0.136719003,0.300783008],"clumpRadius":2,"layer":"Grass4","maxClumpCount":5,"maxSlope":50,"probability":null,"sizeExponent":3,"sizeMax":1.20000005,"sizeMin":0.5,"windScale":0.5},{"billboardUVs":[0.328125,0.667967975,0.312498987,0.332031995],"clumpRadius":null,"layer":"Grass4","maxClumpCount":5,"maxSlope":50,"probability":1,"sizeExponent":5,"sizeMax":null,"sizeMin":0.300000012,"windScale":0.300000012},{"billboardUVs":null,"clumpRadius":null,"maxClumpCount":null,"maxSlope":null,"probability":null,"sizeExponent":null,"sizeMax":null,"sizeMin":null,"windScale":null},{"billboardUVs":null,"clumpRadius":null,"maxClumpCount":null,"maxSlope":null,"probability":null,"sizeExponent":null,"sizeMax":null,"sizeMin":null,"windScale":null},{"billboardUVs":null,"clumpRadius":null,"maxClumpCount":null,"maxSlope":null,"probability":null,"sizeExponent":null,"sizeMax":null,"sizeMin":null,"windScale":null},{"billboardUVs":null,"clumpRadius":null,"maxClumpCount":null,"maxSlope":null,"probability":null,"sizeExponent":null,"sizeMax":null,"sizeMin":null,"windScale":null},{"billboardUVs":null,"clumpRadius":null,"maxClumpCount":null,"maxSlope":null,"probability":null,"sizeExponent":null,"sizeMax":null,"sizeMin":null,"windScale":null},{"billboardUVs":null,"clumpRadius":null,"maxClumpCount":null,"maxSlope":null,"probability":null,"sizeExponent":null,"sizeMax":null,"sizeMin":null,"windScale":null}],"gridSize":3,"material":"italy_bushes_bb","maxBillboardTiltAngle":60,"maxElements":70000,"radius":80,"reflectScale":0.100000001,"seed":2,"shapeCullRadius":80,"shapesCastShadows":false,"windGustStrength":0.00999999978,"windTurbulenceFrequency":0.200000003,"windTurbulenceStrength":0.0500000007}
{"name":"Grass3","class":"GroundCover","persistentId":"aa39adef-e9f8-11e6-96ae-bcd60d6fa220","__parent":"vegetation","position":[606.916992,603.038025,169.132996],"Types":[{"billboardUVs":[0,0.316406995,0.265623987,0.332031012],"clumpRadius":2,"layer":"Grass3","maxClumpCount":5,"maxSlope":50,"probability":2,"sizeExponent":null,"sizeMax":0.800000012,"sizeMin":0.400000006,"windScale":0.200000003},{"billboardUVs":[0,0.65625,0.339843005,0.34375],"clumpRadius":null,"layer":"Grass3","maxClumpCount":5,"maxSlope":50,"probability":1,"sizeExponent":1.5,"sizeMax":1.20000005,"sizeMin":0.5,"windScale":0.200000003},{"billboardUVs":[0.496093988,0.300781012,0.230469003,0.296876013],"clumpRadius":null,"layer":"Grass3","maxClumpCount":5,"maxSlope":50,"probability":2,"sizeExponent":2,"sizeMax":0.899999976,"sizeMin":0.400000006,"windScale":0.200000003},{"billboardUVs":null,"clumpRadius":null,"maxClumpCount":null,"maxSlope":null,"probability":null,"sizeExponent":null,"sizeMax":null,"sizeMin":null,"windScale":null},{"billboardUVs":null,"clumpRadius":null,"maxClumpCount":null,"maxSlope":null,"probability":null,"sizeExponent":null,"sizeMax":null,"sizeMin":null,"windScale":null},{"billboardUVs":null,"clumpRadius":null,"maxClumpCount":null,"maxSlope":null,"probability":null,"sizeExponent":null,"sizeMax":null,"sizeMin":null,"windScale":null},{"billboardUVs":null,"clumpRadius":null,"maxClumpCount":null,"maxSlope":null,"probability":null,"sizeExponent":null,"sizeMax":null,"sizeMin":null,"windScale":null},{"billboardUVs":null,"clumpRadius":null,"maxClumpCount":null,"maxSlope":null,"probability":null,"sizeExponent":null,"sizeMax":null,"sizeMin":null,"windScale":null}],"cloneOrigin":"grass1","gridSize":6,"material":"italy_bushes_bb","maxBillboardTiltAngle":60,"maxElements":300000,"radius":80,"reflectScale":0.100000001,"seed":3,"shapeCullRadius":80,"windGustStrength":0.00999999978,"windTurbulenceFrequency":0.100000001,"windTurbulenceStrength":0.524999976}
{"name":"plants_grasses_bb","class":"GroundCover","persistentId":"aa39adf0-e9f8-11e6-96ae-bcd60d6fa220","__parent":"vegetation","position":[-339.677979,681.718811,252.408844],"Types":[{"billboardUVs":[0.640625,0.667968988,0.285156995,0.332031012],"clumpExponent":80,"clumpRadius":3,"layer":"Grass2","maxClumpCount":35,"maxSlope":60,"minClumpCount":15,"probability":10,"sizeExponent":2.5,"sizeMax":0.75,"sizeMin":0.300000012,"windScale":0.100000001},{"billboardUVs":[0.328125,0.6875,0.308593988,0.3125],"clumpExponent":4,"clumpRadius":6,"layer":"Grass","maxClumpCount":10,"maxSlope":60,"minClumpCount":3,"probability":null,"sizeExponent":2,"sizeMax":0.5,"sizeMin":0.200000003,"windScale":0.200000003},{"billboardUVs":[0.738279998,0.324218005,0.234375,0.316406995],"clumpExponent":10,"clumpRadius":4,"layer":"Grass","maxClumpCount":20,"maxSlope":60,"minClumpCount":5,"probability":0.150000006,"sizeExponent":null,"sizeMax":0.899999976,"sizeMin":0.300000012,"windScale":null},{"billboardUVs":[0.496093988,0.289063007,0.246094003,0.316406012],"clumpExponent":null,"clumpRadius":2,"layer":"Grass","maxClumpCount":20,"maxSlope":60,"minClumpCount":5,"probability":0.5,"sizeExponent":null,"sizeMax":0.5,"sizeMin":0.200000003,"windScale":null},{"billboardUVs":[0.492188007,0.289063007,0.253906995,0.320311993],"clumpExponent":10,"clumpRadius":null,"layer":"RockyDirt","maxClumpCount":4,"maxSlope":null,"minClumpCount":3,"probability":1,"sizeExponent":null,"sizeMax":0.600000024,"sizeMin":0.200000003,"windScale":0.5},{"billboardUVs":[0.765625,0.507812023,0.234375,0.492188007],"clumpExponent":10,"clumpRadius":2,"layer":"Grass","maxClumpCount":10,"maxSlope":null,"minClumpCount":3,"probability":null,"sizeExponent":null,"sizeMax":null,"sizeMin":0.5,"windScale":0.300000012},{"billboardUVs":null,"clumpExponent":null,"clumpRadius":null,"maxClumpCount":null,"maxSlope":null,"minClumpCount":null,"probability":null,"sizeExponent":null,"sizeMax":null,"sizeMin":null,"windScale":null},{"billboardUVs":null,"clumpExponent":null,"clumpRadius":null,"maxClumpCount":null,"maxSlope":null,"minClumpCount":null,"probability":null,"sizeExponent":null,"sizeMax":null,"sizeMin":null,"windScale":null}],"gridSize":2,"material":"italy_bushes_bb","maxBillboardTiltAngle":40,"maxElements":30000,"radius":80,"reflectScale":0.100000001,"seed":4,"shapeCullRadius":80,"windGustStrength":0.300000012,"windTurbulenceFrequency":0.100000001,"windTurbulenceStrength":0.0500000007}
{"name":"SmallGrass","class":"GroundCover","persistentId":"470d9c80-0a31-4a0c-bf5f-36f125022623","__parent":"vegetation","position":[514,226,155],"Types":[{"billboardUVs":[0.496093988,0,0.503906012,0.47656101],"clumpRadius":2,"layer":"Grass4","maxClumpCount":6,"minClumpCount":null,"probability":0.699999988,"sizeMax":0.699999988,"sizeMin":0.5,"windScale":0.200000003},{"billboardUVs":[0,0,0.507812023,0.488281012],"clumpRadius":null,"layer":"Grass4","maxClumpCount":4,"minClumpCount":2,"probability":0.200000003,"sizeMax":0.699999988,"sizeMin":0.5,"windScale":0.200000003},{"billboardUVs":[0,0.50781101,0.5,0.49218899],"clumpRadius":null,"layer":"Grass4","maxClumpCount":4,"minClumpCount":3,"probability":0.200000003,"sizeMax":0.5,"sizeMin":0.400000006,"windScale":0.200000003},{"billboardUVs":[0.5,0.503906012,0.5,0.496093988],"clumpRadius":0.5,"layer":"Grass4","maxClumpCount":6,"minClumpCount":3,"probability":null,"sizeMax":0.5,"sizeMin":0.400000006,"windScale":0.200000003},{"billboardUVs":[0,0.585937023,0.496093988,0.332029998],"clumpRadius":null,"layer":"Grass","maxClumpCount":6,"minClumpCount":5,"probability":0.0700000003,"sizeMax":0.5,"sizeMin":0.300000012,"windScale":0.300000012},{"billboardUVs":[0,0.113280997,0.511718988,0.378906012],"clumpRadius":null,"layer":"Grass","maxClumpCount":3,"minClumpCount":2,"probability":0.200000003,"sizeMax":0.5,"sizeMin":0.300000012,"windScale":0.300000012},{"billboardUVs":null,"clumpRadius":null,"maxClumpCount":null,"minClumpCount":null,"probability":null,"sizeMax":null,"sizeMin":null,"windScale":null},{"billboardUVs":null,"clumpRadius":null,"maxClumpCount":null,"minClumpCount":null,"probability":null,"sizeMax":null,"sizeMin":null,"windScale":null}],"dissolveRadius":40,"gridSize":6,"material":"GrassMiddle","maxBillboardTiltAngle":40,"maxElements":300000,"radius":60,"seed":5,"shapeCullRadius":60,"windGustLength":1.70000005,"windGustStrength":0.200000003,"windTurbulenceFrequency":0.300000012}
{"name":"SmallGrass2","class":"GroundCover","persistentId":"831cbcd0-2a14-424e-8f88-6dda8e65faaf","__parent":"vegetation","position":[-365,354,206],"Types":[{"billboardUVs":[0,0.52343899,0.503906012,0.47656101],"clumpExponent":null,"clumpRadius":2,"layer":"forest_floor","maxClumpCount":6,"minClumpCount":null,"probability":null,"sizeMax":0.5,"sizeMin":0.300000012,"windScale":0.200000003},{"billboardUVs":[0,0,0.507812023,0.488281012],"clumpExponent":-0.5,"clumpRadius":null,"layer":"Grass","maxClumpCount":4,"minClumpCount":2,"probability":0.5,"sizeMax":0.5,"sizeMin":0.300000012,"windScale":0.200000003},{"billboardUVs":[0,0.50781101,0.5,0.49218899],"clumpExponent":-0.5,"clumpRadius":null,"layer":"Grass","maxClumpCount":4,"minClumpCount":3,"probability":0.5,"sizeMax":0.300000012,"sizeMin":0.200000003,"windScale":0.200000003},{"billboardUVs":[0.5,0.503906012,0.5,0.496093988],"clumpExponent":null,"clumpRadius":0.5,"layer":"Grass","maxClumpCount":6,"minClumpCount":3,"probability":2,"sizeMax":0.300000012,"sizeMin":0.200000003,"windScale":0.200000003},{"billboardUVs":[0,0.507812977,0.492188007,0.492186993],"clumpExponent":-0.100000001,"clumpRadius":null,"layer":"Grass","maxClumpCount":6,"minClumpCount":5,"probability":0.5,"sizeMax":0.400000006,"sizeMin":0.200000003,"windScale":0.300000012},{"billboardUVs":null,"clumpExponent":null,"clumpRadius":null,"maxClumpCount":null,"minClumpCount":null,"probability":null,"sizeMax":null,"sizeMin":null,"windScale":null},{"billboardUVs":null,"clumpExponent":null,"clumpRadius":null,"maxClumpCount":null,"minClumpCount":null,"probability":null,"sizeMax":null,"sizeMin":null,"windScale":null},{"billboardUVs":null,"clumpExponent":null,"clumpRadius":null,"maxClumpCount":null,"minClumpCount":null,"probability":null,"sizeMax":null,"sizeMin":null,"windScale":null}],"dissolveRadius":20,"material":"GrassGreen","maxBillboardTiltAngle":40,"maxElements":450000,"radius":40,"seed":6,"shapeCullRadius":40,"windGustLength":1.70000005,"windGustStrength":0.200000003,"windTurbulenceFrequency":0.300000012}
{"name":"LongGrass","class":"GroundCover","persistentId":"dea8cf9f-2b78-4bc6-99ae-1d619c4daa60","__parent":"vegetation","position":[-367.135498,107.813599,204.559265],"Types":[{"billboardUVs":[0,0.117187999,0.507812023,0.347654015],"clumpRadius":2,"layer":"Grass2","maxClumpCount":3,"minClumpCount":2,"probability":1.20000005,"sizeMax":0.699999988,"sizeMin":0.400000006,"windScale":0.200000003},{"billboardUVs":[0.484375,0.621093988,0.515625,0.363281012],"clumpRadius":2,"layer":"Grass2","maxClumpCount":3,"minClumpCount":2,"probability":1,"sizeMax":0.600000024,"sizeMin":0.300000012,"windScale":0.200000003},{"billboardUVs":[0,0.578125,0.503906012,0.414063007],"clumpRadius":2,"layer":"Grass2","maxClumpCount":5,"minClumpCount":4,"probability":0.200000003,"sizeMax":0.699999988,"sizeMin":0.600000024,"windScale":0.200000003},{"billboardUVs":[0.00390625,0.0625,0.480468005,0.410156012],"clumpRadius":2,"layer":"forest_floor","maxClumpCount":6,"minClumpCount":3,"probability":null,"sizeMax":0.600000024,"sizeMin":0.300000012,"windScale":0.200000003},{"billboardUVs":[0.5,0.0117188003,0.5,0.484376013],"clumpRadius":1.5,"layer":"forest_floor","maxClumpCount":6,"minClumpCount":2,"probability":null,"sizeMax":0.600000024,"sizeMin":0.300000012,"windScale":0.300000012},{"billboardUVs":[0.492186993,0.507812023,0.507812977,0.488281012],"clumpRadius":null,"layer":"Grass","maxClumpCount":4,"minClumpCount":2,"probability":null,"sizeMax":0.699999988,"sizeMin":0.300000012,"windScale":0.300000012},{"billboardUVs":null,"clumpRadius":null,"maxClumpCount":null,"minClumpCount":null,"probability":null,"sizeMax":null,"sizeMin":null,"windScale":null},{"billboardUVs":null,"clumpRadius":null,"maxClumpCount":null,"minClumpCount":null,"probability":null,"sizeMax":null,"sizeMin":null,"windScale":null}],"gridSize":3,"material":"GrassDry","maxBillboardTiltAngle":40,"maxElements":85000,"radius":70,"seed":7,"shapeCullRadius":70,"windGustLength":1.70000005,"windGustStrength":0.200000003,"windTurbulenceFrequency":0.300000012}
{"name":"LongGrassDry","class":"GroundCover","persistentId":"0bc0fc72-7c67-4c8f-8c01-ba51ef1c1b84","__parent":"vegetation","position":[-436,176,269],"Types":[{"billboardUVs":[0.335938007,0.664065003,0.339843988,0.308591008],"clumpRadius":0.5,"layer":"Grass2","maxClumpCount":5,"minClumpCount":3,"probability":0.200000003,"sizeMax":0.300000012,"sizeMin":0.100000001,"windScale":0.200000003},{"billboardUVs":[0,0.339843988,0.371093988,0.300781012],"clumpRadius":null,"layer":"Grass2","maxClumpCount":4,"minClumpCount":3,"probability":0.5,"sizeMax":0.400000006,"sizeMin":0.200000003,"windScale":0.200000003},{"billboardUVs":[0,0.671875,0.34375,0.308593988],"clumpRadius":null,"layer":"Grass2","maxClumpCount":4,"minClumpCount":3,"probability":0.200000003,"sizeMax":0.400000006,"sizeMin":0.200000003,"windScale":0.200000003},{"billboardUVs":[0,0.335936993,0.332031012,0.320313007],"clumpRadius":2,"layer":"dirt","maxClumpCount":6,"minClumpCount":3,"probability":null,"sizeMax":0.899999976,"sizeMin":0.5,"windScale":0.200000003},{"billboardUVs":[0.347656012,0.332031012,0.34375,0.324220002],"clumpRadius":null,"layer":"dirt_grass","maxClumpCount":6,"minClumpCount":2,"probability":null,"sizeMax":0.699999988,"sizeMin":0.400000006,"windScale":0.300000012},{"billboardUVs":[0.371093988,0.335936993,0.308593988,0.3125],"clumpRadius":0.5,"layer":"Grass2","maxClumpCount":5,"minClumpCount":3,"probability":1,"sizeMax":0.400000006,"sizeMin":0.200000003,"windScale":0.300000012},{"billboardUVs":null,"clumpRadius":null,"maxClumpCount":null,"minClumpCount":null,"probability":null,"sizeMax":null,"sizeMin":null,"windScale":null},{"billboardUVs":null,"clumpRadius":null,"maxClumpCount":null,"minClumpCount":null,"probability":null,"sizeMax":null,"sizeMin":null,"windScale":null}],"gridSize":4,"material":"dry_grass","maxBillboardTiltAngle":40,"maxElements":150000,"radius":70,"seed":8,"shapeCullRadius":70,"windGustLength":1.70000005,"windGustStrength":0.200000003,"windTurbulenceFrequency":0.300000012}
{"name":"WeedDry","class":"GroundCover","persistentId":"01720a4d-e632-4c8b-9f40-bf20cb489177","__parent":"vegetation","position":[-474.12085,192.668716,219.181213],"Types":[{"billboardUVs":[0.675779998,0.335938007,0.324220002,0.320313007],"layer":"Grass4","maxClumpCount":3,"minClumpCount":2,"probability":1,"sizeExponent":2,"sizeMax":0.699999988,"sizeMin":0.300000012,"windScale":0.200000003},{"billboardUVs":[0.671876013,0.667968988,0.328123987,0.324218005],"layer":"Grass4","maxClumpCount":3,"minClumpCount":null,"probability":1,"sizeExponent":1.5,"sizeMax":0.400000006,"sizeMin":0.200000003,"windScale":0.200000003},{"billboardUVs":[0.34375,0.339843988,0.335938007,0.316406995],"layer":"Grass4","maxClumpCount":3,"minClumpCount":null,"probability":1,"sizeExponent":2,"sizeMax":0.699999988,"sizeMin":0.400000006,"windScale":0.200000003},{"billboardUVs":[0.339843988,0.683593988,0.339843005,0.316406012],"layer":"Grass4","maxClumpCount":5,"minClumpCount":3,"probability":1,"sizeExponent":2,"sizeMax":0.400000006,"sizeMin":0.200000003,"windScale":0.200000003},{"billboardUVs":[0.683592975,0.33593899,0.253906995,0.226560995],"layer":"Grass2","maxClumpCount":5,"minClumpCount":2,"probability":1,"sizeExponent":null,"sizeMax":0.5,"sizeMin":0.300000012,"windScale":0.300000012},{"billboardUVs":[0.347656012,0.359375,0.328125,0.261718988],"layer":"Grass2","maxClumpCount":5,"minClumpCount":3,"probability":1,"sizeExponent":null,"sizeMax":0.5,"sizeMin":0.300000012,"windScale":0.300000012},{"billboardUVs":null,"maxClumpCount":null,"minClumpCount":null,"probability":null,"sizeExponent":null,"sizeMax":null,"sizeMin":null,"windScale":null},{"billboardUVs":null,"maxClumpCount":null,"minClumpCount":null,"probability":null,"sizeExponent":null,"sizeMax":null,"sizeMin":null,"windScale":null}],"dissolveRadius":30,"gridSize":5,"material":"dry_grass","maxBillboardTiltAngle":40,"maxElements":190000,"radius":50,"seed":8,"shapeCullRadius":50,"windGustLength":1.70000005,"windGustStrength":0.200000003,"windTurbulenceFrequency":0.300000012}
{"name":"WeedDry1","class":"GroundCover","persistentId":"8b86ecd3-c12f-4107-b993-20bd48d34ea0","__parent":"vegetation","position":[-562.831543,136.429214,241.314224],"Types":[{"billboardUVs":[0.675779998,0.335938007,0.324220002,0.292968988],"clumpRadius":2.5,"layer":"Grass4","maxClumpCount":3,"minClumpCount":2,"probability":1,"sizeExponent":2,"sizeMax":0.699999988,"sizeMin":0.300000012,"windScale":0.200000003},{"billboardUVs":[0.671876013,0.667968988,0.328123987,0.296873987],"clumpRadius":2.5,"layer":"Grass4","maxClumpCount":3,"minClumpCount":null,"probability":1,"sizeExponent":1.5,"sizeMax":0.400000006,"sizeMin":0.200000003,"windScale":0.200000003},{"billboardUVs":[0.34375,0.339843988,0.335938007,0.316406995],"clumpRadius":null,"layer":"dirt_grass","maxClumpCount":3,"minClumpCount":null,"probability":null,"sizeExponent":2,"sizeMax":0.699999988,"sizeMin":0.400000006,"windScale":0.200000003},{"billboardUVs":[0.339843988,0.683593988,0.339843005,0.316406012],"clumpRadius":null,"layer":"dirt_grass","maxClumpCount":5,"minClumpCount":3,"probability":null,"sizeExponent":2,"sizeMax":0.400000006,"sizeMin":0.200000003,"windScale":0.200000003},{"billboardUVs":[0.683592975,0.33593899,0.316406995,0.312498987],"clumpRadius":null,"layer":"dirt_grass","maxClumpCount":5,"minClumpCount":2,"probability":null,"sizeExponent":null,"sizeMax":0.5,"sizeMin":0.300000012,"windScale":0.300000012},{"billboardUVs":null,"clumpRadius":null,"maxClumpCount":null,"minClumpCount":null,"probability":null,"sizeExponent":null,"sizeMax":null,"sizeMin":null,"windScale":null},{"billboardUVs":null,"clumpRadius":null,"maxClumpCount":null,"minClumpCount":null,"probability":null,"sizeExponent":null,"sizeMax":null,"sizeMin":null,"windScale":null},{"billboardUVs":null,"clumpRadius":null,"maxClumpCount":null,"minClumpCount":null,"probability":null,"sizeExponent":null,"sizeMax":null,"sizeMin":null,"windScale":null}],"gridSize":4,"material":"dry_grass","maxBillboardTiltAngle":40,"maxElements":150000,"radius":70,"seed":9,"shapeCullRadius":70,"windGustLength":1.70000005,"windGustStrength":0.200000003,"windTurbulenceFrequency":0.300000012}
{"name":"Flower","class":"GroundCover","persistentId":"5ab314da-30b6-4e9f-9626-5e4f1888ecca","__parent":"vegetation","position":[316.130005,227.626007,123.824997],"Types":[{"billboardUVs":[0,0,0.191406995,0.183593005],"clumpExponent":null,"clumpRadius":1.20000005,"layer":"Grass","maxClumpCount":4,"minClumpCount":2,"probability":1,"sizeExponent":2,"sizeMax":0.449999988,"sizeMin":0.25,"windScale":0.200000003},{"billboardUVs":[0.132811993,0.136719003,0.203125,0.183594003],"clumpExponent":null,"clumpRadius":1.5,"layer":"Grass","maxClumpCount":4,"minClumpCount":2,"probability":0.100000001,"sizeExponent":null,"sizeMax":0.600000024,"sizeMin":0.300000012,"windScale":0.200000003},{"billboardUVs":[0.40625,0.632812023,0.59375,0.367188007],"clumpExponent":2,"clumpRadius":0.100000001,"layer":"Grass2","maxClumpCount":4,"minClumpCount":3,"probability":null,"sizeExponent":null,"sizeMax":null,"sizeMin":0.699999988,"windScale":0.200000003},{"billboardUVs":[0.511718988,0,0.160155997,0.171875],"clumpExponent":null,"clumpRadius":3,"layer":"Grass2","maxClumpCount":6,"minClumpCount":3,"probability":null,"sizeExponent":null,"sizeMax":0.600000024,"sizeMin":0.300000012,"windScale":0.200000003},{"billboardUVs":[0,0,0.585937977,0.417968988],"clumpExponent":null,"clumpRadius":null,"layer":"Grass2","maxClumpCount":5,"minClumpCount":2,"probability":null,"sizeExponent":null,"sizeMax":0.800000012,"sizeMin":0.5,"windScale":0.200000003},{"billboardUVs":null,"clumpExponent":null,"clumpRadius":null,"maxClumpCount":null,"minClumpCount":null,"probability":null,"sizeExponent":null,"sizeMax":null,"sizeMin":null,"windScale":null},{"billboardUVs":null,"clumpExponent":null,"clumpRadius":null,"maxClumpCount":null,"minClumpCount":null,"probability":null,"sizeExponent":null,"sizeMax":null,"sizeMin":null,"windScale":null},{"billboardUVs":null,"clumpExponent":null,"clumpRadius":null,"maxClumpCount":null,"minClumpCount":null,"probability":null,"sizeExponent":null,"sizeMax":null,"sizeMin":null,"windScale":null}],"dissolveRadius":40,"gridSize":2,"material":"dry_grass","maxBillboardTiltAngle":40,"maxElements":20000,"radius":60,"seed":10,"shapeCullRadius":60,"windGustLength":1.70000005,"windGustStrength":0.200000003,"windTurbulenceFrequency":0.300000012}
