{"class":"TSStatic","persistentId":"04712440-3a95-4cfb-bf1a-2a1c648c65c7","__parent":"StaticObjects","position":[19.9985008,91.6899033,36.0196648],"allowPlayerStep":"1","annotation":"OBSTACLES","isRenderEnabled":false,"rotationMatrix":[0.180453777,0.98358351,0,-0.98358351,0.180453777,0,0,0,1],"shapeName":"/levels/industrial/art/shapes/misc/concrete_road_barrier_b.dae"}
{"class":"TSStatic","persistentId":"05477125-ec97-45e4-a556-dc9aa3290db7","__parent":"StaticObjects","position":[96.233902,-423.730988,34.0283012],"allowPlayerStep":"1","annotation":"OBSTACLES","isRenderEnabled":false,"rotationMatrix":[-0.0963412523,0.995348394,0,-0.995348394,-0.0963412523,0,0,0,1],"shapeName":"/levels/industrial/art/shapes/buildings/ind_ramp_01_1m.dae"}
{"class":"TSStatic","persistentId":"06d2c552-4d59-4ec5-9afc-7ee95fa4a229","__parent":"StaticObjects","position":[40.7686005,87.0026016,36.895668],"allowPlayerStep":"1","annotation":"OBSTACLES","isRenderEnabled":false,"rotationMatrix":[0.719056606,-0.634752393,-0.282925844,0.677481532,0.73096931,0.0818698257,0.154843047,-0.250546038,0.955641329],"shapeName":"/levels/industrial/art/shapes/misc/concrete_road_barrier_b.dae"}
{"class":"TSStatic","persistentId":"09b4ac9f-6981-4a2f-922e-75e5fbe17a5a","__parent":"StaticObjects","position":[43.2084999,84.8087006,36.1234665],"allowPlayerStep":"1","annotation":"OBSTACLES","isRenderEnabled":false,"rotationMatrix":[0.71531415,-0.680647016,-0.158257365,0.691465378,0.722145915,0.0195156001,0.10100168,-0.123389259,0.987205029],"shapeName":"/levels/industrial/art/shapes/misc/concrete_road_barrier_a.dae"}
{"class":"TSStatic","persistentId":"0b178ffe-958c-4cc3-a02c-bacf0e249121","__parent":"StaticObjects","position":[7.13049984,154.604004,37.2047157],"allowPlayerStep":"1","annotation":"OBSTACLES","isRenderEnabled":false,"rotationMatrix":[0.997194111,-0.0748596042,0,0.0748596042,0.997194111,0,0,0,1],"shapeName":"/levels/industrial/art/shapes/misc/concrete_road_barrier_a.dae"}
{"class":"TSStatic","persistentId":"143ae1c7-1ef1-4270-9dd7-349552e0129f","__parent":"StaticObjects","position":[17.5335999,155.082993,37.2151184],"allowPlayerStep":"1","annotation":"OBSTACLES","isRenderEnabled":false,"rotationMatrix":[-0.887735128,-0.460354656,0,0.460354656,-0.887735128,0,0,0,1],"shapeName":"/levels/industrial/art/shapes/misc/concrete_road_barrier_a.dae"}
{"class":"TSStatic","persistentId":"1c2e443c-7b0a-455f-a031-2ffe5865dc69","__parent":"StaticObjects","position":[138.033997,-293.334015,34.9762573],"allowPlayerStep":"1","annotation":"BUILDINGS","isRenderEnabled":false,"rotationMatrix":[0.712247849,0.70192802,0,-0.70192802,0.712247849,0,0,0,1],"shapeName":"/levels/industrial/art/shapes/buildings/ind_bld_08.dae"}
{"class":"TSStatic","persistentId":"1d405aa1-d247-400f-8a94-2ee0e5d76d54","__parent":"StaticObjects","position":[210.567001,-450.919006,33.8932991],"allowPlayerStep":"1","annotation":"BUILDINGS","isRenderEnabled":false,"rotationMatrix":[0.754929423,0.655806065,0,-0.655806065,0.754929423,0,0,0,1],"shapeName":"/levels/industrial/art/shapes/buildings/ind_bld_06.dae"}
{"class":"TSStatic","persistentId":"1d73b37b-8749-49ac-b660-1849c44744d7","__parent":"StaticObjects","position":[212.214996,-427.375,34.0214005],"allowPlayerStep":"1","annotation":"BUILDINGS","isRenderEnabled":false,"rotationMatrix":[0.754929423,0.655806065,0,-0.655806065,0.754929423,0,0,0,1],"shapeName":"/levels/industrial/art/shapes/buildings/ind_bld_05.dae"}
{"class":"TSStatic","persistentId":"246d81fe-efda-45ec-aa1d-f60abdef8e64","__parent":"StaticObjects","position":[24.8264008,154.876007,36.9617157],"allowPlayerStep":"1","annotation":"OBSTACLES","isRenderEnabled":false,"rotationMatrix":[-0.80219388,-0.562648654,-0.199779183,0.596530557,-0.769418478,-0.228356481,-0.0252293199,-0.302360535,0.9528597],"shapeName":"/levels/industrial/art/shapes/misc/concrete_road_barrier_a.dae"}
{"class":"TSStatic","persistentId":"2cf5cb75-f92c-4a9d-adf5-7cf0f9781908","__parent":"StaticObjects","position":[254.031998,-378.346008,34.7743912],"allowPlayerStep":"1","annotation":"BUILDINGS","isRenderEnabled":false,"rotationMatrix":[0.628647327,-0.77769053,0,0.77769053,0.628647327,0,0,0,1],"shapeName":"/levels/industrial/art/shapes/buildings/ind_bld_02.dae"}
{"class":"TSStatic","persistentId":"2db17be0-d822-40b6-8b43-999cfa980cd9","__parent":"StaticObjects","position":[18.44911,140.767181,35.954422],"annotation":"BUILDINGS","isRenderEnabled":false,"rotationMatrix":[-0.0297635533,0.999556839,0,-0.999556839,-0.0297635533,0,0,0,1],"shapeName":"/levels/industrial/art/shapes/buildings/race_footbridge_short.DAE"}
{"class":"TSStatic","persistentId":"2eebea86-95d1-41ee-9431-4e4ccc39a036","__parent":"StaticObjects","position":[3.6730001,154.488007,37.2047157],"allowPlayerStep":"1","annotation":"OBSTACLES","isRenderEnabled":false,"rotationMatrix":[-0.999438047,-0.0335219614,0,0.0335219614,-0.999438047,0,0,0,1],"shapeName":"/levels/industrial/art/shapes/misc/concrete_road_barrier_a.dae"}
{"class":"TSStatic","persistentId":"3217ccfc-ac5a-44cf-8e89-b672ec2828ec","__parent":"StaticObjects","position":[202.679001,-376.806,34.0500984],"allowPlayerStep":"1","annotation":"BUILDINGS","isRenderEnabled":false,"rotationMatrix":[0.664169252,-0.747582257,0,0.747582257,0.664169252,0,0,0,1],"shapeName":"/levels/industrial/art/shapes/buildings/ind_bld_05.dae"}
{"class":"TSStatic","persistentId":"328b7ee9-b5da-4aff-9994-03cf7ccdbffb","__parent":"StaticObjects","position":[48.1988983,79.9798965,36.2966652],"allowPlayerStep":"1","annotation":"OBSTACLES","isRenderEnabled":false,"rotationMatrix":[-0.712232709,0.700654984,-0.0425188057,-0.690387964,-0.71016705,-0.137941658,-0.126844928,-0.0688920543,0.989527285],"shapeName":"/levels/industrial/art/shapes/misc/concrete_road_barrier_a.dae"}
{"class":"TSStatic","persistentId":"378834e6-e725-47cb-ab8b-fabe8e1beaaf","__parent":"StaticObjects","position":[87.0886002,-373.276001,34.4025002],"allowPlayerStep":"1","annotation":"BUILDINGS","isRenderEnabled":false,"rotationMatrix":[0.374807119,-0.927102804,0,0.927102804,0.374807119,0,0,0,1],"shapeName":"/levels/industrial/art/shapes/buildings/ind_bld_02.dae"}
{"class":"TSStatic","persistentId":"37b71b36-3222-4928-a081-b995b3157655","__parent":"StaticObjects","position":[38.9213982,156.289993,37.2133179],"allowPlayerStep":"1","annotation":"OBSTACLES","isRenderEnabled":false,"rotationMatrix":[-1,8.74227766e-08,0,-8.74227766e-08,-1,0,0,0,1],"shapeName":"/levels/industrial/art/shapes/misc/concrete_road_barrier_b.dae"}
{"class":"TSStatic","persistentId":"3e16dca1-2a14-45fe-be1d-a6e44ed3df05","__parent":"StaticObjects","position":[186.578705,-431.162506,34.03022],"allowPlayerStep":"1","annotation":"BUILDINGS","isRenderEnabled":false,"rotationMatrix":[-0.754929364,-0.655805767,0,0.655805767,-0.754929364,0,0,0,1],"shapeName":"/levels/industrial/art/shapes/buildings/ind_bld_04.dae"}
{"class":"TSStatic","persistentId":"42734bf4-4929-48c3-84e4-b9c3e9af4337","__parent":"StaticObjects","position":[61.1481018,-426.889008,34.0223999],"allowPlayerStep":"1","annotation":"BUILDINGS","isRenderEnabled":false,"rotationMatrix":[0.0936755538,-0.995602846,0,0.995602846,0.0936755538,0,0,0,1],"shapeName":"/levels/industrial/art/shapes/buildings/ind_bld_tin_01_shed.dae"}
{"class":"TSStatic","persistentId":"4499465f-0686-4b7c-8fa2-996b5a854256","__parent":"StaticObjects","position":[94.1708145,-55.3669891,36.1085968],"allowPlayerStep":"1","annotation":"OBSTACLES","isRenderEnabled":false,"rotationMatrix":[0.359959185,0.93296802,0,-0.93296802,0.359959185,0,0,0,1],"shapeName":"/levels/industrial/art/shapes/misc/concrete_road_barrier_b.dae"}
{"class":"TSStatic","persistentId":"49ef8d3b-010d-445f-baea-b277dc6211ce","__parent":"StaticObjects","position":[14.2434998,154.167007,37.2151184],"allowPlayerStep":"1","annotation":"OBSTACLES","isRenderEnabled":false,"rotationMatrix":[0.965787411,-0.259335071,0,0.259335071,0.965787411,0,0,0,1],"shapeName":"/levels/industrial/art/shapes/misc/concrete_road_barrier_a.dae"}
{"class":"TSStatic","persistentId":"4a2fd76d-82de-468c-8eb6-7008fd98462e","__parent":"StaticObjects","position":[84.1720963,-394.843994,34.0723],"allowPlayerStep":"1","annotation":"BUILDINGS","isRenderEnabled":false,"rotationMatrix":[0.360947967,-0.932585955,0,0.932585955,0.360947967,0,0,0,1],"shapeName":"/levels/industrial/art/shapes/buildings/ind_bld_tin_01_shed.dae"}
{"class":"TSStatic","persistentId":"4bdb9d49-a85d-4612-a06e-c7e90420ceb6","__parent":"StaticObjects","position":[32.0388985,155.647003,37.2047157],"allowPlayerStep":"1","annotation":"OBSTACLES","isRenderEnabled":false,"rotationMatrix":[-0.999438047,-0.0335219614,0,0.0335219614,-0.999438047,0,0,0,1],"shapeName":"/levels/industrial/art/shapes/misc/concrete_road_barrier_a.dae"}
{"class":"TSStatic","persistentId":"4c1bb172-e01d-427a-b540-04979ec3f5ec","__parent":"StaticObjects","position":[272.237091,-396.865509,34.0085564],"allowPlayerStep":"1","annotation":"BUILDINGS","isRenderEnabled":false,"rotationMatrix":[0.633069813,-0.774094462,0,0.774094462,0.633069813,0,0,0,1],"shapeName":"/levels/industrial/art/shapes/buildings/ind_bld_04.dae"}
{"class":"TSStatic","persistentId":"50857c9c-6774-42b4-8147-6056c67f5f43","__parent":"StaticObjects","position":[-5.59540987,74.6708984,35.9293671],"allowPlayerStep":"1","annotation":"OBSTACLES","decalType":"Visible Mesh","isRenderEnabled":false,"rotationMatrix":[-0.848941326,0.52778554,-0.0272206757,-0.527948737,-0.849275112,-0.00138266943,-0.0238475967,0.0131973168,0.999628484],"shapeName":"/levels/industrial/art/shapes/misc/concrete_road_barrier_a.dae"}
{"class":"TSStatic","persistentId":"640cf5ba-46cc-4d81-b72c-76e6472b1094","__parent":"StaticObjects","position":[-3.16032004,72.6819,35.9797668],"allowPlayerStep":"1","annotation":"OBSTACLES","isRenderEnabled":false,"rotationMatrix":[0.63724494,-0.770661354,0,0.770661354,0.63724494,0,0,0,1],"shapeName":"/levels/industrial/art/shapes/misc/concrete_road_barrier_a.dae"}
{"class":"TSStatic","persistentId":"64ebade9-0a2a-41a8-b78a-b2cd725cf014","__parent":"StaticObjects","position":[28.2336006,155.639008,37.1795158],"allowPlayerStep":"1","annotation":"OBSTACLES","isRenderEnabled":false,"shapeName":"/levels/industrial/art/shapes/misc/concrete_road_barrier_a.dae"}
{"class":"TSStatic","persistentId":"73a7d2f8-6fff-4932-826a-a2e248a61469","__parent":"StaticObjects","position":[70.4850998,-426.222992,34.0283012],"allowPlayerStep":"1","annotation":"OBSTACLES","isRenderEnabled":false,"rotationMatrix":[0.0963432789,-0.995348155,0,0.995348155,0.0963432789,0,0,0,1],"shapeName":"/levels/industrial/art/shapes/buildings/ind_ramp_01_1m.dae"}
{"class":"TSStatic","persistentId":"7b1f89a5-f83e-4811-b133-f74994a85b0d","__parent":"StaticObjects","position":[153.205994,-315.93399,34.0970001],"allowPlayerStep":"1","annotation":"BUILDINGS","isRenderEnabled":false,"rotationMatrix":[-0.696050525,0.717992902,0,-0.717992902,-0.696050525,0,0,0,1],"shapeName":"/levels/industrial/art/shapes/buildings/ind_bld_03.dae"}
{"class":"TSStatic","persistentId":"7dc09ddf-9fe5-4909-8af2-72d2ad52dd8b","__parent":"StaticObjects","position":[96.7934952,-6.02489758,36.1085968],"allowPlayerStep":"1","annotation":"OBSTACLES","isRenderEnabled":false,"rotationMatrix":[-0.189349949,-0.981909692,0,0.981909692,-0.189349949,0,0,0,1],"shapeName":"/levels/industrial/art/shapes/misc/concrete_road_barrier_b.dae"}
{"class":"TSStatic","persistentId":"7dc2a790-f40e-4641-a0ad-ebd0159a71ad","__parent":"StaticObjects","position":[39.6968002,-359.656006,37.6940002],"allowPlayerStep":"1","annotation":"BUILDINGS","isRenderEnabled":false,"rotationMatrix":[-0.530718327,-0.847548246,0,0.847548246,-0.530718327,0,0,0,1],"shapeName":"/levels/industrial/art/shapes/buildings/ind_bld_03.dae"}
{"class":"TSStatic","persistentId":"8537f512-fafd-4414-b450-6ffdb9ee7077","__parent":"StaticObjects","position":[93.8664017,-391.09201,34.0723],"allowPlayerStep":"1","annotation":"BUILDINGS","isRenderEnabled":false,"rotationMatrix":[-0.360941172,0.932588637,0,-0.932588637,-0.360941172,0,0,0,1],"shapeName":"/levels/industrial/art/shapes/buildings/ind_bld_tin_01_shed.dae"}
{"class":"TSStatic","persistentId":"93a1b55a-a3af-4525-bfef-3ce85f1e3c1b","__parent":"StaticObjects","position":[45.5261002,82.2365036,36.1907654],"allowPlayerStep":"1","annotation":"OBSTACLES","isRenderEnabled":false,"rotationMatrix":[0.732274473,-0.675609112,0.0855946988,0.678082347,0.734985828,0.000242037699,-0.0630744249,0.0578630194,0.996330023],"shapeName":"/levels/industrial/art/shapes/misc/concrete_road_barrier_a.dae"}
{"class":"TSStatic","persistentId":"94de601b-faa7-46af-af18-483307f667c4","__parent":"StaticObjects","position":[227.636032,-11.2460403,37.4853516],"allowPlayerStep":"1","annotation":"BUILDINGS","isRenderEnabled":false,"rotationMatrix":[0.81458354,0.580046296,0,-0.580046296,0.81458354,0,0,0,1],"shapeName":"/levels/industrial/art/shapes/buildings/ind_bld_tin_01_a.dae"}
{"class":"TSStatic","persistentId":"96d62ef0-951c-4de3-ae41-b3613b02cf25","__parent":"StaticObjects","position":[96.3437729,-9.18075085,36.1034203],"allowPlayerStep":"1","annotation":"OBSTACLES","isRenderEnabled":false,"rotationMatrix":[0.097594887,0.995226324,0,-0.995226264,0.0975948796,0,0,0,1],"shapeName":"/levels/industrial/art/shapes/misc/concrete_road_barrier_a.dae"}
{"class":"TSStatic","persistentId":"9ad0851d-1c81-4694-8e56-d0afa8820bd0","__parent":"StaticObjects","position":[10.8592997,154.615997,37.2151184],"allowPlayerStep":"1","annotation":"OBSTACLES","isRenderEnabled":false,"rotationMatrix":[-1,8.74227766e-08,0,-8.74227766e-08,-1,0,0,0,1],"shapeName":"/levels/industrial/art/shapes/misc/concrete_road_barrier_a.dae"}
{"class":"TSStatic","persistentId":"9c56baff-0eb0-4a6b-8249-e017f0248470","__parent":"StaticObjects","position":[220.992996,-413.415985,34.0130005],"allowPlayerStep":"1","annotation":"BUILDINGS","isRenderEnabled":false,"rotationMatrix":[0.777690351,0.628647566,0,-0.628647566,0.777690351,0,0,0,1],"shapeName":"/levels/industrial/art/shapes/buildings/ind_bld_02.dae"}
{"class":"TSStatic","persistentId":"ab4c3e9a-afc5-43c5-b40f-fd11f2b76bc0","__parent":"StaticObjects","position":[226.009003,-372.944,34.483429],"allowPlayerStep":"1","annotation":"BUILDINGS","isRenderEnabled":false,"rotationMatrix":[0.625201702,-0.780463219,0,0.780463219,0.625201702,0,0,0,1],"shapeName":"/levels/industrial/art/shapes/buildings/ind_bld_08.dae"}
{"class":"TSStatic","persistentId":"b29c7b26-8608-4190-8c22-41001a72c8e0","__parent":"StaticObjects","position":[95.1713409,-52.3403511,36.1034203],"allowPlayerStep":"1","annotation":"OBSTACLES","isRenderEnabled":false,"rotationMatrix":[-0.272003651,-0.962296188,0,0.962296188,-0.272003651,0,0,0,1],"shapeName":"/levels/industrial/art/shapes/misc/concrete_road_barrier_a.dae"}
{"class":"TSStatic","persistentId":"ba8ac865-8f8f-4cee-aedc-fa17ef31119c","__parent":"StaticObjects","position":[102.125,-399.110992,33.9431],"allowPlayerStep":"1","annotation":"BUILDINGS","isRenderEnabled":false,"rotationMatrix":[0.936939836,0.349490762,0,-0.349490762,0.936939836,0,0,0,1],"shapeName":"/levels/industrial/art/shapes/buildings/ind_bld_03.dae"}
{"class":"TSStatic","persistentId":"c6b2c40a-af73-4770-bd41-d7f490e7fb27","__parent":"StaticObjects","position":[-13.0492001,-447.703003,34.0214005],"allowPlayerStep":"1","annotation":"BUILDINGS","isRenderEnabled":false,"rotationMatrix":[0.881759167,0.471699893,0,-0.471699893,0.881759167,0,0,0,1],"shapeName":"/levels/industrial/art/shapes/buildings/ind_bld_05.dae"}
{"class":"TSStatic","persistentId":"c8f4e5aa-d7b8-42e3-b2d0-a605d6d61837","__parent":"StaticObjects","position":[253.513,-435.885986,33.8932991],"allowPlayerStep":"1","annotation":"BUILDINGS","isRenderEnabled":false,"rotationMatrix":[-0.754927158,-0.655808687,0,0.655808687,-0.754927158,0,0,0,1],"shapeName":"/levels/industrial/art/shapes/buildings/ind_bld_06.dae"}
{"class":"TSStatic","persistentId":"ca6f1c76-e469-41cc-9103-dab24bdd3155","__parent":"StaticObjects","position":[288.180145,-422.067596,34.0294113],"allowPlayerStep":"1","annotation":"BUILDINGS","decalType":"Visible Mesh Final","isRenderEnabled":false,"rotationMatrix":[0.586690307,-0.809811413,0,0.809811413,0.586690307,0,0,0,1],"shapeName":"/levels/industrial/art/shapes/buildings/ind_bld_03.dae"}
{"class":"TSStatic","persistentId":"cf39440d-5ca3-46f2-bc86-e68d2e5e640c","__parent":"StaticObjects","position":[174.445999,-405.006897,34.03022],"allowPlayerStep":"1","annotation":"BUILDINGS","isRenderEnabled":false,"rotationMatrix":[-0.655805707,0.754929245,0,-0.754929245,-0.655805707,0,0,0,1],"shapeName":"/levels/industrial/art/shapes/buildings/ind_bld_04.dae"}
{"class":"TSStatic","persistentId":"d2bae5f2-1506-4fa2-9482-5dcbb821042e","__parent":"StaticObjects","position":[19.3892002,99.8775024,36.0572662],"allowPlayerStep":"1","annotation":"OBSTACLES","decalType":"Visible Mesh","isRenderEnabled":false,"rotationMatrix":[-0.343446612,0.939172208,0,-0.939172208,-0.343446612,0,0,0,1],"shapeName":"/levels/industrial/art/shapes/misc/concrete_road_barrier_a.dae"}
{"class":"TSStatic","persistentId":"d3c32183-4b53-4bd5-aed3-12efbcdb22f2","__parent":"StaticObjects","position":[0.192500994,154.376007,37.2054176],"allowPlayerStep":"1","annotation":"OBSTACLES","isRenderEnabled":false,"rotationMatrix":[0.999437392,0.0335401259,0,-0.0335401259,0.999437392,0,0,0,1],"shapeName":"/levels/industrial/art/shapes/misc/concrete_road_barrier_b.dae"}
{"class":"TSStatic","persistentId":"dae069b2-321f-4e98-836b-3fb30502d234","__parent":"StaticObjects","position":[80.1075974,-369.170013,32.3148003],"allowPlayerStep":"1","annotation":"BUILDINGS","isRenderEnabled":false,"shapeName":"/levels/industrial/art/shapes/buildings/ind_bld_tin_01_a.dae"}
{"class":"TSStatic","persistentId":"de223d9c-de72-4b85-b9db-046c423b33ff","__parent":"StaticObjects","position":[-127.805,-401.484009,34.8904991],"allowPlayerStep":"1","annotation":"BUILDINGS","isRenderEnabled":false,"rotationMatrix":[-0.693602681,0.720357835,0,-0.720357835,-0.693602681,0,0,0,1],"shapeName":"/levels/industrial/art/shapes/buildings/ind_bld_tin_01_a.dae"}
{"class":"TSStatic","persistentId":"e128b71f-4d6b-451f-8c36-6e77fbfd246e","__parent":"StaticObjects","position":[34.2005997,-389.252014,34.1506653],"allowPlayerStep":"1","annotation":"BUILDINGS","isRenderEnabled":false,"rotationMatrix":[-0.351629734,0.936139166,0,-0.936139166,-0.351629734,0,0,0,1],"shapeName":"/levels/industrial/art/shapes/buildings/ind_bld_07.dae"}
{"class":"TSStatic","persistentId":"e5327c27-0593-4596-9fe2-59f0f15c79ab","__parent":"StaticObjects","position":[-10.2354002,168.246994,37.3867455],"allowPlayerStep":"1","annotation":"BUILDINGS","isRenderEnabled":false,"shapeName":"/levels/industrial/art/shapes/buildings/ind_bld_tin_01_a.dae"}
{"class":"TSStatic","persistentId":"e763e715-5197-46ed-9213-1bd9f5681a85","__parent":"StaticObjects","position":[35.4245987,155.947998,37.2047157],"allowPlayerStep":"1","annotation":"OBSTACLES","isRenderEnabled":false,"rotationMatrix":[0.988017201,0.154343814,0,-0.154343814,0.988017201,0,0,0,1],"shapeName":"/levels/industrial/art/shapes/misc/concrete_road_barrier_a.dae"}
{"class":"TSStatic","persistentId":"e855e870-0824-4d11-8281-ce8a1369a74d","__parent":"StaticObjects","position":[152.057007,-269.845001,34.4025002],"allowPlayerStep":"1","annotation":"BUILDINGS","isRenderEnabled":false,"rotationMatrix":[0.676027417,-0.736876428,0,0.736876428,0.676027417,0,0,0,1],"shapeName":"/levels/industrial/art/shapes/buildings/ind_bld_02.dae"}
{"class":"TSStatic","persistentId":"f168f378-54c7-460c-83dc-4f75b1511e40","__parent":"StaticObjects","position":[-75.6097031,-399.967987,34.9794006],"allowPlayerStep":"1","annotation":"BUILDINGS","isRenderEnabled":false,"rotationMatrix":[0.971529722,-0.236917704,0,0.236917704,0.971529722,0,0,0,1],"shapeName":"/levels/industrial/art/shapes/buildings/ind_bld_tin_01_a.dae"}
{"class":"TSStatic","persistentId":"f415ae3a-60e9-47cb-b74a-3a94d0f9d6ff","__parent":"StaticObjects","position":[164.88974,-389.661499,34.0500984],"allowPlayerStep":"1","annotation":"BUILDINGS","isRenderEnabled":false,"rotationMatrix":[-0.664169073,0.747581959,0,-0.747581959,-0.664169073,0,0,0,1],"shapeName":"/levels/industrial/art/shapes/buildings/ind_bld_05.dae"}
{"class":"TSStatic","persistentId":"f7615303-8dc0-4ce6-809b-0068f74e72b4","__parent":"StaticObjects","position":[103.190002,-387.483002,34.0723],"allowPlayerStep":"1","annotation":"BUILDINGS","isRenderEnabled":false,"rotationMatrix":[0.360947967,-0.932585955,0,0.932585955,0.360947967,0,0,0,1],"shapeName":"/levels/industrial/art/shapes/buildings/ind_bld_tin_01_shed.dae"}
{"class":"TSStatic","persistentId":"f97e93fc-ca22-428f-aef7-62d75439469d","__parent":"StaticObjects","position":[20.1987,96.0028992,36.0572662],"allowPlayerStep":"1","annotation":"OBSTACLES","isRenderEnabled":false,"rotationMatrix":[0.095133543,-0.995464504,0,0.995464504,0.095133543,0,0,0,1],"shapeName":"/levels/industrial/art/shapes/misc/concrete_road_barrier_a.dae"}
{"class":"TSStatic","persistentId":"f9a70357-7968-4d2b-bb80-5f9af06ddf72","__parent":"StaticObjects","position":[-0.980298996,70.0182037,35.906868],"allowPlayerStep":"1","annotation":"OBSTACLES","isRenderEnabled":false,"rotationMatrix":[-0.667962432,0.744194984,0,-0.744194984,-0.667962432,0,0,0,1],"shapeName":"/levels/industrial/art/shapes/misc/concrete_road_barrier_b.dae"}
{"class":"TSStatic","persistentId":"fb735755-7c7a-4063-a3a2-b591a6c9ee78","__parent":"StaticObjects","position":[17.6462002,103.420998,36.0572662],"allowPlayerStep":"1","annotation":"OBSTACLES","isRenderEnabled":false,"rotationMatrix":[0.545076609,-0.838386238,0,0.838386238,0.545076609,0,0,0,1],"shapeName":"/levels/industrial/art/shapes/misc/concrete_road_barrier_a.dae"}
{"class":"TSStatic","persistentId":"fe742df0-2544-4840-af1f-942e63ca3a3a","__parent":"StaticObjects","position":[15.0440998,106.425003,36.0283661],"allowPlayerStep":"1","annotation":"OBSTACLES","isRenderEnabled":false,"rotationMatrix":[0.745474815,-0.666533828,0,0.666533828,0.745474815,0,0,0,1],"shapeName":"/levels/industrial/art/shapes/misc/concrete_road_barrier_b.dae"}
{"name":"ind_bld_warehouse_huge_77345","internalName":"ind_bld_warehouse_huge","class":"Prefab","persistentId":"12093cf0-717b-42f4-8e44-6fbcc5d3eea6","__parent":"StaticObjects","position":[-461.5,-245.590195,40.821846],"annotation":"BUILDINGS","filename":"/levels/industrial/art/prefabs/ind_bld_warehouse_huge.prefab.json"}
{"name":"ind_bld_warehouse_huge_77365","internalName":"ind_bld_warehouse_huge","class":"Prefab","persistentId":"418d7da8-9e39-484f-ae38-37ffcc1b268b","__parent":"StaticObjects","position":[-461.5,-208,40.821846],"annotation":"BUILDINGS","filename":"/levels/industrial/art/prefabs/ind_bld_warehouse_huge.prefab.json"}
{"name":"ind_bld_warehouse_huge_77385","internalName":"ind_bld_warehouse_huge","class":"Prefab","persistentId":"6649e431-eea9-477e-b2ea-76be527029c7","__parent":"StaticObjects","position":[-111.126091,-301.296417,37.9958839],"annotation":"BUILDINGS","filename":"/levels/industrial/art/prefabs/ind_bld_warehouse_huge.prefab.json"}
