{"name":"WaterBlock_1","class":"WaterBlock","persistentId":"36d7c3cf-c705-4e2e-83cd-2c4033b52b74","__parent":"Water","position":[654.647034,-817.562927,156.151932],"Foam":[{},{}],"Ripples (texture animation)":[{"rippleDir":[0,1],"rippleMagnitude":null,"rippleSpeed":-0.0250000004,"rippleTexScale":[7.13999987,7.13999987]},{"rippleDir":[0.707000017,0.707000017],"rippleMagnitude":null,"rippleSpeed":0.0250000004,"rippleTexScale":[12,16]},{"rippleDir":[0.5,0.860000014],"rippleMagnitude":0.5,"rippleSpeed":0.00999999978,"rippleTexScale":[50,50]}],"Waves (vertex undulation)":[{"waveDir":[0,1],"waveMagnitude":0.200000003,"waveSpeed":1},{"waveDir":[0.707000017,0.707000017],"waveMagnitude":0.200000003,"waveSpeed":1},{"waveDir":[0.5,0.860000014],"waveMagnitude":0.200000003,"waveSpeed":1}],"baseColor":[0,248,255,255],"cubemap":"cubemap_wca_reflection","depthGradientTex":"core/art/water/depthcolor_ramp","foamTex":"core/art/water/foam","fullReflect":false,"overallRippleMagnitude":1,"overallWaveMagnitude":0,"rippleTex":"core/art/water/ripple","rotationMatrix":[0.778953969,0.627081156,0,-0.627081156,0.778953969,0,0,0,1],"scale":[47.8796883,63.6210365,12],"waterFogDensity":1}
{"name":"Ocean1","class":"WaterPlane","persistentId":"ec58856a-37d3-4dba-8a8d-1b5c8be96dd9","__parent":"Water","position":[0,0,70.6999969],"Foam":[{"foamDir":[1,0.5],"foamOpacity":0.699999988,"foamSpeed":0.00200000009,"foamTexScale":[12,12]},{"foamDir":[0.5,1],"foamOpacity":1.5,"foamSpeed":0.0299999993,"foamTexScale":[1.5,1.5]}],"Ripples (texture animation)":[{"rippleDir":[-1,-1],"rippleMagnitude":0.200000003,"rippleSpeed":0.00250010006,"rippleTexScale":[200,200]},{"rippleDir":[1,-1],"rippleMagnitude":0.5,"rippleSpeed":0.0149999997,"rippleTexScale":[10,10]},{"rippleDir":[-1,1],"rippleMagnitude":0.449999988,"rippleSpeed":0.0500000007,"rippleTexScale":[2,2]}],"Waves (vertex undulation)":[{"waveDir":[0,-1],"waveMagnitude":0.800000012,"waveSpeed":2},{"waveDir":[0.300000012,-1.20000005],"waveMagnitude":0.5,"waveSpeed":-1.20000005},{"waveDir":[-0.300000012,-0.800000012],"waveMagnitude":0.699999988,"waveSpeed":2}],"baseColor":[253,254,254,255],"clarity":0,"cloneOrigin":"Ocean2","cubemap":"cubemap_wca_reflection","depthGradientMax":60,"depthGradientTex":"levels/small_island/art/water/depthcolor_ramp_SI.png","distortEndDist":5,"distortFullDepth":5.5,"foamAmbientLerp":1,"foamMaxDepth":0.699999988,"foamRippleInfluence":0.00499999989,"foamTex":"/levels/small_island/art/water/ocean_foam.dds","fresnelBias":0.100000001,"fresnelPower":2.5,"fullReflect":false,"gridElementSize":0.800000012,"gridSize":200,"overallFoamOpacity":1.5,"overallRippleMagnitude":1,"overallWaveMagnitude":0.0399999991,"reflectDetailAdjust":-1,"reflectivity":0.300000012,"rippleTex":"/levels/small_island/art/water/ripple4.dds","specularPower":200,"underwaterColor":[62,123,123,253],"viscosity":0.00100000005,"waterFogDensity":0.200000003,"waterFogDensityOffset":0.100000001,"wetDarkening":0.300000012,"wetDepth":0.5}
{"class":"River","persistentId":"82e4c0ee-c097-4ad8-9fc9-1db63352b7ad","__parent":"Water","position":[-1005.10852,-417.15744,93.3700027],"Foam":[{"foamDir":[0,1],"foamOpacity":1,"foamSpeed":1},{"foamDir":null,"foamOpacity":1,"foamSpeed":1}],"Ripples (texture animation)":[{"rippleDir":[0,-2.5],"rippleMagnitude":0.300000012,"rippleSpeed":-0.0500000007,"rippleTexScale":[7,14]},{"rippleDir":[0,-1],"rippleMagnitude":0.300000012,"rippleSpeed":-0.00999999978,"rippleTexScale":[25,40]},{"rippleDir":[0,-1],"rippleMagnitude":0.600000024,"rippleSpeed":-0.00400000019,"rippleTexScale":[30,50]}],"Waves (vertex undulation)":[{"waveDir":[0,1],"waveMagnitude":0.200000003,"waveSpeed":1},{"waveDir":[0.707000017,0.707000017],"waveMagnitude":0.200000003,"waveSpeed":1},{"waveDir":[0.5,0.860000014],"waveMagnitude":0.200000003,"waveSpeed":1}],"annotation":"WATER","baseColor":[254,138,1,255],"cubemap":"BNG_Sky_02_cubemap","depthGradientMax":10,"depthGradientTex":"core/art/water/depthcolor_ramp.png","flowMagnitudePhysics":2,"foamAmbientLerp":0.899999976,"foamRippleInfluence":1,"foamTex":"core/art/water/foam.dds","fresnelBias":1,"fresnelPower":1,"fullReflect":false,"nodes":[[-1005.10852,-417.729828,93.2680588,7.30018139,5,0,0,1],[-939.774902,-389.001038,93.2796707,10,5,0,0,1],[-910.520325,-372.978271,93.3228912,10,5,0,0,1],[-888.613647,-335.903992,93.3161621,10,5,0,0,1],[-867.221802,-298.05191,93.3209381,10,5,0,0,1],[-837.352295,-247.89563,93.3293457,10,5,0,0,1],[-819.517883,-218.362915,93.3338318,10,5,0,0,1],[-808.533813,-206.287186,93.3309326,10,5,0,0,1],[-793.301636,-200.885452,93.3137894,10,5,0,0,1],[-766.374634,-192.883591,93.266449,10,5,0,0,1],[-734.821106,-183.94165,93.2178726,10,5,0,0,1],[-689.077454,-170.827194,93.2026291,10,5,0,0,1],[-672.10675,-163.756302,93.1876678,10,5,0,0,1],[-653.805603,-146.671295,93.0805435,10,5,0,0,1],[-608.367554,-104.300049,92.7674255,10,5,0,0,1],[-579.047485,-76.5412064,92.5612259,10,5,0,0,1],[-532.943054,-32.7717857,92.2333755,10,5,0,0,1],[-474.017242,23.68437,91.8108292,10,5,0,0,1],[-433.055176,62.8595581,91.5263214,10,5,0,0,1],[-329.895447,161.220749,90.8316498,10,5,0,0,1],[-252.010376,236.203415,90.3485336,10,1.5,0,0,1],[-192.826508,292.537201,89.8917923,10,1.5,0,0,1],[-175.041931,313.258087,89.7217407,10,1.5,0,0,1],[-163.068039,346.754639,89.8318634,10,5,0,0,1],[-153.017319,377.231598,89.7126083,10,5,0,0,1]],"overallFoamOpacity":2,"overallRippleMagnitude":3,"overallWaveMagnitude":0.200000003,"reflectivity":0.600000024,"rippleTex":"core/art/water/ripple.dds","useOcclusionQuery":false,"waterFogDensity":1.5,"waterFogDensityOffset":0}
