{"name":"flagTrigger","class":"BeamNGTrigger","persistentId":"f42ccfa4-1731-46ee-9080-e457be41be6a","__parent":"flag4_group","position":[-714.006042,819.420776,96.7700043],"scale":[2,2,35],"triggerMode":"Overlaps","triggerTestType":"Bounding box"}
{"name":"flag4_group","class":"SimGroup","persistentId":"5e0ded6b-deb1-49ac-a9f5-69e313bc80d1","groupPosition":"0 0 0"}
{"name":"flag4TSStatic","class":"TSStatic","persistentId":"231abf68-85bb-4a49-96fd-be16e80932ec","__parent":"flag4_group","position":[-714.006042,819.420776,222.408325],"annotation":"OBSTACLES","collisionType":"None","decalType":"None","instanceColor":[0,0.0227570534,1,1],"instanceColor1":[0,0.0238099098,1,1],"isRenderEnabled":false,"rotationMatrix":[1,1.34110451e-07,-1.74845553e-07,1.34110394e-07,-1,-3.2584137e-07,-1.7484561e-07,3.25841341e-07,-1],"scale":[10,10,6],"shapeName":"/art/shapes/interface/single_faded_column.dae","useInstanceRenderData":true}
