{"name":"goalTrigger","class":"BeamNGTrigger","persistentId":"7c79e158-ef91-446d-adfe-7da0490789f3","__parent":"goal3_group","position":[-769.651978,768.942078,99.7106934],"scale":[6,6,35],"triggerMode":"Overlaps","triggerTestType":"Bounding box"}
{"name":"goal3_group","class":"SimGroup","persistentId":"b76f72e3-2b1f-4674-98cf-6c18a783c43e","groupPosition":"0 0 0"}
{"name":"goal3TSStatic","class":"TSStatic","persistentId":"74dc2f7c-a440-45a9-9151-ae7fd4c86f8e","__parent":"goal3_group","position":[-769.651978,768.942078,225.349228],"annotation":"OBSTACLES","collisionType":"None","decalType":"None","instanceColor":[0.0245484114,1,0,1],"instanceColor1":[0.999989986,0.999990225,1,1],"isRenderEnabled":false,"rotationMatrix":[1,1.34110451e-07,-1.74845553e-07,1.34110394e-07,-1,-3.2584137e-07,-1.7484561e-07,3.25841341e-07,-1],"scale":[30,30,7],"shapeName":"/art/shapes/interface/single_faded_column.dae","useInstanceRenderData":true}
