{"name":"flagTrigger","class":"BeamNGTrigger","persistentId":"47251fd3-c375-4cb2-96d4-7049353795ea","__parent":"flag14_group","position":[-350.318695,-120.435669,41.718],"scale":[2,2,35],"triggerMode":"Overlaps","triggerTestType":"Bounding box"}
{"name":"flag14_group","class":"SimGroup","persistentId":"23533df1-486a-451f-a723-baf2fb65d739","groupPosition":"-350.31869506836 -120.43566894531 30.739433288574"}
{"name":"flag14TSStatic","class":"TSStatic","persistentId":"9fb7c038-2117-4483-844c-674f198e87cc","__parent":"flag14_group","position":[-350.318695,-120.435669,30.7394333],"instanceColor":[0,0.0227570534,1,1],"instanceColor1":[0,0.0238099098,1,1],"isRenderEnabled":false,"scale":[10,10,6],"shapeName":"/art/shapes/interface/single_faded_column.dae","useInstanceRenderData":true}
