{"name":"flagTrigger","class":"BeamNGTrigger","persistentId":"47251fd3-c375-4cb2-96d4-7049353795ea","__parent":"flag5_group","position":[-397.689636,-133.251251,41.718],"scale":[2,2,35],"triggerMode":"Overlaps","triggerTestType":"Bounding box"}
{"name":"flag5_group","class":"SimGroup","persistentId":"92e6580a-8b45-4202-92b3-63f5edfd9111","groupPosition":"-397.68963623047 -133.2512512207 30.739433288574"}
{"name":"flag5TSStatic","class":"TSStatic","persistentId":"70ebcb38-7171-476c-8cf3-4bebbfe67e89","__parent":"flag5_group","position":[-397.689636,-133.251251,30.7394333],"instanceColor":[0,0.0227570534,1,1],"instanceColor1":[0,0.0238099098,1,1],"isRenderEnabled":false,"scale":[10,10,6],"shapeName":"/art/shapes/interface/single_faded_column.dae","useInstanceRenderData":true}
