{"name":"flagTrigger","class":"BeamNGTrigger","persistentId":"47251fd3-c375-4cb2-96d4-7049353795ea","__parent":"flag7_group","position":[-660.334839,-73.3262405,41.718],"scale":[2,2,35],"triggerMode":"Overlaps","triggerTestType":"Bounding box"}
{"name":"flag7_group","class":"SimGroup","persistentId":"33cefb37-1aa3-452f-89d3-7559360cc8f7","groupPosition":"-660.33483886719 -73.326240539551 30.739433288574"}
{"name":"flag7TSStatic","class":"TSStatic","persistentId":"b71dc22a-4387-40fd-91db-6a4f4dacf14c","__parent":"flag7_group","position":[-660.334839,-73.3262405,30.7394333],"instanceColor":[0,0.0227570534,1,1],"instanceColor1":[0,0.0238099098,1,1],"isRenderEnabled":false,"scale":[10,10,6],"shapeName":"/art/shapes/interface/single_faded_column.dae","useInstanceRenderData":true}
