{"name":"flagTrigger","class":"BeamNGTrigger","persistentId":"47251fd3-c375-4cb2-96d4-7049353795ea","__parent":"flag15_group","position":[-404.099792,-61.9654465,41.718],"scale":[2,2,35],"triggerMode":"Overlaps","triggerTestType":"Bounding box"}
{"name":"flag15_group","class":"SimGroup","persistentId":"1ccb12d2-a3e6-4463-b75a-0465284328f3","groupPosition":"-404.09979248047 -61.965446472168 30.739435195923"}
{"name":"flag15TSStatic","class":"TSStatic","persistentId":"e5fbd9a6-3ef1-4aab-8e28-51d1724ca66e","__parent":"flag15_group","position":[-404.099792,-61.9654465,30.7394352],"instanceColor":[0,0.0227570534,1,1],"instanceColor1":[0,0.0238099098,1,1],"isRenderEnabled":false,"scale":[10,10,6],"shapeName":"/art/shapes/interface/single_faded_column.dae","useInstanceRenderData":true}
