{"name":"flagTrigger","class":"BeamNGTrigger","persistentId":"47251fd3-c375-4cb2-96d4-7049353795ea","__parent":"flag6_group","position":[-331.20694,-73.5945892,41.718],"scale":[2,2,35],"triggerMode":"Overlaps","triggerTestType":"Bounding box"}
{"name":"flag6_group","class":"SimGroup","persistentId":"aced4cc0-d073-474e-8ae2-93137dcb3647","groupPosition":"-331.20693969727 -73.594589233398 30.739435195923"}
{"name":"flag6TSStatic","class":"TSStatic","persistentId":"00c042d9-43ea-4d5e-be6a-cb2c65a000ac","__parent":"flag6_group","position":[-331.20694,-73.5945892,30.7394352],"instanceColor":[0,0.0227570534,1,1],"instanceColor1":[0,0.0238099098,1,1],"isRenderEnabled":false,"scale":[10,10,6],"shapeName":"/art/shapes/interface/single_faded_column.dae","useInstanceRenderData":true}
