{"name":"goalTrigger","class":"BeamNGTrigger","persistentId":"aa701e69-c16c-4042-8e5a-89742299de47","__parent":"goal5_group","position":[-516.572754,-176.05864,36.3564186],"rotationMatrix":[0.99984771,-0.0174524058,0,0.0174524058,0.99984771,0,0,0,1],"scale":[6,6,35],"triggerMode":"Overlaps","triggerTestType":"Bounding box"}
{"name":"goal5_group","class":"SimGroup","persistentId":"2b57e2a1-bd8d-4ff7-9e2e-19231e19d9b4","groupPosition":"0 0 0"}
{"name":"goal5TSStatic","class":"TSStatic","persistentId":"6704a469-c916-4cdf-957a-291edc476233","__parent":"goal5_group","position":[-516.572754,-176.05864,6.58695602],"instanceColor":[0,1,0.00179100037,1],"isRenderEnabled":false,"rotationMatrix":[0.99984771,-0.0174524058,0,0.0174524058,0.99984771,0,0,0,1],"scale":[30,30,7],"shapeName":"/art/shapes/interface/single_faded_column.dae","useInstanceRenderData":true}
