{"name":"Frogs_Chorus_1","class":"SFXEmitter","persistentId":"ca3cd9b0-5c8a-492d-b2be-0589d7f56376","__parent":"Amb_3D","position":[135.477341,323.991241,34.3042679],"fadeInTime":0,"fadeOutTime":0,"isLooping":false,"maxDistance":20,"rotationMatrix":[1,0,0,0,5.96046448e-08,1,0,-1,5.96046448e-08],"scale":[20,20,20],"track":"event:>Ambient>Maps>Industrial Side>Animal Frog Chorus","useTrackDescriptionOnly":true}
{"name":"Frogs_Chorus_2","class":"SFXEmitter","persistentId":"5ca5fb0b-3eb6-4edf-8ebe-0fe3db526b9b","__parent":"Amb_3D","position":[411.577179,258.760162,34.1333008],"fadeInTime":0,"fadeOutTime":0,"isLooping":false,"maxDistance":20,"rotationMatrix":[1,0,0,0,5.96046448e-08,1,0,-1,5.96046448e-08],"scale":[20,20,20],"track":"event:>Ambient>Maps>Industrial Side>Animal Frog Chorus","useTrackDescriptionOnly":true}
{"name":"Frogs_Chorus_3","class":"SFXEmitter","persistentId":"33a2ff47-0a6a-49b1-8b03-43dc61d89277","__parent":"Amb_3D","position":[156.085876,255.976349,35.2507896],"fadeInTime":0,"fadeOutTime":0,"isLooping":false,"maxDistance":20,"rotationMatrix":[1,0,0,0,5.96046448e-08,1,0,-1,5.96046448e-08],"scale":[20,20,20],"track":"event:>Ambient>Maps>Industrial Side>Animal Frog Chorus","useTrackDescriptionOnly":true}
{"name":"Frogs_Chorus_4","class":"SFXEmitter","persistentId":"b899fb0c-2e47-427a-8f9d-4fb116bb5e76","__parent":"Amb_3D","position":[-71.4757919,295.51947,33.8644104],"fadeInTime":0,"fadeOutTime":0,"isLooping":false,"maxDistance":20,"rotationMatrix":[1,0,0,0,5.96046448e-08,1,0,-1,5.96046448e-08],"scale":[20,20,20],"track":"event:>Ambient>Maps>Industrial Side>Animal Frog Chorus","useTrackDescriptionOnly":true}
{"name":"Frogs_Single_1","class":"SFXEmitter","persistentId":"a7fd18f2-7123-408d-aac9-f58b8aa346cd","__parent":"Amb_3D","position":[147.498032,288.455658,36.9920235],"fadeInTime":0,"fadeOutTime":0,"isLooping":false,"maxDistance":20,"rotationMatrix":[1,0,0,0,5.96046448e-08,1,0,-1,5.96046448e-08],"scale":[20,20,20],"track":"event:>Ambient>3D Shared>Animal Frog Single","useTrackDescriptionOnly":true}
{"name":"Frogs_Single_2","class":"SFXEmitter","persistentId":"7404fb5f-952e-404c-b60f-ea8a742a629f","__parent":"Amb_3D","position":[205.226059,243.206253,37.6786919],"fadeInTime":0,"fadeOutTime":0,"isLooping":false,"maxDistance":20,"rotationMatrix":[1,0,0,0,5.96046448e-08,1,0,-1,5.96046448e-08],"scale":[20,20,20],"track":"event:>Ambient>3D Shared>Animal Frog Single","useTrackDescriptionOnly":true}
{"name":"Frogs_Single_3","class":"SFXEmitter","persistentId":"8c465f3f-371a-4d5a-898c-ebbd21e8c3f6","__parent":"Amb_3D","position":[433.34845,210.785614,38.3507195],"fadeInTime":0,"fadeOutTime":0,"isLooping":false,"maxDistance":20,"rotationMatrix":[1,0,0,0,5.96046448e-08,1,0,-1,5.96046448e-08],"scale":[20,20,20],"track":"event:>Ambient>3D Shared>Animal Frog Single","useTrackDescriptionOnly":true}
{"name":"Frogs_Single_4","class":"SFXEmitter","persistentId":"2c2ce6a9-0e4e-42cf-9802-1450a409e7f6","__parent":"Amb_3D","position":[368.651245,211.357346,37.8356094],"fadeInTime":0,"fadeOutTime":0,"isLooping":false,"maxDistance":20,"rotationMatrix":[1,0,0,0,5.96046448e-08,1,0,-1,5.96046448e-08],"scale":[20,20,20],"track":"event:>Ambient>3D Shared>Animal Frog Single","useTrackDescriptionOnly":true}
{"name":"Frogs_Single_5","class":"SFXEmitter","persistentId":"65aa5681-e7c0-4e26-a502-c3be7ab87b26","__parent":"Amb_3D","position":[297.021423,228.193405,37.3540192],"fadeInTime":0,"fadeOutTime":0,"isLooping":false,"maxDistance":20,"rotationMatrix":[1,0,0,0,5.96046448e-08,1,0,-1,5.96046448e-08],"scale":[20,20,20],"track":"event:>Ambient>3D Shared>Animal Frog Single","useTrackDescriptionOnly":true}
{"name":"Frogs_Single_6","class":"SFXEmitter","persistentId":"578c870e-6f43-465c-b0f7-a9f6782d3b72","__parent":"Amb_3D","position":[467.331299,426.695404,40.9720154],"fadeInTime":0,"fadeOutTime":0,"isLooping":false,"maxDistance":20,"rotationMatrix":[1,0,0,0,5.96046448e-08,1,0,-1,5.96046448e-08],"scale":[20,20,20],"track":"event:>Ambient>3D Shared>Animal Frog Single","useTrackDescriptionOnly":true}
{"name":"Frogs_Single_7","class":"SFXEmitter","persistentId":"489054b7-646c-416e-a77a-c478b7d89266","__parent":"Amb_3D","position":[454.870544,-365.581268,32.6973991],"fadeInTime":0,"fadeOutTime":0,"isLooping":false,"maxDistance":20,"rotationMatrix":[1,0,0,0,5.96046448e-08,1,0,-1,5.96046448e-08],"scale":[20,20,20],"track":"event:>Ambient>3D Shared>Animal Frog Single","useTrackDescriptionOnly":true}
{"name":"Insect_Cricket_Mono_1","class":"SFXEmitter","persistentId":"005a7264-49c5-4acc-ab40-8fa454674422","__parent":"Amb_3D","position":[50.0687828,-324.744659,34.0691833],"cloneOrigin":"Insect_Cricket_Mono_9","fadeInTime":0,"fadeOutTime":0,"isLooping":false,"maxDistance":60,"referenceDistance":5,"rotationMatrix":[1,0,0,0,5.96046448e-08,1,0,-1,5.96046448e-08],"scale":[60,60,60],"track":"event:>Ambient>3D Shared>Insect Forest Cricket Mono","useTrackDescriptionOnly":true}
{"name":"Insect_QP08_907_01","class":"SFXEmitter","persistentId":"345c64f6-4b56-4a17-9ef6-4982600607d9","__parent":"Amb_3D","position":[-274.830841,-102.567482,41.2342758],"cloneOrigin":"Insect_902_10","fadeInTime":0,"fadeOutTime":0,"isLooping":false,"maxDistance":20,"rotationMatrix":[1,0,0,0,5.96046448e-08,1,0,-1,5.96046448e-08],"scale":[20,20,20],"track":"event:>Ambient>3D Shared>Insect QP08 907","useTrackDescriptionOnly":true}
{"name":"River_1","class":"SFXEmitter","persistentId":"c54bb661-99fa-481f-a32c-0cc649597724","__parent":"Amb_3D","position":[453.988281,431.225525,34.1513367],"fadeInTime":0,"fadeOutTime":0,"isLooping":false,"maxDistance":80,"referenceDistance":12,"rotationMatrix":[1,0,0,0,0.999999762,-0.000690533896,0,0.000690533896,0.999999762],"scale":[80,80,80],"track":"event:>Ambient>Maps>Industrial Side>Water QP04 378","useTrackDescriptionOnly":true}
{"name":"River_10","class":"SFXEmitter","persistentId":"d63a7fb9-53ae-4eff-857b-8bd1780c898e","__parent":"Amb_3D","position":[424.329468,293.859924,32.5979767],"fadeInTime":0,"fadeOutTime":0,"isLooping":false,"maxDistance":80,"referenceDistance":12,"rotationMatrix":[1,0,0,0,0.999999762,-0.000690533896,0,0.000690533896,0.999999762],"scale":[80,80,80],"track":"event:>Ambient>Maps>Industrial Side>Water QP04 378","useTrackDescriptionOnly":true}
{"name":"River_11","class":"SFXEmitter","persistentId":"f9b4a51b-2672-4127-a8bb-e844eeeec243","__parent":"Amb_3D","position":[442.878326,278.523193,32.4474411],"fadeInTime":0,"fadeOutTime":0,"isLooping":false,"maxDistance":80,"referenceDistance":12,"rotationMatrix":[1,0,0,0,0.999999762,-0.000690533896,0,0.000690533896,0.999999762],"scale":[80,80,80],"track":"event:>Ambient>Maps>Industrial Side>Water QP04 378","useTrackDescriptionOnly":true}
{"name":"River_12","class":"SFXEmitter","persistentId":"694d25c1-3293-4939-b894-9ae3c45ff2db","__parent":"Amb_3D","position":[447.720612,254.683411,32.2434235],"fadeInTime":0,"fadeOutTime":0,"isLooping":false,"maxDistance":80,"referenceDistance":12,"rotationMatrix":[1,0,0,0,0.999999762,-0.000690533896,0,0.000690533896,0.999999762],"scale":[80,80,80],"track":"event:>Ambient>Maps>Industrial Side>Water QP04 378","useTrackDescriptionOnly":true}
{"name":"River_13","class":"SFXEmitter","persistentId":"117b7965-1e0a-44a4-9ea6-9313fc31c48f","__parent":"Amb_3D","position":[448.106171,230.229431,32.509861],"fadeInTime":0,"fadeOutTime":0,"isLooping":false,"maxDistance":80,"referenceDistance":12,"rotationMatrix":[1,0,0,0,0.999999762,-0.000690533896,0,0.000690533896,0.999999762],"scale":[80,80,80],"track":"event:>Ambient>Maps>Industrial Side>Water QP04 378","useTrackDescriptionOnly":true}
{"name":"River_14","class":"SFXEmitter","persistentId":"6892fd83-c8bc-4a9f-8f5b-c353936f0de4","__parent":"Amb_3D","position":[447.812408,205.93161,32.0334435],"fadeInTime":0,"fadeOutTime":0,"isLooping":false,"maxDistance":80,"referenceDistance":12,"rotationMatrix":[1,0,0,0,0.999999762,-0.000690533896,0,0.000690533896,0.999999762],"scale":[80,80,80],"track":"event:>Ambient>Maps>Industrial Side>Water QP04 378","useTrackDescriptionOnly":true}
{"name":"River_15","class":"SFXEmitter","persistentId":"d5c328e3-f983-4ddc-aace-f17d7ec5f3b5","__parent":"Amb_3D","position":[448.815552,181.848938,32.7368889],"fadeInTime":0,"fadeOutTime":0,"isLooping":false,"maxDistance":80,"referenceDistance":12,"rotationMatrix":[1,0,0,0,0.999999762,-0.000690533896,0,0.000690533896,0.999999762],"scale":[80,80,80],"track":"event:>Ambient>Maps>Industrial Side>Water QP04 378","useTrackDescriptionOnly":true}
{"name":"River_16","class":"SFXEmitter","persistentId":"127633e8-ba6b-470f-96bd-bea2d5597605","__parent":"Amb_3D","position":[448.039673,158.019836,32.0592346],"fadeInTime":0,"fadeOutTime":0,"isLooping":false,"maxDistance":80,"referenceDistance":12,"rotationMatrix":[1,0,0,0,0.999999762,-0.000690533896,0,0.000690533896,0.999999762],"scale":[80,80,80],"track":"event:>Ambient>Maps>Industrial Side>Water QP04 378","useTrackDescriptionOnly":true}
{"name":"River_17","class":"SFXEmitter","persistentId":"27b25847-1d8f-495a-bde0-cbe0de782f0a","__parent":"Amb_3D","position":[447.880981,133.738785,32.2639008],"fadeInTime":0,"fadeOutTime":0,"isLooping":false,"maxDistance":80,"referenceDistance":12,"rotationMatrix":[1,0,0,0,0.999999762,-0.000690533896,0,0.000690533896,0.999999762],"scale":[80,80,80],"track":"event:>Ambient>Maps>Industrial Side>Water QP04 378","useTrackDescriptionOnly":true}
{"name":"River_18","class":"SFXEmitter","persistentId":"936b3de5-35ad-4a0d-9d65-6f8c82dcaa5b","__parent":"Amb_3D","position":[447.460754,109.284866,32.0126152],"fadeInTime":0,"fadeOutTime":0,"isLooping":false,"maxDistance":80,"referenceDistance":12,"rotationMatrix":[1,0,0,0,0.999999762,-0.000690533896,0,0.000690533896,0.999999762],"scale":[80,80,80],"track":"event:>Ambient>Maps>Industrial Side>Water QP04 378","useTrackDescriptionOnly":true}
{"name":"River_19","class":"SFXEmitter","persistentId":"074a6094-b100-45e3-89c9-3feb5727da35","__parent":"Amb_3D","position":[449.72464,84.9258575,32.0616035],"fadeInTime":0,"fadeOutTime":0,"isLooping":false,"maxDistance":80,"referenceDistance":12,"rotationMatrix":[1,0,0,0,0.999999762,-0.000690533896,0,0.000690533896,0.999999762],"scale":[80,80,80],"track":"event:>Ambient>Maps>Industrial Side>Water QP04 378","useTrackDescriptionOnly":true}
{"name":"River_2","class":"SFXEmitter","persistentId":"3e70f381-389d-4fab-91e3-e0af7fa7d08b","__parent":"Amb_3D","position":[429.858521,428.190613,33.9037056],"fadeInTime":0,"fadeOutTime":0,"isLooping":false,"maxDistance":80,"referenceDistance":12,"rotationMatrix":[1,0,0,0,0.999999762,-0.000690533896,0,0.000690533896,0.999999762],"scale":[80,80,80],"track":"event:>Ambient>Maps>Industrial Side>Water QP04 378","useTrackDescriptionOnly":true}
{"name":"River_20","class":"SFXEmitter","persistentId":"d138bcb8-3ba3-49cc-b0ee-2a16dbc4e17a","__parent":"Amb_3D","position":[451.073517,60.7189255,32.1185684],"fadeInTime":0,"fadeOutTime":0,"isLooping":false,"maxDistance":80,"referenceDistance":12,"rotationMatrix":[1,0,0,0,0.999999762,-0.000690533896,0,0.000690533896,0.999999762],"scale":[80,80,80],"track":"event:>Ambient>Maps>Industrial Side>Water QP04 378","useTrackDescriptionOnly":true}
{"name":"River_21","class":"SFXEmitter","persistentId":"e7a02232-489b-45ac-bfaa-08cd7c11dcf0","__parent":"Amb_3D","position":[450.79071,36.1142807,32.0045662],"fadeInTime":0,"fadeOutTime":0,"isLooping":false,"maxDistance":80,"referenceDistance":12,"rotationMatrix":[1,0,0,0,0.999999762,-0.000690533896,0,0.000690533896,0.999999762],"scale":[80,80,80],"track":"event:>Ambient>Maps>Industrial Side>Water QP04 378","useTrackDescriptionOnly":true}
{"name":"River_22","class":"SFXEmitter","persistentId":"4d163e7b-ea06-4ab7-85b3-417bf0be3111","__parent":"Amb_3D","position":[450.264648,11.6701927,32.0749893],"fadeInTime":0,"fadeOutTime":0,"isLooping":false,"maxDistance":80,"referenceDistance":12,"rotationMatrix":[1,0,0,0,0.999999762,-0.000690533896,0,0.000690533896,0.999999762],"scale":[80,80,80],"track":"event:>Ambient>Maps>Industrial Side>Water QP04 378","useTrackDescriptionOnly":true}
{"name":"River_23","class":"SFXEmitter","persistentId":"eecb02a1-ade0-47c8-a3ed-a1836bf44ecd","__parent":"Amb_3D","position":[449.839661,-12.4296389,32.0657654],"fadeInTime":0,"fadeOutTime":0,"isLooping":false,"maxDistance":80,"referenceDistance":12,"rotationMatrix":[1,0,0,0,0.999999762,-0.000690533896,0,0.000690533896,0.999999762],"scale":[80,80,80],"track":"event:>Ambient>Maps>Industrial Side>Water QP04 378","useTrackDescriptionOnly":true}
{"name":"River_24","class":"SFXEmitter","persistentId":"36ba2a60-23ad-4122-8e8e-8c29a90430d7","__parent":"Amb_3D","position":[451.422516,-36.8999634,32.0245323],"fadeInTime":0,"fadeOutTime":0,"isLooping":false,"maxDistance":80,"referenceDistance":12,"rotationMatrix":[1,0,0,0,0.999999762,-0.000690533896,0,0.000690533896,0.999999762],"scale":[80,80,80],"track":"event:>Ambient>Maps>Industrial Side>Water QP04 378","useTrackDescriptionOnly":true}
{"name":"River_25","class":"SFXEmitter","persistentId":"be3a1c30-09ec-459f-958d-e38c3477b218","__parent":"Amb_3D","position":[452.035309,-61.2437935,32.1073532],"fadeInTime":0,"fadeOutTime":0,"isLooping":false,"maxDistance":80,"referenceDistance":12,"rotationMatrix":[1,0,0,0,0.999999762,-0.000690533896,0,0.000690533896,0.999999762],"scale":[80,80,80],"track":"event:>Ambient>Maps>Industrial Side>Water QP04 378","useTrackDescriptionOnly":true}
{"name":"River_26","class":"SFXEmitter","persistentId":"8ad5796b-7c1e-412d-aa92-b70c09a84d37","__parent":"Amb_3D","position":[451.432831,-85.381134,32.1677704],"fadeInTime":0,"fadeOutTime":0,"isLooping":false,"maxDistance":80,"referenceDistance":12,"rotationMatrix":[1,0,0,0,0.999999762,-0.000690533896,0,0.000690533896,0.999999762],"scale":[80,80,80],"track":"event:>Ambient>Maps>Industrial Side>Water QP04 378","useTrackDescriptionOnly":true}
{"name":"River_27","class":"SFXEmitter","persistentId":"9deab407-f4a9-4789-bbbc-b02de546a1fb","__parent":"Amb_3D","position":[452.133636,-110.721977,32.1175842],"fadeInTime":0,"fadeOutTime":0,"isLooping":false,"maxDistance":80,"referenceDistance":12,"rotationMatrix":[1,0,0,0,0.999999762,-0.000690533896,0,0.000690533896,0.999999762],"scale":[80,80,80],"track":"event:>Ambient>Maps>Industrial Side>Water QP04 378","useTrackDescriptionOnly":true}
{"name":"River_28","class":"SFXEmitter","persistentId":"5714e12e-a197-47cc-b561-01020e43efdf","__parent":"Amb_3D","position":[452.001404,-135.347137,32.3089333],"fadeInTime":0,"fadeOutTime":0,"isLooping":false,"maxDistance":80,"referenceDistance":12,"rotationMatrix":[1,0,0,0,0.999999762,-0.000690533896,0,0.000690533896,0.999999762],"scale":[80,80,80],"track":"event:>Ambient>Maps>Industrial Side>Water QP04 378","useTrackDescriptionOnly":true}
{"name":"River_29","class":"SFXEmitter","persistentId":"12c444d9-9ff9-4285-b2be-9a5f38f25312","__parent":"Amb_3D","position":[451.263397,-159.910141,31.8905754],"fadeInTime":0,"fadeOutTime":0,"isLooping":false,"maxDistance":80,"referenceDistance":12,"rotationMatrix":[1,0,0,0,0.999999762,-0.000690533896,0,0.000690533896,0.999999762],"scale":[80,80,80],"track":"event:>Ambient>Maps>Industrial Side>Water QP04 378","useTrackDescriptionOnly":true}
{"name":"River_3","class":"SFXEmitter","persistentId":"72988b3f-fd1f-451d-8cd3-b2c61995eee8","__parent":"Amb_3D","position":[405.584564,424.438782,33.949646],"fadeInTime":0,"fadeOutTime":0,"isLooping":false,"maxDistance":80,"referenceDistance":12,"rotationMatrix":[1,0,0,0,0.999999762,-0.000690533896,0,0.000690533896,0.999999762],"scale":[80,80,80],"track":"event:>Ambient>Maps>Industrial Side>Water QP04 378","useTrackDescriptionOnly":true}
{"name":"River_30","class":"SFXEmitter","persistentId":"f21e85b8-ee01-4186-99b8-13a281730022","__parent":"Amb_3D","position":[452.071289,-183.205215,31.9788895],"fadeInTime":0,"fadeOutTime":0,"isLooping":false,"maxDistance":80,"referenceDistance":12,"rotationMatrix":[1,0,0,0,0.999999762,-0.000690533896,0,0.000690533896,0.999999762],"scale":[80,80,80],"track":"event:>Ambient>Maps>Industrial Side>Water QP04 378","useTrackDescriptionOnly":true}
{"name":"River_31","class":"SFXEmitter","persistentId":"58d637b9-78d1-464f-a74f-c1783e556aef","__parent":"Amb_3D","position":[452.057617,-207.566864,32.1932144],"fadeInTime":0,"fadeOutTime":0,"isLooping":false,"maxDistance":80,"referenceDistance":12,"rotationMatrix":[1,0,0,0,0.999999762,-0.000690533896,0,0.000690533896,0.999999762],"scale":[80,80,80],"track":"event:>Ambient>Maps>Industrial Side>Water QP04 378","useTrackDescriptionOnly":true}
{"name":"River_32","class":"SFXEmitter","persistentId":"bcd25b86-c09a-42cd-b086-c5e0cab6ab50","__parent":"Amb_3D","position":[451.83606,-231.677048,32.0057411],"fadeInTime":0,"fadeOutTime":0,"isLooping":false,"maxDistance":80,"referenceDistance":12,"rotationMatrix":[1,0,0,0,0.999999762,-0.000690533896,0,0.000690533896,0.999999762],"scale":[80,80,80],"track":"event:>Ambient>Maps>Industrial Side>Water QP04 378","useTrackDescriptionOnly":true}
{"name":"River_33","class":"SFXEmitter","persistentId":"eaff649f-ffd2-49b7-b294-b47cc65bb509","__parent":"Amb_3D","position":[451.019531,-255.856903,31.9803276],"fadeInTime":0,"fadeOutTime":0,"isLooping":false,"maxDistance":80,"referenceDistance":12,"rotationMatrix":[1,0,0,0,0.999999762,-0.000690533896,0,0.000690533896,0.999999762],"scale":[80,80,80],"track":"event:>Ambient>Maps>Industrial Side>Water QP04 378","useTrackDescriptionOnly":true}
{"name":"River_34","class":"SFXEmitter","persistentId":"437dfb89-c90e-4b51-a668-e1122ca23a12","__parent":"Amb_3D","position":[450.43219,-280.539551,32.1696815],"fadeInTime":0,"fadeOutTime":0,"isLooping":false,"maxDistance":80,"referenceDistance":12,"rotationMatrix":[1,0,0,0,0.999999762,-0.000690533896,0,0.000690533896,0.999999762],"scale":[80,80,80],"track":"event:>Ambient>Maps>Industrial Side>Water QP04 378","useTrackDescriptionOnly":true}
{"name":"River_35","class":"SFXEmitter","persistentId":"d577368f-0f17-49ec-b55c-225a11f712d8","__parent":"Amb_3D","position":[448.950531,-305.436554,32.0435448],"fadeInTime":0,"fadeOutTime":0,"isLooping":false,"maxDistance":80,"referenceDistance":12,"rotationMatrix":[1,0,0,0,0.999999762,-0.000690533896,0,0.000690533896,0.999999762],"scale":[80,80,80],"track":"event:>Ambient>Maps>Industrial Side>Water QP04 378","useTrackDescriptionOnly":true}
{"name":"River_36","class":"SFXEmitter","persistentId":"152b66fb-8ee8-4058-a547-0d6a159b5cf6","__parent":"Amb_3D","position":[447.500946,-330.089325,32.3412056],"fadeInTime":0,"fadeOutTime":0,"isLooping":false,"maxDistance":80,"referenceDistance":12,"rotationMatrix":[1,0,0,0,0.999999762,-0.000690533896,0,0.000690533896,0.999999762],"scale":[80,80,80],"track":"event:>Ambient>Maps>Industrial Side>Water QP04 378","useTrackDescriptionOnly":true}
{"name":"River_4","class":"SFXEmitter","persistentId":"8a3aa741-380b-4fc8-afc0-c355c6233b8e","__parent":"Amb_3D","position":[385.32135,411.708771,33.9571991],"fadeInTime":0,"fadeOutTime":0,"isLooping":false,"maxDistance":80,"referenceDistance":12,"rotationMatrix":[1,0,0,0,0.999999762,-0.000690533896,0,0.000690533896,0.999999762],"scale":[80,80,80],"track":"event:>Ambient>Maps>Industrial Side>Water QP04 378","useTrackDescriptionOnly":true}
{"name":"River_5","class":"SFXEmitter","persistentId":"f1e5446e-b8d7-4664-9010-dad18281ee37","__parent":"Amb_3D","position":[378.678375,388.79483,33.7104797],"fadeInTime":0,"fadeOutTime":0,"isLooping":false,"maxDistance":80,"referenceDistance":12,"rotationMatrix":[1,0,0,0,0.999999762,-0.000690533896,0,0.000690533896,0.999999762],"scale":[80,80,80],"track":"event:>Ambient>Maps>Industrial Side>Water QP04 378","useTrackDescriptionOnly":true}
{"name":"River_6","class":"SFXEmitter","persistentId":"7388bc55-2584-4e71-b216-c6dd1c3d13c6","__parent":"Amb_3D","position":[375.785004,364.451996,33.9226608],"fadeInTime":0,"fadeOutTime":0,"isLooping":false,"maxDistance":80,"referenceDistance":12,"rotationMatrix":[1,0,0,0,0.999999762,-0.000690533896,0,0.000690533896,0.999999762],"scale":[80,80,80],"track":"event:>Ambient>Maps>Industrial Side>Water QP04 378","useTrackDescriptionOnly":true}
{"name":"River_7","class":"SFXEmitter","persistentId":"abca3c97-6659-47cb-b283-6cefa83cdd7f","__parent":"Amb_3D","position":[375.639496,338.89325,32.5579834],"fadeInTime":0,"fadeOutTime":0,"isLooping":false,"maxDistance":80,"referenceDistance":12,"rotationMatrix":[1,0,0,0,0.999999762,-0.000690533896,0,0.000690533896,0.999999762],"scale":[80,80,80],"track":"event:>Ambient>Maps>Industrial Side>Water QP04 378","useTrackDescriptionOnly":true}
{"name":"River_8","class":"SFXEmitter","persistentId":"80d4bcd0-ad8f-49f8-b41c-5f199b8cead9","__parent":"Amb_3D","position":[380.965698,315.058746,31.468605],"fadeInTime":0,"fadeOutTime":0,"isLooping":false,"maxDistance":80,"referenceDistance":12,"rotationMatrix":[1,0,0,0,0.999999762,-0.000690533896,0,0.000690533896,0.999999762],"scale":[80,80,80],"track":"event:>Ambient>Maps>Industrial Side>Water QP04 378","useTrackDescriptionOnly":true}
{"name":"River_9","class":"SFXEmitter","persistentId":"a3ca4f26-de62-492f-90ec-c67b4347636e","__parent":"Amb_3D","position":[402.020203,303.6427,33.0002441],"fadeInTime":0,"fadeOutTime":0,"isLooping":false,"maxDistance":80,"referenceDistance":12,"rotationMatrix":[1,0,0,0,0.999999762,-0.000690533896,0,0.000690533896,0.999999762],"scale":[80,80,80],"track":"event:>Ambient>Maps>Industrial Side>Water QP04 378","useTrackDescriptionOnly":true}
