{"class":"TSStatic","persistentId":"005d9b69-5cff-457a-99c4-64c93c42ef4d","__parent":"mine_conveyor","position":[-258.884583,-374.705627,30.7818108],"decalType":"None","isRenderEnabled":false,"rotationMatrix":[0.965510011,-0.260364413,0,0.260364413,0.965510011,0,0,0,1],"shapeName":"/levels/industrial/art/shapes/buildings/mine_conveyor/conveyor_support.dae"}
{"class":"TSStatic","persistentId":"00ba84dd-aa6e-41a1-bb5a-7162e154f8f5","__parent":"mine_conveyor","position":[-168.103973,-454.768707,37.4532051],"decalType":"None","isRenderEnabled":false,"rotationMatrix":[0.426919371,0.904289722,0,-0.904289484,0.42691949,0,0,0,1],"shapeName":"/levels/industrial/art/shapes/buildings/mine_conveyor/concrete_cylinder_block.dae"}
{"class":"TSStatic","persistentId":"03846a0f-e917-4041-9033-154b55b57ac6","__parent":"mine_conveyor","position":[-73.5982132,-416.462616,31.2024345],"isRenderEnabled":false,"rotationMatrix":[-0.739298046,-0.673375964,0,0.673375964,-0.739298046,0,0,0,1],"shapeName":"/levels/industrial/art/shapes/buildings/mine_conveyor/conveyor_support.dae"}
{"class":"TSStatic","persistentId":"044e9431-b05b-4781-b229-af0ffe7ec5c2","__parent":"mine_conveyor","position":[-167.391617,-453.901123,36.6057968],"decalType":"None","isRenderEnabled":false,"rotationMatrix":[0.62474066,0.780833483,0,-0.780833483,0.62474066,0,0,0,1],"shapeName":"/levels/industrial/art/shapes/buildings/mine_conveyor/conveyor_support.dae"}
{"class":"TSStatic","persistentId":"06a1dc3c-6c52-4660-8f10-35e5f3a6c094","__parent":"mine_conveyor","position":[-228.614075,-361.582031,32.8085251],"decalType":"None","isRenderEnabled":false,"rotationMatrix":[0.377824455,0.925877333,0,-0.925877333,0.377824455,0,0,0,1],"shapeName":"/levels/industrial/art/shapes/buildings/mine_conveyor/conveyor_support.dae"}
{"class":"TSStatic","persistentId":"06cdf241-4e6e-47c1-8569-45114b164ff4","__parent":"mine_conveyor","position":[-204.212189,-346.131836,30.1722641],"decalType":"None","isRenderEnabled":false,"rotationMatrix":[-0.398154587,0.917318881,0,-0.917318881,-0.398154587,0,0,0,1],"shapeName":"/levels/industrial/art/shapes/buildings/mine_conveyor/conveyor_support.dae"}
{"class":"TSStatic","persistentId":"07b70226-f9ce-4094-9dc9-053dc4280d41","__parent":"mine_conveyor","position":[-186.495895,-419.575073,37.692421],"decalType":"None","isRenderEnabled":false,"rotationMatrix":[0.825572252,-0.564296544,0,0.564296484,0.825572193,0,0,0,1],"shapeName":"/levels/industrial/art/shapes/buildings/mine_conveyor/concrete_cylinder_block.dae"}
{"class":"TSStatic","persistentId":"07f19c27-98a2-4b3c-9111-15854de0280d","__parent":"mine_conveyor","position":[-255.200897,-356.156281,34.8731003],"decalType":"None","isRenderEnabled":false,"rotationMatrix":[0.965510011,-0.260364413,0,0.260364413,0.965510011,0,0,0,1],"shapeName":"/levels/industrial/art/shapes/buildings/mine_conveyor/conveyor_support.dae"}
{"class":"TSStatic","persistentId":"0814c788-3052-4c04-9b91-46d3a6c6ea23","__parent":"mine_conveyor","position":[-195.098587,-429.754242,33.7729988],"decalType":"None","isRenderEnabled":false,"rotationMatrix":[0.62474066,0.780833483,0,-0.780833483,0.62474066,0,0,0,1],"shapeName":"/levels/industrial/art/shapes/buildings/mine_conveyor/conveyor_support.dae"}
{"class":"TSStatic","persistentId":"08f049d4-0f8f-434b-9b11-4c03cf00c714","__parent":"mine_conveyor","position":[-72.8390884,-415.832611,33.8082733],"decalType":"None","isRenderEnabled":false,"rotationMatrix":[-0.999963641,-0.00853460375,0,0.00853460375,-0.999963641,0,0,0,1],"shapeName":"/levels/industrial/art/shapes/buildings/mine_conveyor/concrete_cylinder_block.dae"}
{"class":"TSStatic","persistentId":"0e0e1e10-e0fd-4938-8c67-3b00eeb180d1","__parent":"mine_conveyor","position":[-252.835052,-352.611328,38.8939056],"decalType":"None","isRenderEnabled":false,"rotationMatrix":[-0.336852074,0.941556215,0,-0.941556215,-0.336852074,0,0,0,1],"shapeName":"/levels/industrial/art/shapes/buildings/mine_conveyor/concrete_cylinder_block.dae"}
{"class":"TSStatic","persistentId":"0eda77dd-e19e-4c26-b9f1-f7dffa0e103b","__parent":"mine_conveyor","position":[-105.105865,-441.577972,34.9850502],"decalType":"None","isRenderEnabled":false,"rotationMatrix":[-0.999963641,-0.00853460375,0,0.00853460375,-0.999963641,0,0,0,1],"shapeName":"/levels/industrial/art/shapes/buildings/mine_conveyor/concrete_cylinder_block.dae"}
{"class":"TSStatic","persistentId":"0fb73575-d81d-4e06-bc60-713eeca4d6d5","__parent":"mine_conveyor","position":[-162.635971,-398.647064,37.3550568],"decalType":"None","isRenderEnabled":false,"rotationMatrix":[0.973426521,-0.229001507,0,0.229001388,0.973426402,0,0,0,1],"shapeName":"/levels/industrial/art/shapes/buildings/mine_conveyor/concrete_cylinder_block.dae"}
{"class":"TSStatic","persistentId":"0fe8b3c2-3b9e-41cf-8280-d2bfe50e340b","__parent":"mine_conveyor","position":[-153.854462,-401.464203,38.1395149],"annotation":"OBSTACLES","isRenderEnabled":false,"rotationMatrix":[-0.794059813,0.607839704,0,-0.607839644,-0.794059753,0,0,0,1],"shapeName":"/levels/industrial/art/shapes/buildings/ind_mesh_fence_4m.dae"}
{"class":"TSStatic","persistentId":"129004cb-2151-4222-9954-a04d3943661d","__parent":"mine_conveyor","position":[-47.7240677,-442.201416,31.2069359],"isRenderEnabled":false,"rotationMatrix":[0.185854509,0.982577085,0,-0.982577085,0.185854509,0,0,0,1],"shapeName":"/levels/industrial/art/shapes/buildings/mine_conveyor/conveyor_support.dae"}
{"class":"TSStatic","persistentId":"137bc8e4-94e7-46ca-93bc-19c4d43a56cb","__parent":"mine_conveyor","position":[-186.666977,-435.61615,35.2285538],"decalType":"None","isRenderEnabled":false,"rotationMatrix":[-0.208256945,-0.978074133,0,0.978074133,-0.208256945,0,0,0,1],"shapeName":"/levels/industrial/art/shapes/buildings/mine_conveyor/concrete_cylinder_block.dae"}
{"class":"TSStatic","persistentId":"191ab19e-ef4e-4e76-bc63-8f125398188a","__parent":"mine_conveyor","position":[-69.0866623,-438.83728,33.7652893],"decalType":"None","isRenderEnabled":false,"rotationMatrix":[-0.39379704,0.919196904,0,-0.919196904,-0.39379704,0,0,0,1],"shapeName":"/levels/industrial/art/shapes/buildings/mine_conveyor/concrete_cylinder_block.dae"}
{"class":"TSStatic","persistentId":"1b496025-e2ce-4794-a6f6-762043b45e0c","__parent":"mine_conveyor","position":[-103.224503,-440.989532,31.2130547],"isRenderEnabled":false,"rotationMatrix":[0.643618882,-0.765345573,0,0.765345573,0.643618882,0,0,0,1],"shapeName":"/levels/industrial/art/shapes/buildings/mine_conveyor/conveyor_support.dae"}
{"class":"TSStatic","persistentId":"1bc1b0ae-bb5e-47f4-b702-b2945c2570d5","__parent":"mine_conveyor","position":[-178.574387,-389.699799,38.0674515],"annotation":"OBSTACLES","isRenderEnabled":false,"rotationMatrix":[-0.998970926,0.0453544557,0,-0.0453544557,-0.998970926,0,0,0,1],"shapeName":"/levels/industrial/art/shapes/buildings/ind_mesh_fence_4m.dae"}
{"class":"TSStatic","persistentId":"1c62086e-b40b-4f15-b8a2-2d5d4960c40b","__parent":"mine_conveyor","position":[-178.495819,-335.110504,32.9379616],"decalType":"None","isRenderEnabled":false,"rotationMatrix":[-0.398154587,0.917318881,0,-0.917318881,-0.398154587,0,0,0,1],"shapeName":"/levels/industrial/art/shapes/buildings/mine_conveyor/conveyor_support.dae"}
{"class":"TSStatic","persistentId":"209cdfc5-8568-4c78-868a-b11fd1a4abec","__parent":"mine_conveyor","position":[-204.678925,-345.182251,31.9240646],"decalType":"None","isRenderEnabled":false,"rotationMatrix":[0.99574405,-0.0921467245,0,0.0921467245,0.99574405,0,0,0,1],"shapeName":"/levels/industrial/art/shapes/buildings/mine_conveyor/concrete_cylinder_block.dae"}
{"class":"TSStatic","persistentId":"21579058-23a9-468c-a699-3a0bad7ba621","__parent":"mine_conveyor","position":[-169.078064,-394.564606,37.8621407],"annotation":"OBSTACLES","decalType":"None","isRenderEnabled":false,"rotationMatrix":[0.984399915,-0.17594789,0,0.17594789,0.984399915,0,0,0,1],"shapeName":"/levels/industrial/art/shapes/buildings/industrial_clutters/ind_clutter_mix.DAE"}
{"class":"TSStatic","persistentId":"239cfedf-2a38-4278-8c40-6c50e9bb0c53","__parent":"mine_conveyor","position":[-172.067062,-401.201721,38.0989532],"isRenderEnabled":false,"rotationMatrix":[0.836619437,0.547787368,0,-0.547787368,0.836619437,0,0,0,1],"shapeName":"/levels/industrial/art/shapes/buildings/waste_transfer_control_cabin.dae"}
{"class":"TSStatic","persistentId":"28399564-5297-4fe5-a63f-2376fa41c87d","__parent":"mine_conveyor","position":[-105.073929,-440.620178,32.3706665],"isRenderEnabled":false,"rotationMatrix":[-0.00115823641,0.999998987,-1.00044417e-11,-0.999998748,-0.00115820393,-0.000690534303,-0.000690533081,-7.99780082e-07,0.999999762],"shapeName":"/levels/industrial/art/shapes/buildings/mine_conveyor/conveyor_support.dae"}
{"class":"TSStatic","persistentId":"2b052d93-391d-4ae4-90c2-cf6fc314c5fa","__parent":"mine_conveyor","position":[-65.5770416,-436.446686,34.6446228],"decalType":"None","isRenderEnabled":false,"rotationMatrix":[-0.999963641,-0.00853460375,0,0.00853460375,-0.999963641,0,0,0,1],"shapeName":"/levels/industrial/art/shapes/buildings/mine_conveyor/concrete_cylinder_block.dae"}
{"class":"TSStatic","persistentId":"2b1f4019-8fc3-4c62-8976-291d2abb82e5","__parent":"mine_conveyor","position":[-166.667587,-453.003143,37.2691727],"decalType":"None","isRenderEnabled":false,"rotationMatrix":[-0.208256945,-0.978074133,0,0.978074133,-0.208256945,0,0,0,1],"shapeName":"/levels/industrial/art/shapes/buildings/mine_conveyor/concrete_cylinder_block.dae"}
{"class":"TSStatic","persistentId":"2c331ac6-f420-4441-a62a-a70cb3166fba","__parent":"mine_conveyor","position":[-174.493744,-389.922638,38.0720367],"annotation":"OBSTACLES","isRenderEnabled":false,"rotationMatrix":[-0.998970926,0.0453544557,0,-0.0453544557,-0.998970926,0,0,0,1],"shapeName":"/levels/industrial/art/shapes/buildings/ind_mesh_fence_4m.dae"}
{"class":"TSStatic","persistentId":"2d208d4f-7ba0-4147-b126-cd0a583695f6","__parent":"mine_conveyor","position":[-180.921509,-411.552795,37.0039635],"decalType":"None","isRenderEnabled":false,"rotationMatrix":[0.825572252,-0.564296544,0,0.564296484,0.825572193,0,0,0,1],"shapeName":"/levels/industrial/art/shapes/buildings/mine_conveyor/concrete_cylinder_block.dae"}
{"class":"TSStatic","persistentId":"309b61b2-6355-42d6-b14e-0e1a638162a1","__parent":"mine_conveyor","position":[-203.830688,-347.131561,31.9189835],"decalType":"None","isRenderEnabled":false,"rotationMatrix":[0.463609248,0.886037707,0,-0.886037707,0.463609248,0,0,0,1],"shapeName":"/levels/industrial/art/shapes/buildings/mine_conveyor/concrete_cylinder_block.dae"}
{"class":"TSStatic","persistentId":"33d70b25-bc43-4056-b1ed-a3a27f66a204","__parent":"mine_conveyor","position":[-157.28479,-440.612335,30.0033607],"isRenderEnabled":false,"rotationMatrix":[-0.00115823641,0.999998987,-1.00044417e-11,-0.999998748,-0.00115820393,-0.000690534303,-0.000690533081,-7.99780082e-07,0.999999762],"shapeName":"/levels/industrial/art/shapes/buildings/mine_conveyor/conveyor_support.dae"}
{"class":"TSStatic","persistentId":"34b11836-244e-471a-aed8-4a4fe2b72902","__parent":"mine_conveyor","position":[-195.161301,-428.679535,42.7328377],"isRenderEnabled":false,"rotationMatrix":[0.751187086,-0.655609608,0.0767726749,0.657550573,0.753410161,-1.71348802e-08,-0.0578413419,0.050481949,0.997048378],"shapeName":"/levels/industrial/art/shapes/buildings/mine_conveyor/conveyor_45m.dae"}
{"class":"TSStatic","persistentId":"352daeec-8b13-4533-b0d2-eabc7320d0f9","__parent":"mine_conveyor","position":[-251.859146,-349.783295,38.8918037],"decalType":"None","isRenderEnabled":false,"rotationMatrix":[0.904848456,0.425731361,0,-0.425731361,0.904848456,0,0,0,1],"shapeName":"/levels/industrial/art/shapes/buildings/mine_conveyor/concrete_cylinder_block.dae"}
{"class":"TSStatic","persistentId":"3b8a7491-3500-4eb1-994e-25e8803340ed","__parent":"mine_conveyor","position":[-243.356964,-355.357941,32.0738907],"decalType":"None","isRenderEnabled":false,"rotationMatrix":[0.377824455,0.925877333,0,-0.925877333,0.377824455,0,0,0,1],"shapeName":"/levels/industrial/art/shapes/buildings/mine_conveyor/conveyor_support.dae"}
{"class":"TSStatic","persistentId":"3ce5e6c8-ac2f-4acb-952c-20207569891f","__parent":"mine_conveyor","position":[-258.278595,-374.837982,38.200634],"decalType":"None","isRenderEnabled":false,"rotationMatrix":[0.463609248,0.886037707,0,-0.886037707,0.463609248,0,0,0,1],"shapeName":"/levels/industrial/art/shapes/buildings/mine_conveyor/concrete_cylinder_block.dae"}
{"class":"TSStatic","persistentId":"3d05b638-d23c-4727-a673-d08ee7210715","__parent":"mine_conveyor","position":[-60.5153046,-439.274261,28.2173538],"isRenderEnabled":false,"rotationMatrix":[0.185854509,0.982577085,0,-0.982577085,0.185854509,0,0,0,1],"shapeName":"/levels/industrial/art/shapes/buildings/mine_conveyor/conveyor_support.dae"}
{"class":"TSStatic","persistentId":"41bd9374-6573-48d6-be55-7aa220819f8f","__parent":"mine_conveyor","position":[-187.123703,-419.192444,32.0525169],"decalType":"None","isRenderEnabled":false,"rotationMatrix":[0.816291571,-0.577640295,0,0.577640295,0.816291571,0,0,0,1],"shapeName":"/levels/industrial/art/shapes/buildings/mine_conveyor/conveyor_support.dae"}
{"class":"TSStatic","persistentId":"41e65d75-cbae-4c38-ac8d-be8c5fe62921","__parent":"mine_conveyor","position":[-116.892471,-439.618042,34.4683113],"decalType":"None","isRenderEnabled":false,"rotationMatrix":[0.518146813,-0.855291665,0,0.855291665,0.518146813,0,0,0,1],"shapeName":"/levels/industrial/art/shapes/buildings/mine_conveyor/concrete_cylinder_block.dae"}
{"class":"TSStatic","persistentId":"460af761-ed68-488b-8e0e-68049c18f6e9","__parent":"mine_conveyor","position":[-159.41066,-440.766724,38.0742798],"decalType":"None","isRenderEnabled":false,"rotationMatrix":[0.00311410427,0.999994576,-1.86992111e-09,-0.999994695,0.00311415037,-0.000690536923,-0.000690532441,2.15146974e-06,0.999999762],"shapeName":"/levels/industrial/art/shapes/buildings/mine_conveyor/Mine_conveyor_station_02.dae"}
{"class":"TSStatic","persistentId":"4c860032-53d8-4ed8-a16b-4eac1e002433","__parent":"mine_conveyor","position":[-160.903244,-442.29718,36.8411484],"decalType":"None","isRenderEnabled":false,"rotationMatrix":[0.378775775,-0.925485492,0,0.925485492,0.378775775,0,0,0,1],"shapeName":"/levels/industrial/art/shapes/buildings/mine_conveyor/concrete_cylinder_block.dae"}
{"class":"TSStatic","persistentId":"4cbc3c20-cefe-4f9c-8fa4-cb679010f135","__parent":"mine_conveyor","position":[-157.883865,-442.344727,36.8289261],"decalType":"None","isRenderEnabled":false,"rotationMatrix":[-0.677758098,0.735281408,0,-0.735281408,-0.677758098,0,0,0,1],"shapeName":"/levels/industrial/art/shapes/buildings/mine_conveyor/concrete_cylinder_block.dae"}
{"class":"TSStatic","persistentId":"4d61d590-59be-4e1e-8590-20990f2e6d44","__parent":"mine_conveyor","position":[-160.09198,-458.985931,36.018795],"decalType":"None","isRenderEnabled":false,"rotationMatrix":[0.999293387,-0.0375778154,0,0.0375778154,0.999293387,0,0,0,1],"shapeName":"/levels/industrial/art/shapes/buildings/mine_conveyor/Mine_conveyor_station_01.dae"}
{"class":"TSStatic","persistentId":"5450742a-d848-4e8f-a717-0f5dc3b20d87","__parent":"mine_conveyor","position":[-228.255646,-360.677002,35.5598335],"decalType":"None","isRenderEnabled":false,"rotationMatrix":[-0.961464643,0.274921447,0,-0.274921447,-0.961464643,0,0,0,1],"shapeName":"/levels/industrial/art/shapes/buildings/mine_conveyor/concrete_cylinder_block.dae"}
{"class":"TSStatic","persistentId":"59399c24-0991-4f62-a0fb-2b394215d0d2","__parent":"mine_conveyor","position":[-161.474228,-398.117004,38.4641228],"isRenderEnabled":false,"rotationMatrix":[-0.820131421,-0.569659472,0.0535858646,0.570686162,-0.821152925,0.00485532684,0.0412363075,0.0345627293,0.99855119],"shapeName":"/levels/industrial/art/shapes/buildings/mine_conveyor/conveyor_25m.dae"}
{"class":"TSStatic","persistentId":"5abbdef0-bd8c-46e6-aa77-c8a52e0d5a0d","__parent":"mine_conveyor","position":[-160.587509,-463.026337,34.7715912],"annotation":"BUILDINGS","decalType":"None","isRenderEnabled":false,"rotationMatrix":[0.0466960371,-0.998908222,0,0.998908222,0.0466960371,0,0,0,1],"shapeName":"/levels/industrial/art/shapes/buildings/mine_conveyor/water_tank_01.dae"}
{"class":"TSStatic","persistentId":"5c4d216a-8586-48f3-8a8c-62d61dcb3387","__parent":"mine_conveyor","position":[149.629654,-439.712555,33.9580536],"annotation":"BUILDINGS","isRenderEnabled":false,"rotationMatrix":[-0.0754371881,0.9971506,0,-0.9971506,-0.0754371881,0,0,0,1],"shapeName":"/levels/industrial/art/shapes/buildings/tankfarm/ind_fuel_tank.DAE"}
{"class":"TSStatic","persistentId":"5d5773b2-e5e8-4f37-b738-7ffc2fc6a6c3","__parent":"mine_conveyor","position":[-163.478958,-393.828705,38.069706],"annotation":"OBSTACLES","isRenderEnabled":false,"rotationMatrix":[-0.78525418,0.619173527,0,-0.619173586,-0.7852543,0,0,0,1],"shapeName":"/levels/industrial/art/shapes/buildings/ind_mesh_fence_4m.dae"}
{"class":"TSStatic","persistentId":"637a12d8-da90-469e-97f4-cc8298887c43","__parent":"mine_conveyor","position":[-171.25148,-452.148315,36.7625198],"decalType":"None","isRenderEnabled":false,"rotationMatrix":[0.426919371,0.904289722,0,-0.904289484,0.42691949,0,0,0,1],"shapeName":"/levels/industrial/art/shapes/buildings/mine_conveyor/concrete_cylinder_block.dae"}
{"class":"TSStatic","persistentId":"6704f211-60d5-4b4c-a659-fe94695ae2ae","__parent":"mine_conveyor","position":[-193.13443,-342.536499,33.0555687],"decalType":"None","isRenderEnabled":false,"rotationMatrix":[0.463609248,0.886037707,0,-0.886037707,0.463609248,0,0,0,1],"shapeName":"/levels/industrial/art/shapes/buildings/mine_conveyor/concrete_cylinder_block.dae"}
{"class":"TSStatic","persistentId":"6c65fb84-f9f0-4ac4-b79e-a099bdef4efa","__parent":"mine_conveyor","position":[-255.662704,-351.609985,38.8968391],"decalType":"None","isRenderEnabled":false,"rotationMatrix":[0.378775775,-0.925485492,0,0.925485492,0.378775775,0,0,0,1],"shapeName":"/levels/industrial/art/shapes/buildings/mine_conveyor/concrete_cylinder_block.dae"}
{"class":"TSStatic","persistentId":"6cadcb1d-68fe-4792-aeb2-cd6d5bcdc61a","__parent":"mine_conveyor","position":[-255.571777,-347.728851,40.704483],"decalType":"None","isRenderEnabled":false,"rotationMatrix":[-0.325680315,-0.945479751,0,0.945479751,-0.325680315,0,0,0,1],"shapeName":"/levels/industrial/art/shapes/buildings/modular_container/modular_stairs.dae"}
{"class":"TSStatic","persistentId":"6e2e61c4-e8ca-4b21-ae01-69a063441dab","__parent":"mine_conveyor","position":[-160.907104,-439.328094,36.8379898],"decalType":"None","isRenderEnabled":false,"rotationMatrix":[0.00903354958,-0.999955833,0,0.999955833,0.00903354958,0,0,0,1],"shapeName":"/levels/industrial/art/shapes/buildings/mine_conveyor/concrete_cylinder_block.dae"}
{"class":"TSStatic","persistentId":"6f456028-1c9a-41b3-b121-2fd5ad5f57ca","__parent":"mine_conveyor","position":[-218.095078,-351.155975,32.7971649],"decalType":"None","isRenderEnabled":false,"rotationMatrix":[0.463609248,0.886037707,0,-0.886037707,0.463609248,0,0,0,1],"shapeName":"/levels/industrial/art/shapes/buildings/mine_conveyor/concrete_cylinder_block.dae"}
{"class":"TSStatic","persistentId":"6f59117d-2149-4bfa-b9da-c6437aaeaac7","__parent":"mine_conveyor","position":[-206.29657,-373.188873,32.4125786],"annotation":"BUILDINGS","decalType":"None","isRenderEnabled":false,"rotationMatrix":[0.91295296,0.408061743,0,-0.408061743,0.91295296,0,0,0,1],"shapeName":"/levels/industrial/art/shapes/buildings/mine_conveyor/water_tank_01.dae"}
{"class":"TSStatic","persistentId":"70472d34-f8f6-405d-a91f-7057ff172768","__parent":"mine_conveyor","position":[-66.7411728,-439.233307,33.8611908],"decalType":"None","isRenderEnabled":false,"rotationMatrix":[0.934204757,0.356737256,0,-0.356737256,0.934204817,0,0,0,1],"shapeName":"/levels/industrial/art/shapes/buildings/mine_conveyor/concrete_cylinder_block.dae"}
{"class":"TSStatic","persistentId":"70a454f3-50e0-462d-85c9-1d1b9a6a154e","__parent":"mine_conveyor","position":[-193.515915,-341.534241,31.3182526],"decalType":"None","isRenderEnabled":false,"rotationMatrix":[-0.398154587,0.917318881,0,-0.917318881,-0.398154587,0,0,0,1],"shapeName":"/levels/industrial/art/shapes/buildings/mine_conveyor/conveyor_support.dae"}
{"class":"TSStatic","persistentId":"71066756-b461-4044-b6ff-fc652e9a9a19","__parent":"mine_conveyor","position":[-219.915649,-352.042114,37.5085678],"decalType":"None","isRenderEnabled":false,"rotationMatrix":[0.914094269,0.393254668,0.0989134088,-0.395192862,0.918597877,-2.43308023e-08,-0.0908617899,-0.0390898138,0.995096803],"shapeName":"/levels/industrial/art/shapes/buildings/mine_conveyor/conveyor_58m.dae"}
{"class":"TSStatic","persistentId":"759fed3f-35eb-41cf-a04e-f7700ab418ec","__parent":"mine_conveyor","position":[-65.593338,-408.33374,33.3455009],"decalType":"None","isRenderEnabled":false,"rotationMatrix":[-0.290390253,-0.956908941,0,0.956908941,-0.290390253,0,0,0,1],"shapeName":"/levels/industrial/art/shapes/buildings/mine_conveyor/concrete_cylinder_block.dae"}
{"class":"TSStatic","persistentId":"770c6a0e-1f05-4ae8-8d55-acc5ac94c10d","__parent":"mine_conveyor","position":[-259.91983,-375.513184,39.5871735],"decalType":"None","isRenderEnabled":false,"rotationMatrix":[0.193559736,0.957816422,0.212421313,-0.980186522,0.198080853,3.64845619e-07,-0.0420764387,-0.208212525,0.977178693],"shapeName":"/levels/industrial/art/shapes/buildings/mine_conveyor/conveyor_25m.dae"}
{"class":"TSStatic","persistentId":"7a132f46-76c2-4a0c-925c-3b02f24292fb","__parent":"mine_conveyor","position":[163.890625,-427.054871,33.9740944],"annotation":"BUILDINGS","isRenderEnabled":false,"rotationMatrix":[0.982340336,0.187101275,0,-0.187101275,0.982340336,0,0,0,1],"shapeName":"/levels/industrial/art/shapes/buildings/tankfarm/ind_big_tank.DAE"}
{"class":"TSStatic","persistentId":"7a64dff7-39a1-4e43-a44d-e3b927e9d1f4","__parent":"mine_conveyor","position":[-160.293045,-396.388367,38.0742912],"annotation":"OBSTACLES","isRenderEnabled":false,"rotationMatrix":[-0.78525418,0.619173527,0,-0.619173586,-0.7852543,0,0,0,1],"shapeName":"/levels/industrial/art/shapes/buildings/ind_mesh_fence_4m.dae"}
{"class":"TSStatic","persistentId":"7e824267-9108-4e76-ad17-54348da9f2dd","__parent":"mine_conveyor","position":[-74.243988,-417.182556,33.8475227],"decalType":"None","isRenderEnabled":false,"rotationMatrix":[-0.999963641,-0.00853460375,0,0.00853460375,-0.999963641,0,0,0,1],"shapeName":"/levels/industrial/art/shapes/buildings/mine_conveyor/concrete_cylinder_block.dae"}
{"class":"TSStatic","persistentId":"7ebc793d-180c-47f4-871a-990a278917b0","__parent":"mine_conveyor","position":[-254.576935,-349.809631,40.5273628],"decalType":"None","isRenderEnabled":false,"rotationMatrix":[0.920375049,-0.388414472,0.045228783,0.388812482,0.921318829,-1.89174898e-09,-0.0416700393,0.0175854787,0.998976529],"shapeName":"/levels/industrial/art/shapes/buildings/mine_conveyor/conveyor_45m.dae"}
{"class":"TSStatic","persistentId":"8033f7b3-c9cd-4f7a-af35-8b9267e0d58a","__parent":"mine_conveyor","position":[-64.9043655,-409.15625,33.3494682],"decalType":"None","isRenderEnabled":false,"rotationMatrix":[-0.999963641,-0.00853460375,0,0.00853460375,-0.999963641,0,0,0,1],"shapeName":"/levels/industrial/art/shapes/buildings/mine_conveyor/concrete_cylinder_block.dae"}
{"class":"TSStatic","persistentId":"80aebaf4-a565-43f5-8963-56fda0edc265","__parent":"mine_conveyor","position":[-140.232315,-440.613007,30.7768555],"isRenderEnabled":false,"rotationMatrix":[-0.00115823641,0.999998987,-1.00044417e-11,-0.999998748,-0.00115820393,-0.000690534303,-0.000690533081,-7.99780082e-07,0.999999762],"shapeName":"/levels/industrial/art/shapes/buildings/mine_conveyor/conveyor_support.dae"}
{"class":"TSStatic","persistentId":"812548d7-484a-45ca-965b-de1690ed20d2","__parent":"mine_conveyor","position":[-64.7094193,-438.400482,35.1065445],"decalType":"None","isRenderEnabled":false,"rotationMatrix":[0.927528322,-0.373752832,-2.35650055e-09,0.373752773,0.927528143,-0.000690539018,0.000258093089,0.000640493643,0.999999821],"shapeName":"/levels/industrial/art/shapes/buildings/mine_conveyor/Mine_conveyor_station_02.dae"}
{"class":"TSStatic","persistentId":"82ac26c4-e8ef-4fc5-8629-730dcd8403ca","__parent":"mine_conveyor","position":[-105.150383,-439.594788,34.9846382],"decalType":"None","isRenderEnabled":false,"rotationMatrix":[-0.999963641,-0.00853460375,0,0.00853460375,-0.999963641,0,0,0,1],"shapeName":"/levels/industrial/art/shapes/buildings/mine_conveyor/concrete_cylinder_block.dae"}
{"class":"TSStatic","persistentId":"85b02f2a-bae8-43fa-b76f-f2e770864d15","__parent":"mine_conveyor","position":[-63.9518051,-440.361694,33.8559952],"decalType":"None","isRenderEnabled":false,"rotationMatrix":[-0.999963641,-0.00853460375,0,0.00853460375,-0.999963641,0,0,0,1],"shapeName":"/levels/industrial/art/shapes/buildings/mine_conveyor/concrete_cylinder_block.dae"}
{"class":"TSStatic","persistentId":"8b128e04-e889-4714-8e33-747438e20bc5","__parent":"mine_conveyor","position":[-194.541245,-428.991364,36.5042038],"decalType":"None","isRenderEnabled":false,"rotationMatrix":[-0.208256945,-0.978074133,0,0.978074133,-0.208256945,0,0,0,1],"shapeName":"/levels/industrial/art/shapes/buildings/mine_conveyor/concrete_cylinder_block.dae"}
{"class":"TSStatic","persistentId":"8d14caaa-b1ea-4b8e-90ef-fd0ac1f634e4","__parent":"mine_conveyor","position":[-195.743439,-430.546997,36.5272446],"decalType":"None","isRenderEnabled":false,"rotationMatrix":[0.426919371,0.904289722,0,-0.904289484,0.42691949,0,0,0,1],"shapeName":"/levels/industrial/art/shapes/buildings/mine_conveyor/concrete_cylinder_block.dae"}
{"class":"TSStatic","persistentId":"8fa918f8-e658-415f-acc7-b6e71bbc572a","__parent":"mine_conveyor","position":[-256.018463,-355.920746,39.3325386],"decalType":"None","isRenderEnabled":false,"rotationMatrix":[0.790072262,-0.613011539,0,0.613011539,0.790072262,0,0,0,1],"shapeName":"/levels/industrial/art/shapes/buildings/mine_conveyor/concrete_cylinder_block.dae"}
{"class":"TSStatic","persistentId":"8fb20e78-1e2d-49ed-bfe6-1b13adfcb32e","__parent":"mine_conveyor","position":[-77.3026581,-446.21347,27.7995338],"isRenderEnabled":false,"rotationMatrix":[0.597234428,-0.802067101,0,0.802067101,0.597234428,0,0,0,1],"shapeName":"/levels/industrial/art/shapes/buildings/mine_conveyor/conveyor_support.dae"}
{"class":"TSStatic","persistentId":"90297b9f-a3a1-48ed-a1a3-043a550c51a3","__parent":"mine_conveyor","position":[-254.408478,-356.361481,39.3408318],"decalType":"None","isRenderEnabled":false,"rotationMatrix":[0.463609248,0.886037707,0,-0.886037707,0.463609248,0,0,0,1],"shapeName":"/levels/industrial/art/shapes/buildings/mine_conveyor/concrete_cylinder_block.dae"}
{"class":"TSStatic","persistentId":"9266fb28-ce93-44c2-84ab-c9d97dff5c4d","__parent":"mine_conveyor","position":[-62.8181648,-437.544434,34.6414642],"decalType":"None","isRenderEnabled":false,"rotationMatrix":[-0.931999266,0.362460226,0,-0.362460226,-0.931999266,0,0,0,1],"shapeName":"/levels/industrial/art/shapes/buildings/mine_conveyor/concrete_cylinder_block.dae"}
{"class":"TSStatic","persistentId":"9838839b-53d9-4509-b0eb-991f8a13c021","__parent":"mine_conveyor","position":[-221.145248,-354.398376,36.3860321],"decalType":"None","isRenderEnabled":false,"rotationMatrix":[0.387835592,-0.921727717,0,0.921727717,0.387835592,0,0,0,1],"shapeName":"/levels/industrial/art/shapes/buildings/modular_container/modular_stairs_02.dae"}
{"class":"TSStatic","persistentId":"9d89d096-9813-4924-8f9a-32cc920eba5d","__parent":"mine_conveyor","position":[-188.103363,-437.381714,35.4125862],"decalType":"None","isRenderEnabled":false,"rotationMatrix":[0.426919371,0.904289722,0,-0.904289484,0.42691949,0,0,0,1],"shapeName":"/levels/industrial/art/shapes/buildings/mine_conveyor/concrete_cylinder_block.dae"}
{"class":"TSStatic","persistentId":"a9475d76-e735-4499-a4b5-21dbe0f601b1","__parent":"mine_conveyor","position":[-180.812164,-411.383881,38.4839249],"isRenderEnabled":false,"rotationMatrix":[-0.546392381,-0.798173606,0.253724426,0.825174987,-0.564876914,3.2200478e-07,0.143322408,0.209366933,0.967278004],"shapeName":"/levels/industrial/art/shapes/buildings/mine_conveyor/conveyor_25m.dae"}
{"class":"TSStatic","persistentId":"ae3f7b99-3439-4d97-b477-24d8df0af9b9","__parent":"mine_conveyor","position":[-243.115341,-354.6539,37.4006042],"decalType":"None","isRenderEnabled":false,"rotationMatrix":[-0.88418889,0.46712479,0,-0.46712479,-0.88418889,0,0,0,1],"shapeName":"/levels/industrial/art/shapes/buildings/mine_conveyor/concrete_cylinder_block.dae"}
{"class":"TSStatic","persistentId":"ae7aeffe-9fb6-4ccf-b144-8d1d5b4f2168","__parent":"mine_conveyor","position":[-170.488785,-451.205109,36.2724724],"decalType":"None","isRenderEnabled":false,"rotationMatrix":[0.62474066,0.780833483,0,-0.780833483,0.62474066,0,0,0,1],"shapeName":"/levels/industrial/art/shapes/buildings/mine_conveyor/conveyor_support.dae"}
{"class":"TSStatic","persistentId":"aea49e68-6580-4c53-ad94-cee217e15356","__parent":"mine_conveyor","position":[-68.5628357,-439.598572,30.5444794],"isRenderEnabled":false,"rotationMatrix":[0.597234428,-0.802067101,0,0.802067101,0.597234428,0,0,0,1],"shapeName":"/levels/industrial/art/shapes/buildings/mine_conveyor/conveyor_support.dae"}
{"class":"TSStatic","persistentId":"aea9c0da-9da8-41dc-a431-c7585a4f1c3e","__parent":"mine_conveyor","position":[-157.870209,-439.335907,36.8237305],"decalType":"None","isRenderEnabled":false,"rotationMatrix":[0.378775775,-0.925485492,0,0.925485492,0.378775775,0,0,0,1],"shapeName":"/levels/industrial/art/shapes/buildings/mine_conveyor/concrete_cylinder_block.dae"}
{"class":"TSStatic","persistentId":"b3ba4eac-4242-4441-a174-41eae9119c41","__parent":"mine_conveyor","position":[-179.049637,-334.036621,32.9460907],"decalType":"None","isRenderEnabled":false,"rotationMatrix":[0.99574405,-0.0921467245,0,0.0921467245,0.99574405,0,0,0,1],"shapeName":"/levels/industrial/art/shapes/buildings/mine_conveyor/concrete_cylinder_block.dae"}
{"class":"TSStatic","persistentId":"b4aadd21-42f2-4b5d-b511-90f6294e48c2","__parent":"mine_conveyor","position":[-217.443451,-352.797882,32.7991447],"decalType":"None","isRenderEnabled":false,"rotationMatrix":[0.821565032,-0.570111513,0,0.570111513,0.821565032,0,0,0,1],"shapeName":"/levels/industrial/art/shapes/buildings/mine_conveyor/concrete_cylinder_block.dae"}
{"class":"TSStatic","persistentId":"b4b9a6d9-b652-418f-8d37-2c4af237f771","__parent":"mine_conveyor","position":[-7.30446386,-444.128174,32.7695427],"annotation":"BUILDINGS","isRenderEnabled":false,"rotationMatrix":[0.453262627,-0.891377985,0,0.891377985,0.453262627,0,0,0,1],"shapeName":"/levels/industrial/art/shapes/buildings/mine_conveyor/water_tank_01.dae"}
{"class":"TSStatic","persistentId":"b4e84278-a12d-4e2a-baf8-8cb399b2f704","__parent":"mine_conveyor","position":[-181.917282,-410.750549,37.3152084],"decalType":"None","isRenderEnabled":false,"rotationMatrix":[-0.662505329,-0.749057293,0,0.749057233,-0.662505269,0,0,0,1],"shapeName":"/levels/industrial/art/shapes/buildings/mine_conveyor/concrete_cylinder_block.dae"}
{"class":"TSStatic","persistentId":"b6443101-3a65-4558-870a-0d0585a8e2d2","__parent":"mine_conveyor","position":[-75.0901184,-416.297363,33.8435555],"decalType":"None","isRenderEnabled":false,"rotationMatrix":[-0.290390253,-0.956908941,0,0.956908941,-0.290390253,0,0,0,1],"shapeName":"/levels/industrial/art/shapes/buildings/mine_conveyor/concrete_cylinder_block.dae"}
{"class":"TSStatic","persistentId":"b6659caa-b90d-42d0-afb0-c21bd9b7101d","__parent":"mine_conveyor","position":[-74.2455673,-415.713287,31.2083511],"isRenderEnabled":false,"rotationMatrix":[0.774068952,0.6330989,0,-0.6330989,0.774068952,0,0,0,1],"shapeName":"/levels/industrial/art/shapes/buildings/mine_conveyor/conveyor_support.dae"}
{"class":"TSStatic","persistentId":"b7cb1f32-0ffe-4af9-a075-b3c6ef06284b","__parent":"mine_conveyor","position":[-166.784256,-391.357635,38.1597252],"annotation":"OBSTACLES","isRenderEnabled":false,"rotationMatrix":[-0.794059813,0.607839704,0,-0.607839644,-0.794059753,0,0,0,1],"shapeName":"/levels/industrial/art/shapes/buildings/ind_mesh_fence_4m.dae"}
{"class":"TSStatic","persistentId":"b8cf3570-7988-4dd5-8d08-4f24b01c9712","__parent":"mine_conveyor","position":[-253.780991,-350.710602,39.7055206],"decalType":"None","isRenderEnabled":false,"rotationMatrix":[0.327855438,0.944727898,-1.68847691e-09,-0.944728017,0.327855319,-0.000690536515,-0.000652367889,0.000226396965,0.999999762],"shapeName":"/levels/industrial/art/shapes/buildings/mine_conveyor/Mine_conveyor_station_02.dae"}
{"class":"TSStatic","persistentId":"b9175820-a821-4ed5-9294-fd308277fe6c","__parent":"mine_conveyor","position":[-212.148132,-367.556946,32.4354134],"decalType":"None","isRenderEnabled":false,"rotationMatrix":[0.913040876,0.407867342,0,-0.407867342,0.913040876,0,0,0,1],"shapeName":"/levels/industrial/art/shapes/buildings/mine_conveyor/Mine_conveyor_station_01.dae"}
{"class":"TSStatic","persistentId":"b9bd74b4-bd80-4e92-8153-302826a8282a","__parent":"mine_conveyor","position":[-243.65358,-356.020142,37.3964806],"decalType":"None","isRenderEnabled":false,"rotationMatrix":[0.463609248,0.886037707,0,-0.886037707,0.463609248,0,0,0,1],"shapeName":"/levels/industrial/art/shapes/buildings/mine_conveyor/concrete_cylinder_block.dae"}
{"class":"TSStatic","persistentId":"baaafad9-8b15-4058-abbe-38c73860c6e6","__parent":"mine_conveyor","position":[-187.680954,-418.764862,37.6877861],"decalType":"None","isRenderEnabled":false,"rotationMatrix":[-0.72827369,0.685286522,0,-0.685286522,-0.72827369,0,0,0,1],"shapeName":"/levels/industrial/art/shapes/buildings/mine_conveyor/concrete_cylinder_block.dae"}
{"class":"TSStatic","persistentId":"bb8c1f71-77b3-4d21-9830-e8f996dded31","__parent":"mine_conveyor","position":[-116.838005,-440.628754,31.8192444],"isRenderEnabled":false,"rotationMatrix":[-0.00115823641,0.999998987,-1.00044417e-11,-0.999998748,-0.00115820393,-0.000690534303,-0.000690533081,-7.99780082e-07,0.999999762],"shapeName":"/levels/industrial/art/shapes/buildings/mine_conveyor/conveyor_support.dae"}
{"class":"TSStatic","persistentId":"bd161d4b-54da-42b0-9a75-732a813f48db","__parent":"mine_conveyor","position":[-170.450897,-390.110626,38.1111374],"annotation":"OBSTACLES","isRenderEnabled":false,"rotationMatrix":[-0.998970926,0.0453544557,0,-0.0453544557,-0.998970926,0,0,0,1],"shapeName":"/levels/industrial/art/shapes/buildings/ind_mesh_fence_4m.dae"}
{"class":"TSStatic","persistentId":"bdecd66d-9856-431b-a394-893c821fccba","__parent":"mine_conveyor","position":[-228.987869,-362.47879,35.5602112],"decalType":"None","isRenderEnabled":false,"rotationMatrix":[0.463609248,0.886037707,0,-0.886037707,0.463609248,0,0,0,1],"shapeName":"/levels/industrial/art/shapes/buildings/mine_conveyor/concrete_cylinder_block.dae"}
{"class":"TSStatic","persistentId":"be69974b-f988-404d-8700-3245fdffa788","__parent":"mine_conveyor","position":[-60.7189178,-439.998047,33.8559189],"decalType":"None","isRenderEnabled":false,"rotationMatrix":[-0.999963641,-0.00853460375,0,0.00853460375,-0.999963641,0,0,0,1],"shapeName":"/levels/industrial/art/shapes/buildings/mine_conveyor/concrete_cylinder_block.dae"}
{"class":"TSStatic","persistentId":"c2a42edc-939f-4f72-94a7-e4200da0ef48","__parent":"mine_conveyor","position":[-65.4797745,-437.393127,36.0132294],"isRenderEnabled":false,"rotationMatrix":[0.949903369,-0.215138406,0.226714849,0.220890075,0.975300074,1.3113322e-08,-0.221114665,0.0500790067,0.973961711],"shapeName":"/levels/industrial/art/shapes/buildings/mine_conveyor/conveyor_25m.dae"}
{"class":"TSStatic","persistentId":"c2aec7af-c031-4afa-9027-81e90a5dc9f4","__parent":"mine_conveyor","position":[-104.060509,-440.66571,40.2156334],"decalType":"None","isRenderEnabled":false,"rotationMatrix":[0.76231277,0.647208929,0,-0.647208929,0.76231277,0,0,0,1],"shapeName":"/levels/industrial/art/shapes/buildings/mine_conveyor/conveyor_58m.dae"}
{"class":"TSStatic","persistentId":"c3d8d551-3067-4401-9001-47232574f971","__parent":"mine_conveyor","position":[-64.7367325,-407.681305,31.2041855],"decalType":"None","isRenderEnabled":false,"rotationMatrix":[0.774068952,0.6330989,0,-0.6330989,0.774068952,0,0,0,1],"shapeName":"/levels/industrial/art/shapes/buildings/mine_conveyor/conveyor_support.dae"}
{"class":"TSStatic","persistentId":"c4900535-face-44cf-8712-aea02af7475f","__parent":"mine_conveyor","position":[-259.422638,-374.528503,38.2194138],"decalType":"None","isRenderEnabled":false,"rotationMatrix":[0.463609248,0.886037707,0,-0.886037707,0.463609248,0,0,0,1],"shapeName":"/levels/industrial/art/shapes/buildings/mine_conveyor/concrete_cylinder_block.dae"}
{"class":"TSStatic","persistentId":"c90c5fa4-794f-4fd5-a222-8a288f094d67","__parent":"mine_conveyor","position":[-254.715744,-348.782227,38.893074],"decalType":"None","isRenderEnabled":false,"rotationMatrix":[-0.336852074,0.941556215,0,-0.941556215,-0.336852074,0,0,0,1],"shapeName":"/levels/industrial/art/shapes/buildings/mine_conveyor/concrete_cylinder_block.dae"}
{"class":"TSStatic","persistentId":"c9c2f13b-fc67-4ebf-8468-b4cc086a7bf1","__parent":"mine_conveyor","position":[-85.7026215,-451.545288,34.3700981],"isRenderEnabled":false,"rotationMatrix":[0.774224579,0.584542692,0.242666453,-0.606782734,0.794561744,0.0219697524,-0.179971501,-0.164255589,0.969861269],"shapeName":"/levels/industrial/art/shapes/buildings/mine_conveyor/conveyor_25m.dae"}
{"class":"TSStatic","persistentId":"caf68b2e-3055-40f5-9dbd-d9186a0df950","__parent":"mine_conveyor","position":[-129.660995,-440.631683,31.242527],"isRenderEnabled":false,"rotationMatrix":[-0.00115823641,0.999998987,-1.00044417e-11,-0.999998748,-0.00115820393,-0.000690534303,-0.000690533081,-7.99780082e-07,0.999999762],"shapeName":"/levels/industrial/art/shapes/buildings/mine_conveyor/conveyor_support.dae"}
{"class":"TSStatic","persistentId":"cd0598a4-776a-422c-901d-88bc6a067332","__parent":"mine_conveyor","position":[-209.098221,-374.437531,32.4516945],"annotation":"BUILDINGS","decalType":"None","isRenderEnabled":false,"rotationMatrix":[0.912916362,0.408145696,0,-0.408145696,0.912916362,0,0,0,1],"shapeName":"/levels/industrial/art/shapes/buildings/mine_conveyor/water_tank_02.dae"}
{"class":"TSStatic","persistentId":"cd9a68aa-744b-4da2-b722-f7a53c20f5f6","__parent":"mine_conveyor","position":[-67.9886017,-440.329742,33.711544],"decalType":"None","isRenderEnabled":false,"rotationMatrix":[-0.917997956,-0.396585286,0,0.396585286,-0.917997956,0,0,0,1],"shapeName":"/levels/industrial/art/shapes/buildings/mine_conveyor/concrete_cylinder_block.dae"}
{"class":"TSStatic","persistentId":"d4558f4b-51a2-4cad-857f-83778b0b3fee","__parent":"mine_conveyor","position":[-91.765274,-431.258118,31.2366676],"isRenderEnabled":false,"rotationMatrix":[0.643618882,-0.765345573,0,0.765345573,0.643618882,0,0,0,1],"shapeName":"/levels/industrial/art/shapes/buildings/mine_conveyor/conveyor_support.dae"}
{"class":"TSStatic","persistentId":"da116dce-a360-4eb0-9482-74c09717d005","__parent":"mine_conveyor","position":[-210.298645,-371.766113,32.4567223],"annotation":"BUILDINGS","decalType":"None","isRenderEnabled":false,"rotationMatrix":[0.912916362,0.408145696,0,-0.408145696,0.912916362,0,0,0,1],"shapeName":"/levels/industrial/art/shapes/buildings/mine_conveyor/water_tank_02.dae"}
{"class":"TSStatic","persistentId":"dc869589-e0d8-47ee-8a7c-bee14b4656ee","__parent":"mine_conveyor","position":[-116.862137,-441.628174,34.4812584],"decalType":"None","isRenderEnabled":false,"rotationMatrix":[-0.999963641,-0.00853460375,0,0.00853460375,-0.999963641,0,0,0,1],"shapeName":"/levels/industrial/art/shapes/buildings/mine_conveyor/concrete_cylinder_block.dae"}
{"class":"TSStatic","persistentId":"dcb1c1ae-7166-4fd4-bcd2-a617d1494c98","__parent":"mine_conveyor","position":[-64.0885315,-408.429932,31.1982689],"decalType":"None","isRenderEnabled":false,"prebuildCollisionData":true,"rotationMatrix":[-0.763587177,-0.645701051,0,0.645701051,-0.763587177,0,0,0,1],"shapeName":"/levels/industrial/art/shapes/buildings/mine_conveyor/conveyor_support.dae"}
{"class":"TSStatic","persistentId":"e2eb8973-5cbe-4d84-a90f-2f0d84c978de","__parent":"mine_conveyor","position":[-178.055603,-336.263092,32.9410095],"decalType":"None","isRenderEnabled":false,"rotationMatrix":[0.463609248,0.886037707,0,-0.886037707,0.463609248,0,0,0,1],"shapeName":"/levels/industrial/art/shapes/buildings/mine_conveyor/concrete_cylinder_block.dae"}
{"class":"TSStatic","persistentId":"e4b9b954-9bb0-4d00-a275-bbf45002487d","__parent":"mine_conveyor","position":[-261.786011,-353.503052,39.7266579],"decalType":"None","isRenderEnabled":false,"rotationMatrix":[0.245089471,0.969500184,0,-0.969500184,0.245089471,0,0,0,1],"shapeName":"/levels/industrial/art/shapes/buildings/modular_container/modular_03.dae"}
{"class":"TSStatic","persistentId":"e8c9efae-d0b3-4b1b-9fba-33a2792b53a9","__parent":"mine_conveyor","position":[-159.587036,-440.649933,29.8585014],"isRenderEnabled":false,"rotationMatrix":[-0.00115823641,0.999998987,-1.00044417e-11,-0.999998748,-0.00115820393,-0.000690534303,-0.000690533081,-7.99780082e-07,0.999999762],"shapeName":"/levels/industrial/art/shapes/buildings/mine_conveyor/conveyor_support.dae"}
{"class":"TSStatic","persistentId":"ec30e1c1-a4be-4807-b212-53002323e577","__parent":"mine_conveyor","position":[-193.982666,-340.587189,33.0606499],"decalType":"None","isRenderEnabled":false,"rotationMatrix":[0.99574405,-0.0921467245,0,0.0921467245,0.99574405,0,0,0,1],"shapeName":"/levels/industrial/art/shapes/buildings/mine_conveyor/concrete_cylinder_block.dae"}
{"class":"TSStatic","persistentId":"f0060684-41ae-4614-a59c-d9482a22ca46","__parent":"mine_conveyor","position":[-163.23877,-397.733643,37.3645439],"decalType":"None","isRenderEnabled":false,"rotationMatrix":[0.973426521,-0.229001507,0,0.229001388,0.973426402,0,0,0,1],"shapeName":"/levels/industrial/art/shapes/buildings/mine_conveyor/concrete_cylinder_block.dae"}
{"class":"TSStatic","persistentId":"f1743943-0aa6-41d2-a039-8dc14d444487","__parent":"mine_conveyor","position":[-187.391006,-436.51413,34.5651779],"decalType":"None","isRenderEnabled":false,"rotationMatrix":[0.62474066,0.780833483,0,-0.780833483,0.62474066,0,0,0,1],"shapeName":"/levels/industrial/art/shapes/buildings/mine_conveyor/conveyor_support.dae"}
{"class":"TSStatic","persistentId":"f3d7323b-79fc-4529-bee8-90e8699919ef","__parent":"mine_conveyor","position":[-61.7468491,-436.650543,36.0901146],"decalType":"None","isRenderEnabled":false,"rotationMatrix":[-0.935830414,0.352447361,0,-0.352447361,-0.935830414,0,0,0,1],"shapeName":"/levels/industrial/art/shapes/buildings/modular_container/modular_stairs.dae"}
{"class":"TSStatic","persistentId":"f5ca872f-5b11-46fc-a9e6-5217250b193b","__parent":"mine_conveyor","position":[-160.491272,-439.867493,38.8377457],"isRenderEnabled":false,"rotationMatrix":[0.998960912,0,0.0455746911,0,1,0,-0.0455746911,0,0.998960912],"shapeName":"/levels/industrial/art/shapes/buildings/mine_conveyor/conveyor_58m.dae"}
{"class":"TSStatic","persistentId":"f6ff4b6c-dfb4-42d2-b296-d7bfee8886c8","__parent":"mine_conveyor","position":[-157.117783,-398.897797,38.1133919],"annotation":"OBSTACLES","isRenderEnabled":false,"rotationMatrix":[-0.78525418,0.619173527,0,-0.619173586,-0.7852543,0,0,0,1],"shapeName":"/levels/industrial/art/shapes/buildings/ind_mesh_fence_4m.dae"}
{"class":"TSStatic","persistentId":"f9caf28c-a7b4-459c-a726-aeb42c70bcd2","__parent":"mine_conveyor","position":[-169.74234,-450.30069,36.4895134],"decalType":"None","isRenderEnabled":false,"rotationMatrix":[-0.208256945,-0.978074133,0,0.978074133,-0.208256945,0,0,0,1],"shapeName":"/levels/industrial/art/shapes/buildings/mine_conveyor/concrete_cylinder_block.dae"}
{"class":"TSStatic","persistentId":"fa9192d9-6770-4d2f-be0b-d29e5aeb0f43","__parent":"mine_conveyor","position":[-217.718719,-351.954315,28.728384],"decalType":"None","isRenderEnabled":false,"rotationMatrix":[-0.398154587,0.917318881,0,-0.917318881,-0.398154587,0,0,0,1],"shapeName":"/levels/industrial/art/shapes/buildings/mine_conveyor/conveyor_support.dae"}
{"class":"TSStatic","persistentId":"fb92385a-63bd-46df-beee-f7ddeb1c9614","__parent":"mine_conveyor","position":[-73.4667358,-415.060669,33.804306],"decalType":"None","isRenderEnabled":false,"rotationMatrix":[-0.290390253,-0.956908941,0,0.956908941,-0.290390253,0,0,0,1],"shapeName":"/levels/industrial/art/shapes/buildings/mine_conveyor/concrete_cylinder_block.dae"}
