{"name":"flagTrigger","class":"BeamNGTrigger","persistentId":"47251fd3-c375-4cb2-96d4-7049353795ea","__parent":"flag13_group","position":[-321.405426,-157.475159,41.718],"scale":[2,2,35],"triggerMode":"Overlaps","triggerTestType":"Bounding box"}
{"name":"flag13_group","class":"SimGroup","persistentId":"9e6c56d3-bd4d-4036-89df-83823dd88978","groupPosition":"-321.40542602539 -157.47515869141 30.739433288574"}
{"name":"flag13TSStatic","class":"TSStatic","persistentId":"994f15cc-6c2b-4dd3-ac7d-889881f8a309","__parent":"flag13_group","position":[-321.405426,-157.475159,30.7394333],"instanceColor":[1,0.600000024,0,0.883688271],"isRenderEnabled":false,"scale":[10,10,6],"shapeName":"/art/shapes/interface/single_faded_column.dae","useInstanceRenderData":true}
