{"name":"flagTrigger","class":"BeamNGTrigger","persistentId":"f42ccfa4-1731-46ee-9080-e457be41be6a","__parent":"flag1_group","position":[593.085083,1777.89075,155.492386],"scale":[2,2,35],"triggerMode":"Overlaps","triggerTestType":"Bounding box"}
{"name":"flag1_group","class":"SimGroup","persistentId":"6531d85a-848b-4b98-9d2d-41449a163fd5","groupPosition":"0 0 0"}
{"name":"flag1TSStatic","class":"TSStatic","persistentId":"231abf68-85bb-4a49-96fd-be16e80932ec","__parent":"flag1_group","position":[593.085083,1777.89075,281.130707],"annotation":"OBSTACLES","collisionType":"None","decalType":"None","instanceColor":[0,0.0227570534,1,1],"instanceColor1":[0,0.0238099098,1,1],"isRenderEnabled":false,"rotationMatrix":[1,1.34110451e-07,-1.74845553e-07,1.34110394e-07,-1,-3.2584137e-07,-1.7484561e-07,3.25841341e-07,-1],"scale":[10,10,6],"shapeName":"/art/shapes/interface/single_faded_column.dae","useInstanceRenderData":true}
