{"name":"grass_mown_near","class":"GroundCover","persistentId":"fecc5c86-f831-4557-b364-946ef1eaaf71","__parent":"vegetation","position":[88.7315979,-17.0897007,6.50224018],"Types":[{"billboardUVs":[0.492188007,0.527343988,0.261718005,0.156250998],"clumpExponent":2,"clumpRadius":0.400000006,"layer":"grass2","maxClumpCount":10,"minClumpCount":5,"probability":1,"sizeMax":0.152999997,"sizeMin":0.100000001,"windScale":0.100000001},{"billboardUVs":null,"clumpExponent":null,"clumpRadius":null,"maxClumpCount":null,"minClumpCount":null,"probability":null,"sizeMax":null,"sizeMin":null,"windScale":null},{"billboardUVs":null,"clumpExponent":null,"clumpRadius":null,"maxClumpCount":null,"minClumpCount":null,"probability":null,"sizeMax":null,"sizeMin":null,"windScale":null},{"billboardUVs":null,"clumpExponent":null,"clumpRadius":null,"maxClumpCount":null,"minClumpCount":null,"probability":null,"sizeMax":null,"sizeMin":null,"windScale":null},{"billboardUVs":null,"clumpExponent":null,"clumpRadius":null,"maxClumpCount":null,"minClumpCount":null,"probability":null,"sizeMax":null,"sizeMin":null,"windScale":null},{"billboardUVs":null,"clumpExponent":null,"clumpRadius":null,"maxClumpCount":null,"minClumpCount":null,"probability":null,"sizeMax":null,"sizeMin":null,"windScale":null},{"billboardUVs":null,"clumpExponent":null,"clumpRadius":null,"maxClumpCount":null,"minClumpCount":null,"probability":null,"sizeMax":null,"sizeMin":null,"windScale":null},{"billboardUVs":null,"clumpExponent":null,"clumpRadius":null,"maxClumpCount":null,"minClumpCount":null,"probability":null,"sizeMax":null,"sizeMin":null,"windScale":null}],"dissolveRadius":45,"gridSize":8,"material":"wca_groundcover","maxBillboardTiltAngle":60,"maxElements":150000,"radius":60,"windGustFrequency":0.200000003,"windGustStrength":0.100000001,"windTurbulenceFrequency":0.200000003,"windTurbulenceStrength":0.200000003}
{"name":"grass_mown_far","class":"GroundCover","persistentId":"43e60da8-7e13-4931-b31c-f2464a1bd01e","__parent":"vegetation","position":[205.238998,-474.692993,41.6987991],"Types":[{"billboardUVs":[0.492188007,0.523437977,0.261718005,0.160157993],"clumpExponent":2,"clumpRadius":0.400000006,"layer":"grass2","maxClumpCount":10,"minClumpCount":5,"probability":1,"sizeMax":0.25,"sizeMin":0.200000003,"windScale":0.100000001},{"billboardUVs":null,"clumpExponent":null,"clumpRadius":null,"maxClumpCount":null,"minClumpCount":null,"probability":null,"sizeMax":null,"sizeMin":null,"windScale":null},{"billboardUVs":null,"clumpExponent":null,"clumpRadius":null,"maxClumpCount":null,"minClumpCount":null,"probability":null,"sizeMax":null,"sizeMin":null,"windScale":null},{"billboardUVs":null,"clumpExponent":null,"clumpRadius":null,"maxClumpCount":null,"minClumpCount":null,"probability":null,"sizeMax":null,"sizeMin":null,"windScale":null},{"billboardUVs":null,"clumpExponent":null,"clumpRadius":null,"maxClumpCount":null,"minClumpCount":null,"probability":null,"sizeMax":null,"sizeMin":null,"windScale":null},{"billboardUVs":null,"clumpExponent":null,"clumpRadius":null,"maxClumpCount":null,"minClumpCount":null,"probability":null,"sizeMax":null,"sizeMin":null,"windScale":null},{"billboardUVs":null,"clumpExponent":null,"clumpRadius":null,"maxClumpCount":null,"minClumpCount":null,"probability":null,"sizeMax":null,"sizeMin":null,"windScale":null},{"billboardUVs":null,"clumpExponent":null,"clumpRadius":null,"maxClumpCount":null,"minClumpCount":null,"probability":null,"sizeMax":null,"sizeMin":null,"windScale":null}],"gridSize":8,"material":"wca_groundcover","maxBillboardTiltAngle":60,"maxElements":150000,"radius":70,"windGustFrequency":0.200000003,"windGustStrength":0.100000001,"windTurbulenceFrequency":0.200000003,"windTurbulenceStrength":0.200000003}
{"name":"Grass_field_mesh","class":"GroundCover","persistentId":"b9a629ea-18d0-4e16-8d5a-bbdd100da77b","__parent":"vegetation","position":[339.925995,308.618011,80.4417038],"Types":[{"layer":"grass2","probability":1,"shapeFilename":"levels/west_coast_usa/art/groundcover/grass_field_closetop.dae","sizeMax":0.850000024,"sizeMin":0.699999988},{"probability":null,"sizeMax":null,"sizeMin":null},{"probability":null,"sizeMax":null,"sizeMin":null},{"probability":null,"sizeMax":null,"sizeMin":null},{"probability":null,"sizeMax":null,"sizeMin":null},{"probability":null,"sizeMax":null,"sizeMin":null},{"probability":null,"sizeMax":null,"sizeMin":null},{"probability":null,"sizeMax":null,"sizeMin":null}],"dissolveRadius":5,"gridSize":5,"material":"grass_field","maxElements":2000,"radius":13,"reflectScale":0,"shapeCullRadius":50,"shapesCastShadows":false}
{"name":"shrubs_med","class":"GroundCover","persistentId":"75a84e6f-f0dd-4259-9e89-950f862b84aa","__parent":"vegetation","position":[292.126007,-401.613007,120.792999],"Types":[{"billboardUVs":[0.492188007,0,0.253906012,0.242188007],"layer":"Forest","maxSlope":null,"probability":1,"sizeExponent":2,"sizeMax":2,"windScale":0.5},{"billboardUVs":[0.761718988,0.238280997,0.125,0.148436993],"layer":"Forest","maxSlope":60,"probability":0.300000012,"sizeExponent":null,"sizeMax":1.5,"windScale":0.5},{"billboardUVs":[0.496093988,0.238281995,0.257813007,0.269531012],"layer":"Forest","maxSlope":60,"probability":0.5,"sizeExponent":null,"sizeMax":2,"windScale":null},{"billboardUVs":[0.875,0.257813007,0.125,0.128905997],"layer":"Forest","maxSlope":60,"probability":0.300000012,"sizeExponent":null,"sizeMax":1.5,"windScale":null},{"billboardUVs":null,"maxSlope":null,"probability":null,"sizeExponent":null,"sizeMax":null,"windScale":null},{"billboardUVs":null,"maxSlope":null,"probability":null,"sizeExponent":null,"sizeMax":null,"windScale":null},{"billboardUVs":null,"maxSlope":null,"probability":null,"sizeExponent":null,"sizeMax":null,"windScale":null},{"billboardUVs":null,"maxSlope":null,"probability":null,"sizeExponent":null,"sizeMax":null,"windScale":null}],"dissolveRadius":150,"gridSize":2,"material":"wca_groundcover","maxElements":100000,"reflectScale":0,"seed":2,"shapeCullRadius":200,"windGustStrength":0.899999976,"windTurbulenceFrequency":0.5,"zOffset":-0.150000006}
{"name":"shrubs_near","class":"GroundCover","persistentId":"8a02d3e2-fb0b-43fe-bfe6-3f08ce9ee1b8","__parent":"vegetation","position":[344.696014,-1068.18005,167.778],"Types":[{"billboardUVs":[0.492188007,0,0.253906012,0.242188007],"layer":"Forest","maxSlope":null,"probability":1,"sizeExponent":2,"sizeMax":2,"windScale":0.5},{"billboardUVs":[0.761718988,0.238280997,0.125,0.148436993],"layer":"Forest","maxSlope":60,"probability":0.300000012,"sizeExponent":null,"sizeMax":1.5,"windScale":0.5},{"billboardUVs":[0.496093988,0.238281995,0.257813007,0.269531012],"layer":"Forest","maxSlope":60,"probability":0.5,"sizeExponent":null,"sizeMax":2,"windScale":null},{"billboardUVs":[0.875,0.257813007,0.125,0.128905997],"layer":"Forest","maxSlope":60,"probability":0.300000012,"sizeExponent":null,"sizeMax":1.5,"windScale":null},{"billboardUVs":null,"maxSlope":null,"probability":null,"sizeExponent":null,"sizeMax":null,"windScale":null},{"billboardUVs":null,"maxSlope":null,"probability":null,"sizeExponent":null,"sizeMax":null,"windScale":null},{"billboardUVs":null,"maxSlope":null,"probability":null,"sizeExponent":null,"sizeMax":null,"windScale":null},{"billboardUVs":null,"maxSlope":null,"probability":null,"sizeExponent":null,"sizeMax":null,"windScale":null}],"dissolveRadius":75,"gridSize":2,"material":"wca_groundcover","maxElements":50000,"radius":100,"reflectScale":0,"seed":2,"shapeCullRadius":200,"windGustFrequency":0.200000003,"windGustStrength":0.899999976,"windTurbulenceFrequency":0.5,"zOffset":-0.150000006}
{"name":"shrubs_far","class":"GroundCover","persistentId":"bd5bf393-b1ac-4982-b461-ef95e4839ff2","__parent":"vegetation","position":[339.925995,308.618011,80.4417038],"Types":[{"billboardUVs":[0.492188007,0,0.253906012,0.242188007],"layer":"Forest","maxSlope":null,"probability":1,"sizeExponent":2,"sizeMax":2,"sizeMin":null,"windScale":0.5},{"billboardUVs":[0.761718988,0,0.238280997,0.238280997],"layer":"Forest","maxSlope":60,"probability":1,"sizeExponent":null,"sizeMax":1.5,"sizeMin":null,"windScale":0.5},{"billboardUVs":[0.496093988,0.238281995,0.257813007,0.269531012],"layer":"Forest","maxSlope":60,"probability":0.5,"sizeExponent":null,"sizeMax":1.25,"sizeMin":0.75,"windScale":null},{"billboardUVs":[0.746093988,0.242188007,0.136719003,0.144530997],"layer":"Forest","maxSlope":60,"probability":0.200000003,"sizeExponent":null,"sizeMax":2,"sizeMin":null,"windScale":null},{"billboardUVs":null,"maxSlope":null,"probability":null,"sizeExponent":null,"sizeMax":null,"sizeMin":null,"windScale":null},{"billboardUVs":null,"maxSlope":null,"probability":null,"sizeExponent":null,"sizeMax":null,"sizeMin":null,"windScale":null},{"billboardUVs":null,"maxSlope":null,"probability":null,"sizeExponent":null,"sizeMax":null,"sizeMin":null,"windScale":null},{"billboardUVs":null,"maxSlope":null,"probability":null,"sizeExponent":null,"sizeMax":null,"sizeMin":null,"windScale":null}],"dissolveRadius":300,"gridSize":2,"material":"wca_groundcover","maxElements":150000,"radius":400,"reflectScale":0,"seed":2,"shapeCullRadius":200,"windTurbulenceFrequency":0.699999988,"zOffset":-0.150000006}
{"name":"grass_dry_short","class":"GroundCover","persistentId":"c5835c95-1b79-4069-b3ae-f2f52aea3179","__parent":"vegetation","position":[390.730988,-693.969971,80.4564972],"Types":[{"billboardUVs":[0.746093988,0.394531012,0.132813007,0.117187999],"clumpExponent":0,"clumpRadius":2,"layer":"dirt_grass","maxClumpCount":0,"minClumpCount":0,"probability":1,"sizeExponent":10,"sizeMax":0.699999988,"sizeMin":0.400000006,"windScale":0.300000012},{"billboardUVs":[0.75,0.519532025,0.25,0.160154998],"clumpExponent":null,"clumpRadius":null,"layer":"dirt_grass","maxClumpCount":null,"minClumpCount":null,"probability":1,"sizeExponent":3,"sizeMax":0.699999988,"sizeMin":0.300000012,"windScale":0.300000012},{"billboardUVs":[0.5,0,0.5,0.5],"clumpExponent":null,"clumpRadius":null,"layer":"grass","maxClumpCount":null,"minClumpCount":null,"probability":null,"sizeExponent":null,"sizeMax":3,"sizeMin":2,"windScale":0.300000012},{"billboardUVs":[0.5,0.527343988,0.5,0.472656012],"clumpExponent":null,"clumpRadius":null,"layer":"grass","maxClumpCount":null,"minClumpCount":null,"probability":null,"sizeExponent":null,"sizeMax":4,"sizeMin":2,"windScale":0.300000012},{"billboardUVs":null,"clumpExponent":null,"clumpRadius":null,"maxClumpCount":null,"minClumpCount":null,"probability":null,"sizeExponent":null,"sizeMax":null,"sizeMin":null,"windScale":null},{"billboardUVs":null,"clumpExponent":null,"clumpRadius":null,"maxClumpCount":null,"minClumpCount":null,"probability":null,"sizeExponent":null,"sizeMax":null,"sizeMin":null,"windScale":null},{"billboardUVs":null,"clumpExponent":null,"clumpRadius":null,"maxClumpCount":null,"minClumpCount":null,"probability":null,"sizeExponent":null,"sizeMax":null,"sizeMin":null,"windScale":null},{"billboardUVs":null,"clumpExponent":null,"clumpRadius":null,"maxClumpCount":null,"minClumpCount":null,"probability":null,"sizeExponent":null,"sizeMax":null,"sizeMin":null,"windScale":null}],"gridSize":2,"material":"wca_groundcover","maxBillboardTiltAngle":45,"maxElements":300000,"radius":80,"shapesCastShadows":false,"windDirection":[1,1],"windGustFrequency":0.200000003,"windTurbulenceFrequency":0.5,"windTurbulenceStrength":0.300000012}
{"name":"grass_dry_far","class":"GroundCover","persistentId":"c0bdef2d-fb99-41fe-86a8-9337e38c1e15","__parent":"vegetation","position":[-256.763,-365.772003,59.9501991],"Types":[{"billboardUVs":[0,0.257813007,0.25,0.242188007],"clumpExponent":0,"clumpRadius":2,"layer":"grass","maxClumpCount":0,"minClumpCount":0,"probability":1,"sizeExponent":10,"sizeMax":0.850000024,"sizeMin":0.400000006,"windScale":0.300000012},{"billboardUVs":[0,0,0.261718988,0.257813007],"clumpExponent":null,"clumpRadius":null,"layer":"grass","maxClumpCount":null,"minClumpCount":null,"probability":1,"sizeExponent":3,"sizeMax":0.850000024,"sizeMin":0.400000006,"windScale":0.300000012},{"billboardUVs":[0.265625,0,0.222655997,0.257813007],"clumpExponent":null,"clumpRadius":3,"layer":"grass","maxClumpCount":4,"minClumpCount":3,"probability":2,"sizeExponent":null,"sizeMax":0.949999988,"sizeMin":0.400000006,"windScale":0.300000012},{"billboardUVs":[0.25,0.265625,0.25,0.242186993],"clumpExponent":null,"clumpRadius":2,"layer":"grass","maxClumpCount":3,"minClumpCount":null,"probability":1,"sizeExponent":null,"sizeMax":null,"sizeMin":0.810000002,"windScale":0.300000012},{"billboardUVs":null,"clumpExponent":null,"clumpRadius":null,"maxClumpCount":null,"minClumpCount":null,"probability":null,"sizeExponent":null,"sizeMax":null,"sizeMin":null,"windScale":null},{"billboardUVs":null,"clumpExponent":null,"clumpRadius":null,"maxClumpCount":null,"minClumpCount":null,"probability":null,"sizeExponent":null,"sizeMax":null,"sizeMin":null,"windScale":null},{"billboardUVs":null,"clumpExponent":null,"clumpRadius":null,"maxClumpCount":null,"minClumpCount":null,"probability":null,"sizeExponent":null,"sizeMax":null,"sizeMin":null,"windScale":null},{"billboardUVs":null,"clumpExponent":null,"clumpRadius":null,"maxClumpCount":null,"minClumpCount":null,"probability":null,"sizeExponent":null,"sizeMax":null,"sizeMin":null,"windScale":null}],"dissolveRadius":250,"gridSize":16,"material":"wca_groundcover","maxBillboardTiltAngle":45,"maxElements":18000,"radius":300,"shapesCastShadows":false,"windGustFrequency":0.200000003,"windGustStrength":0.200000003,"windTurbulenceFrequency":0.5,"windTurbulenceStrength":0.300000012,"zOffset":-0.150000006}
{"name":"grass_dry_med","class":"GroundCover","persistentId":"9609de0d-804d-4788-a23b-1c9c17e12548","__parent":"vegetation","position":[354.632996,-556.466003,29.3901997],"Types":[{"billboardUVs":[0,0.257813007,0.238280997,0.242188007],"clumpExponent":0,"clumpRadius":2,"layer":"grass","maxClumpCount":0,"minClumpCount":0,"probability":1,"sizeExponent":10,"sizeMax":0.680000007,"sizeMin":0.449999988,"windScale":0.300000012},{"billboardUVs":[0,0,0.25,0.253906995],"clumpExponent":null,"clumpRadius":null,"layer":"grass","maxClumpCount":null,"minClumpCount":null,"probability":0.5,"sizeExponent":3,"sizeMax":0.75,"sizeMin":0.419999987,"windScale":0.300000012},{"billboardUVs":[0.25,0,0.25,0.257813007],"clumpExponent":null,"clumpRadius":3,"layer":"grass","maxClumpCount":null,"minClumpCount":null,"probability":0.0500000007,"sizeExponent":null,"sizeMax":null,"sizeMin":0.349999994,"windScale":0.100000001},{"billboardUVs":[0.246094003,0.261718988,0.257813007,0.242186993],"clumpExponent":null,"clumpRadius":null,"layer":"grass","maxClumpCount":3,"minClumpCount":null,"probability":0.0299999993,"sizeExponent":null,"sizeMax":null,"sizeMin":0.785000026,"windScale":0.100000001},{"billboardUVs":null,"clumpExponent":null,"clumpRadius":null,"maxClumpCount":null,"minClumpCount":null,"probability":null,"sizeExponent":null,"sizeMax":null,"sizeMin":null,"windScale":null},{"billboardUVs":null,"clumpExponent":null,"clumpRadius":null,"maxClumpCount":null,"minClumpCount":null,"probability":null,"sizeExponent":null,"sizeMax":null,"sizeMin":null,"windScale":null},{"billboardUVs":null,"clumpExponent":null,"clumpRadius":null,"maxClumpCount":null,"minClumpCount":null,"probability":null,"sizeExponent":null,"sizeMax":null,"sizeMin":null,"windScale":null},{"billboardUVs":null,"clumpExponent":null,"clumpRadius":null,"maxClumpCount":null,"minClumpCount":null,"probability":null,"sizeExponent":null,"sizeMax":null,"sizeMin":null,"windScale":null}],"dissolveRadius":100,"gridSize":4,"material":"wca_groundcover","maxBillboardTiltAngle":45,"maxElements":200001,"radius":120,"shapesCastShadows":false,"windGustFrequency":0.200000003,"windGustStrength":0.200000003,"windTurbulenceFrequency":0.5,"windTurbulenceStrength":0.300000012,"zOffset":-0.0500000007}
{"name":"grass_dry_near","class":"GroundCover","persistentId":"c2b99a1f-007d-4119-a4db-1c861b5022f9","__parent":"vegetation","position":[-1024,-1024,0],"Types":[{"billboardUVs":[0,0.261718988,0.25,0.238280997],"clumpExponent":0,"clumpRadius":2,"layer":"grass","maxClumpCount":0,"minClumpCount":0,"probability":1,"sizeExponent":10,"sizeMax":0.74000001,"sizeMin":0.400000006,"windScale":0.300000012},{"billboardUVs":[0,0,0.25,0.257813007],"clumpExponent":null,"clumpRadius":null,"layer":"grass","maxClumpCount":2,"minClumpCount":null,"probability":1,"sizeExponent":3,"sizeMax":0.75,"sizeMin":0.349999994,"windScale":0.300000012},{"billboardUVs":[0.5,0,0.5,0.5],"clumpExponent":null,"clumpRadius":3,"layer":"grass","maxClumpCount":null,"minClumpCount":null,"probability":null,"sizeExponent":null,"sizeMax":3,"sizeMin":2,"windScale":0.300000012},{"billboardUVs":[0.5,0.527343988,0.5,0.472656012],"clumpExponent":null,"clumpRadius":null,"layer":"grass","maxClumpCount":3,"minClumpCount":null,"probability":null,"sizeExponent":null,"sizeMax":4,"sizeMin":2,"windScale":0.300000012},{"billboardUVs":null,"clumpExponent":null,"clumpRadius":null,"maxClumpCount":null,"minClumpCount":null,"probability":null,"sizeExponent":null,"sizeMax":null,"sizeMin":null,"windScale":null},{"billboardUVs":null,"clumpExponent":null,"clumpRadius":null,"maxClumpCount":null,"minClumpCount":null,"probability":null,"sizeExponent":null,"sizeMax":null,"sizeMin":null,"windScale":null},{"billboardUVs":null,"clumpExponent":null,"clumpRadius":null,"maxClumpCount":null,"minClumpCount":null,"probability":null,"sizeExponent":null,"sizeMax":null,"sizeMin":null,"windScale":null},{"billboardUVs":null,"clumpExponent":null,"clumpRadius":null,"maxClumpCount":null,"minClumpCount":null,"probability":null,"sizeExponent":null,"sizeMax":null,"sizeMin":null,"windScale":null}],"dissolveRadius":40,"gridSize":4,"material":"wca_groundcover","maxBillboardTiltAngle":45,"maxElements":100000,"radius":50,"shapesCastShadows":false,"windGustFrequency":0.200000003,"windGustStrength":0.200000003,"windTurbulenceFrequency":0.5,"windTurbulenceStrength":0.300000012,"zOffset":-0.100000001}
