{"name":"theLevelInfo","class":"LevelInfo","persistentId":"591f199e-ae79-4a0b-9c1d-4ffcacd374d7","__parent":"Level_objects","canvasClearColor":"black","enabled":"1","fogAtmosphereHeight":1100,"fogColor":[0.800000012,0.945097983,0.996078014,1],"fogDensity":0.000300000014,"fogDensityOffset":10,"globalEnviromentMap":"cubemap_industrial_reflection","gravity":-9.81000042,"temperatureCurveC":[0,30,0.200000003,31,0.400000006,27,0.5,26,0.800000012,26,1,30],"visibleDistance":16000}
{"name":"Water","class":"SimGroup","persistentId":"12ed7618-40f5-49c0-b52e-b3d5a5bffee3","__parent":"Level_objects"}
{"name":"vegetation","class":"SimGroup","persistentId":"c6fcbcfe-a606-47e1-bc45-655ec58cf2d1","__parent":"Level_objects"}
{"name":"dynamic_lights","class":"SimGroup","persistentId":"d7fca675-b610-4ab3-98d1-28314d56983b","__parent":"Level_objects"}
{"name":"tod","class":"TimeOfDay","persistentId":"3c197915-33ed-4bc8-87e3-49cdb032031b","__parent":"Level_objects","position":[552.965027,-128.326004,124.619003],"animate":"0","axisTilt":-20,"azimuthOverride":0,"enableStartTimeFallBack":false,"play":false,"startTime":0.920000017,"time":0.150000006}
{"name":"Industrial","class":"TerrainBlock","persistentId":"c75758fe-0c86-4260-b148-63f1944b5f71","__parent":"Level_objects","position":[-512,-512,0],"materialTextureSet":"industrialTerrainMaterialTextureSet","maxHeight":100,"minimapImage":"levels/industrial/industrial_v2_minimap.png","terrainFile":"/levels/industrial/Industrial_v2.ter"}
{"name":"clouds1","class":"CloudLayer","persistentId":"aad33424-c5e2-4c09-884c-1562b4a7aafa","__parent":"Level_objects","position":[-1278.56006,-1211.32996,-186.731003],"Textures":[{"texDirection":null,"texScale":null,"texSpeed":0.00200000009},{"texDirection":[0.800000012,0.200000003],"texScale":2,"texSpeed":0.0250000004},{"texDirection":[0.200000003,0.5],"texScale":0.5,"texSpeed":0.0350000001}],"baseColor":[0.996078014,0.996078014,0.996078014,0.996078014],"cloneOrigin":"clouds","coverage":0.200000003,"exposure":1.5,"height":7,"texture":"levels/industrial/art/skies/clouds_fluffy.dds","windSpeed":0.0299999993}
{"name":"testclouds2","class":"CloudLayer","persistentId":"f36da419-d98d-4096-a052-ab4e840c0c3a","__parent":"Level_objects","position":[-258.761993,-881.10199,-43.6509018],"Textures":[{"texDirection":null,"texSpeed":0},{"texDirection":[0.800000012,0.200000003],"texSpeed":0},{"texDirection":[0.200000003,0.5],"texSpeed":0}],"baseColor":[0.996078014,0.996078014,0.996078014,0.996078014],"cloneOrigin":"clouds1","coverage":0.25,"exposure":1.5,"height":2.5,"texture":"levels/industrial/art/skies/clouds_fluffy_horizon.dds","windSpeed":0}
{"class":"TSStatic","persistentId":"9d61aac2-58f8-436a-b429-b45340b86112","__parent":"Level_objects","position":[-1050,440,8],"annotation":"NATURE","collisionType":"Visible Mesh Final","ind_backdrop_source":"ind_backdrop_source_mat","isRenderEnabled":false,"scale":[100,100,100],"shapeName":"/levels/industrial/art/shapes/misc/ind_backdrop.dae"}
{"name":"sunsky","class":"ScatterSky","persistentId":"25209345-9b9c-4a93-acda-789aec4adc2e","__parent":"Level_objects","position":[70.3971024,4.53920984,73.9923019],"ambientScale":[1,0.894117653,0.78039217,1],"ambientScaleGradientFile":"art/sky_gradients/default/gradient_ambient.png","azimuth":245.777405,"colorize":[0.215686277,0.349019617,0.603921592,1],"colorizeGradientFile":"art/sky_gradients/default/gradient_colorize.png","elevation":33.5275192,"enableFogFallBack":false,"fadeStartDistance":1000,"flareScale":5,"flareType":"BNG_Sunflare_3","fogScale":[0.396078438,0.666666687,1,1],"fogScaleGradientFile":"art/sky_gradients/default/gradient_fog.png","lastSplitTerrainOnly":true,"logWeight":0.980000019,"mieScattering":0.000401154364,"moonLightColor":[0.0980392024,0.0980392024,0.0980392024,1],"moonMat":"Moon_Glow_Mat","moonScale":0.0299999993,"nightColor":[1,0.894117653,0.78039217,1],"nightCubemap":"nightCubemap","nightFogColor":[0.396078438,0.666666687,1,1],"nightFogGradientFile":"art/sky_gradients/default/gradient_fog.png","nightGradientFile":"art/sky_gradients/default/gradient_ambient.png","occlusionScale":0.0250000004,"overDarkFactor":[40000,8000,5000,650],"shadowDarkenColor":[0,0,0,0],"shadowDistance":1600,"shadowSoftness":0.200000003,"skyBrightness":40,"sunScale":[0.996078432,0.831372559,0.729411781,1],"sunScaleGradientFile":"art/sky_gradients/default/gradient_sunscale.png","texSize":1024,"useNightCubemap":true}
