{"class":"DecalRoad","persistentId":"632f84e5-897b-4046-bcd8-cb0c1db510a0","__parent":"gas_stations_decalroads","position":[31.1977139,721.459961,74.7200317],"detail":0.200000003,"distanceFade":[200,50],"material":"road_slashes_tram","nodes":[[31.1977139,721.459961,74.7200317,6],[35.6444244,710.517639,74.7200317,6]],"renderPriority":8,"textureLength":16}
{"class":"DecalRoad","persistentId":"cbf2e212-5b1d-4231-bac2-c981b5050514","__parent":"gas_stations_decalroads","position":[-806.574036,859.452759,74.8726273],"improvedSpline":true,"material":"sidewalk_concrete","nodes":[[-806.574036,859.452759,74.8726273,7.75],[-788.906372,859.403809,74.8667603,7.75]],"renderPriority":21,"textureLength":38}
{"class":"DecalRoad","persistentId":"d9e67d9b-1a34-459a-95f0-4a231cf3720d","__parent":"gas_stations_decalroads","position":[-806.641907,851.895142,74.8726273],"improvedSpline":true,"material":"sidewalk_concrete","nodes":[[-806.641907,851.895142,74.8726273,7.75],[-788.906372,851.661499,74.8667603,7.75]],"renderPriority":21,"textureLength":38}
{"class":"DecalRoad","persistentId":"233c8880-d5a9-4446-a0f9-b55fcb7cf848","__parent":"gas_stations_decalroads","position":[-806.738831,844.146973,74.8726273],"improvedSpline":true,"material":"sidewalk_concrete","nodes":[[-806.738831,844.146973,74.8726273,7.75],[-788.906372,843.907349,74.8667603,7.75]],"renderPriority":21,"textureLength":38}
