{"class":"TSStatic","persistentId":"1257d79e-b400-4ead-ae50-5a47f326800b","__parent":"hospital","position":[154.5,1397.5,187],"annotation":"SIDEWALK","isRenderEnabled":false,"rotationMatrix":[0.707106233,0.707107306,1.64636152e-10,-0.707107306,0.707106233,-1.6463636e-10,-2.32830838e-10,-4.85722573e-17,1],"shapeName":"/levels/italy/art/shapes/buildings/italy_bld_hospital_sidewalk.dae","useInstanceRenderData":true}
{"class":"TSStatic","persistentId":"059de134-2b25-4dda-9a58-1b64b983fd12","__parent":"hospital","position":[166.696411,1360.17163,187.075256],"annotation":"OBSTACLES","isRenderEnabled":false,"rotationMatrix":[0.707106709,-0.707106769,0,0.707106769,0.707106709,0,0,0,1],"shapeName":"/levels/italy/art/shapes/buildings/italy_city_tree_pot_small.dae"}
{"class":"TSStatic","persistentId":"09e86dbe-9c5f-4370-8bd5-99595c07c5b9","__parent":"hospital","position":[181.956955,1375.43213,187.111481],"annotation":"OBSTACLES","isRenderEnabled":false,"rotationMatrix":[0.707106709,-0.707106769,0,0.707106769,0.707106709,0,0,0,1],"shapeName":"/levels/italy/art/shapes/buildings/italy_city_tree_pot_small.dae"}
{"class":"TSStatic","persistentId":"0d7bd11a-e122-4874-bcb3-79776225baf5","__parent":"hospital","position":[192.70842,1358.65295,187.075256],"annotation":"OBSTACLES","isRenderEnabled":false,"rotationMatrix":[0.707106709,-0.707106769,0,0.707106769,0.707106709,0,0,0,1],"shapeName":"/levels/italy/art/shapes/buildings/italy_city_tree_pot_small.dae"}
{"class":"TSStatic","persistentId":"13d57e4c-0e6e-4a40-8f9e-845779376396","__parent":"hospital","position":[165.862579,1386.92456,186.889389],"annotation":"OBSTACLES","isRenderEnabled":false,"rotationMatrix":[0.707106829,0.707106769,0,-0.707106769,0.707106829,0,0,0,1],"shapeName":"/levels/italy/art/shapes/buildings/italy_city_tree_pot_wplant.dae"}
{"class":"TSStatic","persistentId":"27ca29e4-5d0f-4b85-9911-64ac7bd09399","__parent":"hospital","position":[174.165436,1398.79309,186.889389],"annotation":"OBSTACLES","isRenderEnabled":false,"rotationMatrix":[-0.707106829,0.707106829,0,-0.707106769,-0.707106769,0,0,0,1],"shapeName":"/levels/italy/art/shapes/buildings/italy_city_tree_pot_wplant.dae"}
{"class":"TSStatic","persistentId":"37342f19-8abe-4afd-aa5d-3619561c7019","__parent":"hospital","position":[135.198486,1387.22742,186.957062],"annotation":"OBSTACLES","isRenderEnabled":false,"rotationMatrix":[0.707106769,-0.707106709,0,0.707106709,0.707106769,0,0,0,1],"shapeName":"/levels/italy/art/shapes/buildings/italy_city_tree_pot.dae"}
{"class":"TSStatic","persistentId":"452a1667-dcc9-4f53-bbfd-fb9dfe14742f","__parent":"hospital","position":[160.482193,1399.896,186.959488],"annotation":"OBSTACLES","isRenderEnabled":false,"rotationMatrix":[0.707106829,-0.707106709,0,0.707106709,0.707106829,0,0,0,1],"shapeName":"/levels/italy/art/shapes/buildings/italy_city_tree_pot.dae"}
{"class":"TSStatic","persistentId":"46873f80-f7b5-40ef-a9f5-8bf8023b225e","__parent":"hospital","position":[154.5,1397.5,187],"annotation":"BUILDINGS","isRenderEnabled":false,"rotationMatrix":[0.707106709,0.707106769,0,-0.707106829,0.707106769,0,0,0,1],"shapeName":"/levels/italy/art/shapes/buildings/italy_bld_hospital.dae"}
{"class":"TSStatic","persistentId":"5372e0a5-bb58-456c-9b6a-bd259a80a482","__parent":"hospital","position":[149.254486,1399.94458,186.959488],"annotation":"OBSTACLES","isRenderEnabled":false,"rotationMatrix":[0.707106829,-0.707106709,0,0.707106709,0.707106829,0,0,0,1],"shapeName":"/levels/italy/art/shapes/buildings/italy_city_tree_pot.dae"}
{"class":"TSStatic","persistentId":"566a03ca-b370-4856-a79b-54470b92a8df","__parent":"hospital","position":[170.549057,1364.02429,187.075256],"annotation":"OBSTACLES","isRenderEnabled":false,"rotationMatrix":[0.707106709,-0.707106769,0,0.707106769,0.707106709,0,0,0,1],"shapeName":"/levels/italy/art/shapes/buildings/italy_city_tree_pot_small.dae"}
{"class":"TSStatic","persistentId":"57d1e119-ed16-4c50-8a48-e2c2910d9dfa","__parent":"hospital","position":[193.37854,1386.85388,187.141983],"annotation":"OBSTACLES","isRenderEnabled":false,"rotationMatrix":[0.707106709,-0.707106769,0,0.707106769,0.707106709,0,0,0,1],"shapeName":"/levels/italy/art/shapes/buildings/italy_city_tree_pot_small.dae"}
{"class":"TSStatic","persistentId":"622ed08d-21c6-45a7-8bde-cb68935d8d82","__parent":"hospital","position":[142.249817,1380.17615,186.957062],"annotation":"OBSTACLES","isRenderEnabled":false,"rotationMatrix":[0.707106769,-0.707106709,0,0.707106709,0.707106769,0,0,0,1],"shapeName":"/levels/italy/art/shapes/buildings/italy_city_tree_pot.dae"}
{"class":"TSStatic","persistentId":"62b50f86-dccb-4434-9f29-3912aaeba7e9","__parent":"hospital","position":[178.155762,1371.63098,187.111481],"annotation":"OBSTACLES","isRenderEnabled":false,"rotationMatrix":[0.707106709,-0.707106769,0,0.707106769,0.707106709,0,0,0,1],"shapeName":"/levels/italy/art/shapes/buildings/italy_city_tree_pot_small.dae"}
{"class":"TSStatic","persistentId":"688f8061-1c2e-435a-b123-7a5907910a77","__parent":"hospital","position":[161.552994,1391.22949,186.889389],"annotation":"OBSTACLES","isRenderEnabled":false,"rotationMatrix":[0.707106829,0.707106769,0,-0.707106769,0.707106829,0,0,0,1],"shapeName":"/levels/italy/art/shapes/buildings/italy_city_tree_pot_wplant.dae"}
{"class":"TSStatic","persistentId":"694f7b92-99e8-4d54-8af3-2e6d9c86bd4e","__parent":"hospital","position":[200.351837,1366.29626,187.075256],"annotation":"OBSTACLES","isRenderEnabled":false,"rotationMatrix":[0.707106709,-0.707106769,0,0.707106769,0.707106709,0,0,0,1],"shapeName":"/levels/italy/art/shapes/buildings/italy_city_tree_pot_small.dae"}
{"class":"TSStatic","persistentId":"6ce3e7e8-4653-4836-9ad1-95be4368723f","__parent":"hospital","position":[166.249039,1399.96814,186.959488],"annotation":"OBSTACLES","isRenderEnabled":false,"rotationMatrix":[0.707106829,-0.707106709,0,0.707106709,0.707106829,0,0,0,1],"shapeName":"/levels/italy/art/shapes/buildings/italy_city_tree_pot.dae"}
{"class":"TSStatic","persistentId":"6ed57b4e-e93e-408d-8dde-11b5cb4e2205","__parent":"hospital","position":[211.773422,1377.71802,187.075256],"annotation":"OBSTACLES","isRenderEnabled":false,"rotationMatrix":[0.707106709,-0.707106769,0,0.707106769,0.707106709,0,0,0,1],"shapeName":"/levels/italy/art/shapes/buildings/italy_city_tree_pot_small.dae"}
{"class":"TSStatic","persistentId":"7401d1ac-013b-473d-83a7-969c72f7eebf","__parent":"hospital","position":[169.530884,1403.41431,186.889389],"annotation":"OBSTACLES","isRenderEnabled":false,"rotationMatrix":[-0.707106829,0.707106829,0,-0.707106769,-0.707106769,0,0,0,1],"shapeName":"/levels/italy/art/shapes/buildings/italy_city_tree_pot_wplant.dae"}
{"class":"TSStatic","persistentId":"7463805e-af31-480b-bb82-f4e0b29f40a4","__parent":"hospital","position":[147.554291,1423.99463,186.986298],"annotation":"TRAFFIC_SIGNS","isRenderEnabled":false,"rotationMatrix":[-0.70710659,-0.707106352,0,0.707106352,-0.70710659,0,0,0,1],"shapeName":"/levels/italy/art/shapes/signs/italy_traf_sign_no_parking.dae"}
{"class":"TSStatic","persistentId":"8220ed2c-b17c-4176-812f-de1fb0ed877e","__parent":"hospital","position":[171.86615,1401.09241,186.889389],"annotation":"OBSTACLES","isRenderEnabled":false,"rotationMatrix":[-0.707106829,0.707106829,0,-0.707106769,-0.707106769,0,0,0,1],"shapeName":"/levels/italy/art/shapes/buildings/italy_city_tree_pot_wplant.dae"}
{"class":"TSStatic","persistentId":"91081771-8f44-4aa7-9403-8f55a4818a0b","__parent":"hospital","position":[173.200333,1394.27344,186.889389],"annotation":"OBSTACLES","isRenderEnabled":false,"rotationMatrix":[0.707106829,0.707106769,0,-0.707106769,0.707106829,0,0,0,1],"shapeName":"/levels/italy/art/shapes/buildings/italy_city_tree_pot_wplant.dae"}
{"class":"TSStatic","persistentId":"9ab9be48-4b34-4b3e-9a05-83b6051a2c60","__parent":"hospital","position":[150.649078,1427.05432,186.986298],"annotation":"TRAFFIC_SIGNS","isRenderEnabled":false,"rotationMatrix":[-0.70710659,-0.707106352,0,0.707106352,-0.70710659,0,0,0,1],"shapeName":"/levels/italy/art/shapes/signs/italy_traf_sign_no_parking.dae"}
{"class":"TSStatic","persistentId":"a0f4169c-b649-42d0-80fd-2b995fe404bb","__parent":"hospital","position":[196.550644,1362.49512,187.075256],"annotation":"OBSTACLES","isRenderEnabled":false,"rotationMatrix":[0.707106709,-0.707106769,0,0.707106769,0.707106709,0,0,0,1],"shapeName":"/levels/italy/art/shapes/buildings/italy_city_tree_pot_small.dae"}
{"class":"TSStatic","persistentId":"a14b1922-e933-43ff-ad13-a245bea275ad","__parent":"hospital","position":[162.490997,1398.54382,186.102295],"annotation":"OBSTACLES","isRenderEnabled":false,"rotationMatrix":[0.965925813,-0.258819014,0,0.258819014,0.965925813,0,0,0,1],"shapeName":"/levels/italy/art/shapes/buildings/italy_city_tree_pot.dae"}
{"class":"TSStatic","persistentId":"a4e9b397-1381-46cf-96e1-8a58adc2621e","__parent":"hospital","position":[189.59845,1383.07373,187.131027],"annotation":"OBSTACLES","isRenderEnabled":false,"rotationMatrix":[0.707106709,-0.707106769,0,0.707106769,0.707106709,0,0,0,1],"shapeName":"/levels/italy/art/shapes/buildings/italy_city_tree_pot_small.dae"}
{"class":"TSStatic","persistentId":"b749102f-1a19-4148-a799-3990166ec8d1","__parent":"hospital","position":[174.313538,1367.78882,187.111481],"annotation":"OBSTACLES","isRenderEnabled":false,"rotationMatrix":[0.707106709,-0.707106769,0,0.707106769,0.707106709,0,0,0,1],"shapeName":"/levels/italy/art/shapes/buildings/italy_city_tree_pot_small.dae"}
{"class":"TSStatic","persistentId":"b8cef26f-61ed-433d-b6f6-9096b23256c7","__parent":"hospital","position":[174.895874,1405.72449,186.986298],"annotation":"TRAFFIC_SIGNS","isRenderEnabled":false,"rotationMatrix":[0.707106829,0.707106769,0,-0.707106769,0.707106829,0,0,0,1],"shapeName":"/levels/italy/art/shapes/signs/italy_traf_sign_no_parking.dae"}
{"class":"TSStatic","persistentId":"c0c5f522-9b77-498a-9c98-e0e32f61027e","__parent":"hospital","position":[168.184601,1389.25989,186.889389],"annotation":"OBSTACLES","isRenderEnabled":false,"rotationMatrix":[0.707106829,0.707106769,0,-0.707106769,0.707106829,0,0,0,1],"shapeName":"/levels/italy/art/shapes/buildings/italy_city_tree_pot_wplant.dae"}
{"class":"TSStatic","persistentId":"c5209f5c-fd0b-4aa7-89e9-ef3df3336a43","__parent":"hospital","position":[159.253601,1388.93018,186.889389],"annotation":"OBSTACLES","isRenderEnabled":false,"rotationMatrix":[0.707106829,0.707106769,0,-0.707106769,0.707106829,0,0,0,1],"shapeName":"/levels/italy/art/shapes/buildings/italy_city_tree_pot_wplant.dae"}
{"class":"TSStatic","persistentId":"cf433f6f-1059-412d-8d9a-ef0114b6aa69","__parent":"hospital","position":[163.563187,1384.62524,186.889389],"annotation":"OBSTACLES","isRenderEnabled":false,"rotationMatrix":[0.707106829,0.707106769,0,-0.707106769,0.707106829,0,0,0,1],"shapeName":"/levels/italy/art/shapes/buildings/italy_city_tree_pot_wplant.dae"}
{"class":"TSStatic","persistentId":"dfed895d-dd10-481c-832e-9d63aec632e2","__parent":"hospital","position":[207.993332,1373.93787,187.075256],"annotation":"OBSTACLES","isRenderEnabled":false,"rotationMatrix":[0.707106709,-0.707106769,0,0.707106769,0.707106709,0,0,0,1],"shapeName":"/levels/italy/art/shapes/buildings/italy_city_tree_pot_small.dae"}
{"class":"TSStatic","persistentId":"e47f5fc7-bce0-4436-aef0-9e1a7d8a9131","__parent":"hospital","position":[154.5,1397.5,187],"isRenderEnabled":false,"rotationMatrix":[0.707106829,0.707106709,0,-0.707106709,0.707106829,0,0,0,1],"shapeName":"/levels/italy/art/shapes/buildings/italy_bld_hospital_base.dae"}
{"class":"TSStatic","persistentId":"eace43ca-17c2-4908-878a-34e4eb865827","__parent":"hospital","position":[204.225174,1370.16968,187.075256],"annotation":"OBSTACLES","isRenderEnabled":false,"rotationMatrix":[0.707106709,-0.707106769,0,0.707106769,0.707106709,0,0,0,1],"shapeName":"/levels/italy/art/shapes/buildings/italy_city_tree_pot_small.dae"}
{"class":"TSStatic","persistentId":"ee563cbd-b409-474f-ab47-191e8133c143","__parent":"hospital","position":[175.499725,1396.57275,186.889389],"annotation":"OBSTACLES","isRenderEnabled":false,"rotationMatrix":[0.707106829,0.707106769,0,-0.707106769,0.707106829,0,0,0,1],"shapeName":"/levels/italy/art/shapes/buildings/italy_city_tree_pot_wplant.dae"}
{"class":"TSStatic","persistentId":"f2f3c961-b952-4859-bd4c-a831fb14dc77","__parent":"hospital","position":[185.830292,1379.30554,187.12648],"annotation":"OBSTACLES","isRenderEnabled":false,"rotationMatrix":[0.707106709,-0.707106769,0,0.707106769,0.707106709,0,0,0,1],"shapeName":"/levels/italy/art/shapes/buildings/italy_city_tree_pot_small.dae"}
{"class":"DecalRoad","persistentId":"018df1e2-59b4-4572-82af-8d342123dd60","__parent":"hospital","position":[158.878845,1377.6781,187.020874],"decalBias":0.00150000001,"distanceFade":[80,40],"improvedSpline":true,"material":"italy_road_markings_line_thin","nodes":[[158.878845,1377.6781,187.020874,0.150000006],[162.534042,1374.05701,187.017242,0.150000006]],"renderPriority":28,"startEndFade":[0.100000001,0.100000001],"textureLength":4}
{"class":"DecalRoad","persistentId":"01f21aef-6e4e-4966-a48d-d392533672b0","__parent":"hospital","position":[106.095955,1385.37939,187.014709],"decalBias":0.00150000001,"distanceFade":[80,40],"improvedSpline":true,"material":"italy_road_markings_line_thin","nodes":[[106.095955,1385.37939,187.014709,0.150000006],[108.920876,1390.23694,187.020874,0.150000006]],"renderPriority":28,"startEndFade":[0.100000001,0.100000001],"textureLength":4}
{"class":"DecalRoad","persistentId":"02e864cf-5e12-4b08-96e1-2739a62ae2e0","__parent":"hospital","position":[202.129974,1366.229,187.077774],"decalBias":0.00150000001,"distanceFade":[80,40],"improvedSpline":true,"material":"italy_road_markings_line_thin","nodes":[[202.129974,1366.229,187.077774,0.150000006],[205.531158,1362.8418,187.075439,0.150000006]],"renderPriority":28,"startEndFade":[0.100000001,0.100000001],"textureLength":4}
{"class":"DecalRoad","persistentId":"04fad487-5f37-433b-8c70-9a70829129d5","__parent":"hospital","position":[190.51564,1382.23767,187.15239],"decalBias":0.00150000001,"distanceFade":[80,40],"improvedSpline":true,"material":"italy_road_markings_line_thin","nodes":[[190.51564,1382.23767,187.15239,0.150000006],[193.929626,1378.83862,187.141724,0.150000006]],"renderPriority":28,"startEndFade":[0.100000001,0.100000001],"textureLength":4}
{"class":"DecalRoad","persistentId":"0843441d-c847-4a0d-a828-b9218f6d807b","__parent":"hospital","position":[108.891426,1398.50037,187.020874],"decalBias":0.00150000001,"distanceFade":[80,40],"improvedSpline":true,"material":"italy_road_markings_line_thin","nodes":[[108.891426,1398.50037,187.020874,0.150000006],[105.311729,1402.0929,187.022552,0.150000006]],"renderPriority":28,"startEndFade":[0.100000001,0.100000001],"textureLength":4}
{"class":"DecalRoad","persistentId":"0da6d18e-690a-4df9-87a9-9fb1b525936d","__parent":"hospital","position":[152.841888,1366.25745,187.028503],"decalBias":0.00150000001,"distanceFade":[80,40],"improvedSpline":true,"material":"italy_road_markings_line_thin","nodes":[[152.841888,1366.25745,187.028503,0.150000006],[149.123688,1362.50781,187.02182,0.150000006]],"renderPriority":28,"startEndFade":[0.100000001,0.100000001],"textureLength":4}
{"class":"DecalRoad","persistentId":"0f95fa86-b64c-405b-aaef-5c632801c435","__parent":"hospital","position":[128.77095,1418.62537,187.028503],"decalBias":0.00150000001,"distanceFade":[80,40],"improvedSpline":true,"material":"italy_road_markings_line_thin","nodes":[[128.77095,1418.62537,187.028503,0.150000006],[125.191254,1422.2179,187.019409,0.150000006]],"renderPriority":28,"startEndFade":[0.100000001,0.100000001],"textureLength":4}
{"class":"DecalRoad","persistentId":"10333ca8-53a7-4d92-8a1d-fcd3681fd1ef","__parent":"hospital","position":[182.669449,1413.4729,187.039124],"decalBias":0.00150000001,"distanceFade":[80,40],"improvedSpline":true,"material":"italy_road_markings_line_thin","nodes":[[182.669449,1413.4729,187.039124,0.150000006],[186.070633,1410.08569,187.112091,0.150000006]],"renderPriority":28,"startEndFade":[0.100000001,0.100000001],"textureLength":4}
{"class":"DecalRoad","persistentId":"11e11253-edf4-4182-8c7d-0b031f82650f","__parent":"hospital","position":[146.661469,1372.45593,187.025024],"decalBias":0.00150000001,"distanceFade":[80,40],"improvedSpline":true,"material":"italy_road_markings_line_thin","nodes":[[146.661469,1372.45593,187.025024,0.150000006],[142.885315,1368.68335,187.026978,0.150000006]],"renderPriority":28,"startEndFade":[0.100000001,0.100000001],"textureLength":4}
{"class":"DecalRoad","persistentId":"19410821-b5af-41f9-94b3-3fc9f887664b","__parent":"hospital","position":[142.829315,1423.00232,187.020874],"decalBias":0.00150000001,"distanceFade":[80,40],"improvedSpline":true,"material":"italy_road_markings_line_thin","nodes":[[142.829315,1423.00232,187.020874,0.150000006],[146.012863,1426.20398,187.025482,0.150000006]],"renderPriority":28,"startEndFade":[0.100000001,0.100000001],"textureLength":4}
{"class":"DecalRoad","persistentId":"1c9bf41b-4dab-467e-9e78-a3388ffdd646","__parent":"hospital","position":[110.536018,1400.13794,187.020874],"decalBias":0.00150000001,"distanceFade":[80,40],"improvedSpline":true,"material":"italy_road_markings_line_thin","nodes":[[110.536018,1400.13794,187.020874,0.150000006],[106.903175,1403.85156,187.020874,0.150000006]],"renderPriority":28,"startEndFade":[0.100000001,0.100000001],"textureLength":4}
{"class":"DecalRoad","persistentId":"1d44f6a7-ae67-453e-9b41-34b13d7343c8","__parent":"hospital","position":[178.086655,1408.84973,187.034988],"decalBias":0.00150000001,"distanceFade":[80,40],"improvedSpline":true,"material":"italy_road_markings_line_thin","nodes":[[178.086655,1408.84973,187.034988,0.150000006],[185.129211,1415.8844,187.046509,0.150000006]],"renderPriority":28,"startEndFade":[0.100000001,0.100000001],"textureLength":4}
{"class":"DecalRoad","persistentId":"1e7d1486-081d-4dd2-a8e8-7e85520aa904","__parent":"hospital","position":[189.212143,1391.16125,187.165833],"decalBias":0.00150000001,"distanceFade":[80,40],"improvedSpline":true,"material":"italy_road_markings_line_thin","nodes":[[189.212143,1391.16125,187.165833,0.150000006],[192.595901,1387.7926,187.165833,0.150000006]],"renderPriority":28,"startEndFade":[0.100000001,0.100000001],"textureLength":4}
{"class":"DecalRoad","persistentId":"21b19a11-ebe4-4d4e-b8d8-ba8b6ef79e8f","__parent":"hospital","position":[216.667053,1361.18481,187.060425],"decalBias":0.00150000001,"distanceFade":[80,40],"improvedSpline":true,"material":"italy_road_markings_line_thin","nodes":[[216.667053,1361.18481,187.060425,0.150000006],[220.068237,1357.79761,187.042221,0.150000006]],"renderPriority":28,"startEndFade":[0.100000001,0.100000001],"textureLength":4}
{"class":"DecalRoad","persistentId":"23016191-630a-4664-be1f-903765f0fa5f","__parent":"hospital","position":[169.343674,1388.17957,187.025879],"decalBias":0.00150000001,"distanceFade":[80,40],"improvedSpline":true,"material":"italy_road_markings_line_thin","nodes":[[169.343674,1388.17957,187.025879,0.150000006],[172.998871,1384.55847,187.062378,0.150000006]],"renderPriority":28,"startEndFade":[0.100000001,0.100000001],"textureLength":4}
{"class":"DecalRoad","persistentId":"24887a16-0ff4-4a29-a15a-217fcabc1c4b","__parent":"hospital","position":[138.72728,1411.90466,187.016052],"decalBias":0.00150000001,"distanceFade":[80,40],"improvedSpline":true,"material":"italy_road_markings_line_thin","nodes":[[138.72728,1411.90466,187.016052,0.150000006],[119.378311,1392.35522,187.028503,0.150000006]],"renderPriority":28,"startEndFade":[0.100000001,0.100000001],"textureLength":4}
{"class":"DecalRoad","persistentId":"25a776ed-5bc3-4234-b4de-a6c21b86e3d9","__parent":"hospital","position":[218.580612,1363.08362,187.059662],"decalBias":0.00150000001,"distanceFade":[80,40],"improvedSpline":true,"material":"italy_road_markings_line_thin","nodes":[[218.580612,1363.08362,187.059662,0.150000006],[221.964371,1359.71497,187.049484,0.150000006]],"renderPriority":28,"startEndFade":[0.100000001,0.100000001],"textureLength":4}
{"class":"DecalRoad","persistentId":"261e8676-bb14-4a74-88e3-43269faa7d15","__parent":"hospital","position":[191.239243,1365.66406,187.081909],"decalBias":0.00150000001,"distanceFade":[80,40],"improvedSpline":true,"material":"italy_road_markings_line_thin","nodes":[[191.239243,1365.66406,187.081909,0.150000006],[194.640427,1362.27686,187.07428,0.150000006]],"renderPriority":28,"startEndFade":[0.100000001,0.100000001],"textureLength":4}
{"class":"DecalRoad","persistentId":"270f05c3-3d9a-4c99-9d3e-31a63c029ba8","__parent":"hospital","position":[123.066994,1396.06274,187.028503],"decalBias":0.00150000001,"distanceFade":[80,40],"improvedSpline":true,"material":"italy_road_markings_line_thin","nodes":[[123.066994,1396.06274,187.028503,0.150000006],[135.478714,1383.64294,187.02359,0.150000006]],"renderPriority":28,"startEndFade":[0.100000001,0.100000001],"textureLength":4}
{"class":"DecalRoad","persistentId":"297a2fdb-9808-42dc-b024-9e1267277c30","__parent":"hospital","position":[135.458527,1408.48401,187.016937],"decalBias":0.00150000001,"distanceFade":[80,40],"improvedSpline":true,"material":"italy_road_markings_line_thin","nodes":[[135.458527,1408.48401,187.016937,0.150000006],[131.825684,1412.19763,187.027176,0.150000006]],"renderPriority":28,"startEndFade":[0.100000001,0.100000001],"textureLength":4}
{"class":"DecalRoad","persistentId":"2a3e9b1d-bb10-4026-817e-a9b1528fc214","__parent":"hospital","position":[196.382553,1360.43823,187.06958],"decalBias":0.00150000001,"distanceFade":[80,40],"improvedSpline":true,"material":"italy_road_markings_line_thin","nodes":[[196.382553,1360.43823,187.06958,0.150000006],[213.768875,1377.82104,187.097565,0.150000006]],"renderPriority":28,"startEndFade":[0.100000001,0.100000001],"textureLength":4}
{"class":"DecalRoad","persistentId":"2c423ce8-bc4a-4c22-8868-53b2cb0b9b6d","__parent":"hospital","position":[153.624847,1372.42773,187.020874],"decalBias":0.00150000001,"distanceFade":[80,40],"improvedSpline":true,"material":"italy_road_markings_line_thin","nodes":[[153.624847,1372.42773,187.020874,0.150000006],[157.280762,1368.78552,187.014893,0.150000006]],"renderPriority":28,"startEndFade":[0.100000001,0.100000001],"textureLength":4}
{"class":"DecalRoad","persistentId":"2cedb831-98d5-42e5-b038-e19ad50752c4","__parent":"hospital","position":[140.377441,1378.71106,187.013245],"decalBias":0.00150000001,"distanceFade":[80,40],"improvedSpline":true,"material":"italy_road_markings_line_thin","nodes":[[140.377441,1378.71106,187.013245,0.150000006],[152.896057,1366.1543,187.028503,0.150000006]],"renderPriority":28,"startEndFade":[0.100000001,0.100000001],"textureLength":4}
{"class":"DecalRoad","persistentId":"31758d05-b414-43b3-9814-92aeef0bbdfe","__parent":"hospital","position":[193.030212,1395.00427,187.17392],"decalBias":0.00150000001,"distanceFade":[80,40],"improvedSpline":true,"material":"italy_road_markings_line_thin","nodes":[[193.030212,1395.00427,187.17392,0.150000006],[196.431396,1391.61707,187.184387,0.150000006]],"renderPriority":28,"startEndFade":[0.100000001,0.100000001],"textureLength":4}
{"class":"DecalRoad","persistentId":"3304d679-8af6-4118-97f9-4927fc15a959","__parent":"hospital","position":[150.127182,1368.81677,187.028503],"decalBias":0.00150000001,"distanceFade":[80,40],"improvedSpline":true,"material":"italy_road_markings_line_thin","nodes":[[150.127182,1368.81677,187.028503,0.150000006],[169.416336,1388.1991,187.02533,0.150000006]],"renderPriority":28,"startEndFade":[0.100000001,0.100000001],"textureLength":4}
{"class":"DecalRoad","persistentId":"39cbe487-f863-4a53-945d-d56e9c38aa6c","__parent":"hospital","position":[183.478943,1385.44446,187.142685],"decalBias":0.00150000001,"distanceFade":[80,40],"improvedSpline":true,"material":"italy_road_markings_line_thin","nodes":[[183.478943,1385.44446,187.142685,0.150000006],[186.862701,1382.07581,187.148483,0.150000006]],"renderPriority":28,"startEndFade":[0.100000001,0.100000001],"textureLength":4}
{"class":"DecalRoad","persistentId":"3a0d1ffb-1844-43a7-be15-dd482f4f69e2","__parent":"hospital","position":[150.12384,1368.93079,187.028503],"decalBias":0.00150000001,"distanceFade":[80,40],"improvedSpline":true,"material":"italy_road_markings_line_thin","nodes":[[150.12384,1368.93079,187.028503,0.150000006],[153.779755,1365.28857,187.026306,0.150000006]],"renderPriority":28,"startEndFade":[0.100000001,0.100000001],"textureLength":4}
{"class":"DecalRoad","persistentId":"3acc2f0b-85ef-4bdf-8a03-9238cb0c34d1","__parent":"hospital","position":[128.865173,1401.79578,187.027985],"decalBias":0.00150000001,"distanceFade":[80,40],"improvedSpline":true,"material":"italy_road_markings_line_thin","nodes":[[128.865173,1401.79578,187.027985,0.150000006],[125.224571,1405.48462,187.024567,0.150000006]],"renderPriority":28,"startEndFade":[0.100000001,0.100000001],"textureLength":4}
{"class":"DecalRoad","persistentId":"3c16e511-be96-4553-be2b-1406007c687d","__parent":"hospital","position":[129.286545,1389.9292,187.018158],"decalBias":0.00150000001,"distanceFade":[80,40],"improvedSpline":true,"material":"italy_road_markings_line_thin","nodes":[[129.286545,1389.9292,187.018158,0.150000006],[125.510391,1386.15662,187.019836,0.150000006]],"renderPriority":28,"startEndFade":[0.100000001,0.100000001],"textureLength":4}
{"class":"DecalRoad","persistentId":"3ce503a0-7fd8-4386-a8f9-bb18128354a4","__parent":"hospital","position":[137.022339,1426.90015,187.020294],"decalBias":0.00150000001,"distanceFade":[80,40],"improvedSpline":true,"material":"italy_road_markings_line_thin","nodes":[[137.022339,1426.90015,187.020294,0.150000006],[133.417145,1430.55701,187.01535,0.150000006]],"renderPriority":28,"startEndFade":[0.100000001,0.100000001],"textureLength":4}
{"class":"DecalRoad","persistentId":"401a7945-fd58-4b76-8297-a38824793d75","__parent":"hospital","position":[110.595642,1382.03625,187.020874],"decalBias":0.00150000001,"distanceFade":[80,40],"improvedSpline":true,"material":"italy_road_markings_line_thin","nodes":[[110.595642,1382.03625,187.020874,0.150000006],[113.420563,1386.8938,187.020874,0.150000006]],"renderPriority":28,"startEndFade":[0.100000001,0.100000001],"textureLength":4}
{"class":"DecalRoad","persistentId":"415b6676-fd50-48cc-b1e4-77c27557c6ea","__parent":"hospital","position":[165.696289,1357.28894,187.055908],"decalBias":0.00150000001,"distanceFade":[80,40],"improvedSpline":true,"material":"italy_road_markings_line_thin","nodes":[[165.696289,1357.28894,187.055908,0.150000006],[198.361908,1389.92529,187.182709,0.150000006]],"renderPriority":28,"startEndFade":[0.100000001,0.100000001],"textureLength":4}
{"class":"DecalRoad","persistentId":"426027b8-b298-4cb7-84a7-b8376756abb0","__parent":"hospital","position":[105.589783,1395.14954,187.020874],"decalBias":0.00150000001,"distanceFade":[80,40],"improvedSpline":true,"material":"italy_road_markings_line_thin","nodes":[[105.589783,1395.14954,187.020874,0.150000006],[101.95536,1398.78662,187.013245,0.150000006]],"renderPriority":28,"startEndFade":[0.100000001,0.100000001],"textureLength":4}
{"class":"DecalRoad","persistentId":"44a37e28-8ade-4c7a-9548-f3ee8450a8fe","__parent":"hospital","position":[115.517586,1405.35413,187.019623],"decalBias":0.00150000001,"distanceFade":[80,40],"improvedSpline":true,"material":"italy_road_markings_line_thin","nodes":[[115.517586,1405.35413,187.019623,0.150000006],[111.893188,1408.97095,187.020279,0.150000006]],"renderPriority":28,"startEndFade":[0.100000001,0.100000001],"textureLength":4}
{"class":"DecalRoad","persistentId":"45beee8e-24eb-494d-990b-924249dce158","__parent":"hospital","position":[148.72934,1370.39917,187.020874],"decalBias":0.00150000001,"distanceFade":[80,40],"improvedSpline":true,"material":"italy_road_markings_line_thin","nodes":[[148.72934,1370.39917,187.020874,0.150000006],[145.011139,1366.64954,187.02356,0.150000006]],"renderPriority":28,"startEndFade":[0.100000001,0.100000001],"textureLength":4}
{"class":"DecalRoad","persistentId":"4737a238-53be-461b-817c-0eb83e0ebbf4","__parent":"hospital","position":[112.949425,1380.54163,187.017365],"decalBias":0.00150000001,"distanceFade":[80,40],"improvedSpline":true,"material":"italy_road_markings_line_thin","nodes":[[112.949425,1380.54163,187.017365,0.150000006],[115.711182,1385.2981,187.024017,0.150000006]],"renderPriority":28,"startEndFade":[0.100000001,0.100000001],"textureLength":4}
{"class":"DecalRoad","persistentId":"4b5642e7-29e3-4b8a-bc86-b2897455d2d9","__parent":"hospital","position":[224.313812,1368.80042,187.041382],"decalBias":0.00150000001,"distanceFade":[80,40],"improvedSpline":true,"material":"italy_road_markings_line_thin","nodes":[[224.313812,1368.80042,187.041382,0.150000006],[227.697571,1365.43176,187.02417,0.150000006]],"renderPriority":28,"startEndFade":[0.100000001,0.100000001],"textureLength":4}
{"class":"DecalRoad","persistentId":"4bb17cd1-8260-4867-9b58-d896cea75394","__parent":"hospital","position":[165.842667,1384.68262,187.022064],"decalBias":0.00150000001,"distanceFade":[80,40],"improvedSpline":true,"material":"italy_road_markings_line_thin","nodes":[[165.842667,1384.68262,187.022064,0.150000006],[169.497864,1381.06152,187.043274,0.150000006]],"renderPriority":28,"startEndFade":[0.100000001,0.100000001],"textureLength":4}
{"class":"DecalRoad","persistentId":"4c7cd2f0-5d38-4b01-82d6-a64e8b46bc72","__parent":"hospital","position":[147.861313,1424.28247,187.028503],"decalBias":0.00150000001,"distanceFade":[80,40],"improvedSpline":true,"material":"italy_road_markings_line_thin","nodes":[[147.861313,1424.28247,187.028503,0.150000006],[145.89827,1426.19934,187.024689,0.150000006]],"renderPriority":28,"startEndFade":[0.100000001,0.100000001],"textureLength":4}
{"class":"DecalRoad","persistentId":"4cf65f5f-36f5-4e93-aa11-ee61ef7182d0","__parent":"hospital","position":[137.101028,1410.12842,187.021652],"decalBias":0.00150000001,"distanceFade":[80,40],"improvedSpline":true,"material":"italy_road_markings_line_thin","nodes":[[137.101028,1410.12842,187.021652,0.150000006],[133.521332,1413.72095,187.020874,0.150000006]],"renderPriority":28,"startEndFade":[0.100000001,0.100000001],"textureLength":4}
{"class":"DecalRoad","persistentId":"4f44d586-705d-4f84-908f-47b57c9e11a2","__parent":"hospital","position":[133.413177,1385.80676,187.028503],"decalBias":0.00150000001,"distanceFade":[80,40],"improvedSpline":true,"material":"italy_road_markings_line_thin","nodes":[[133.413177,1385.80676,187.028503,0.150000006],[129.637024,1382.03418,187.025482,0.150000006]],"renderPriority":28,"startEndFade":[0.100000001,0.100000001],"textureLength":4}
{"class":"DecalRoad","persistentId":"4f8dd281-8013-4775-a3d3-ace227bbc2f0","__parent":"hospital","position":[202.722946,1377.10217,187.129791],"decalBias":0.00150000001,"distanceFade":[80,40],"improvedSpline":true,"material":"italy_road_markings_line_thin","nodes":[[202.722946,1377.10217,187.129791,0.150000006],[206.12413,1373.71497,187.114594,0.150000006]],"renderPriority":28,"startEndFade":[0.100000001,0.100000001],"textureLength":4}
{"class":"DecalRoad","persistentId":"537e7210-999e-49c3-8dc8-d3cd0856b502","__parent":"hospital","position":[140.323853,1430.24475,187.020874],"decalBias":0.00150000001,"distanceFade":[80,40],"improvedSpline":true,"material":"italy_road_markings_line_thin","nodes":[[140.323853,1430.24475,187.020874,0.150000006],[136.69101,1433.95837,187.018524,0.150000006]],"renderPriority":28,"startEndFade":[0.100000001,0.100000001],"textureLength":4}
{"class":"DecalRoad","persistentId":"56462e05-6f0d-4222-8876-41ce44b0aa1c","__parent":"hospital","position":[128.480469,1376.59424,187.013245],"decalBias":0.00150000001,"distanceFade":[80,40],"improvedSpline":true,"material":"italy_road_markings_line_thin","nodes":[[128.480469,1376.59424,187.013245,0.150000006],[127.427444,1377.84619,187.016434,0.150000006]],"renderPriority":28,"startEndFade":[0.100000001,0.100000001],"textureLength":4}
{"class":"DecalRoad","persistentId":"58b6516c-70fd-47f6-99d3-8344aec5fb15","__parent":"hospital","position":[178.851379,1409.62988,187.036133],"decalBias":0.00150000001,"distanceFade":[80,40],"improvedSpline":true,"material":"italy_road_markings_line_thin","nodes":[[178.851379,1409.62988,187.036133,0.150000006],[182.235138,1406.26123,187.081909,0.150000006]],"renderPriority":28,"startEndFade":[0.100000001,0.100000001],"textureLength":4}
{"class":"DecalRoad","persistentId":"59921f13-9c30-45b6-8067-e6bf58c82731","__parent":"hospital","position":[130.512299,1403.49561,187.020813],"decalBias":0.00150000001,"distanceFade":[80,40],"improvedSpline":true,"material":"italy_road_markings_line_thin","nodes":[[130.512299,1403.49561,187.020813,0.150000006],[126.877876,1407.13269,187.028503,0.150000006]],"renderPriority":28,"startEndFade":[0.100000001,0.100000001],"textureLength":4}
{"class":"DecalRoad","persistentId":"5b6e3253-a6ef-4412-bdd0-ac06d417e79e","__parent":"hospital","position":[143.673813,1364.56177,187.020874],"decalBias":0.00150000001,"distanceFade":[80,40],"improvedSpline":true,"material":"italy_road_markings_line_thin","nodes":[[143.673813,1364.56177,187.020874,0.150000006],[145.422607,1362.80627,187.027039,0.150000006]],"renderPriority":28,"startEndFade":[0.100000001,0.100000001],"textureLength":4}
{"class":"DecalRoad","persistentId":"5cbe5743-e2d8-46ab-869c-78291a7ec297","__parent":"hospital","position":[119.982445,1376.03333,187.013245],"decalBias":0.00150000001,"distanceFade":[80,40],"improvedSpline":true,"material":"italy_road_markings_line_thin","nodes":[[119.982445,1376.03333,187.013245,0.150000006],[122.807365,1380.89087,187.019409,0.150000006]],"renderPriority":28,"startEndFade":[0.100000001,0.100000001],"textureLength":4}
{"class":"DecalRoad","persistentId":"6249a077-6d3f-491e-8324-f4fe12e39ce1","__parent":"hospital","position":[118.833954,1408.70032,187.020874],"decalBias":0.00150000001,"distanceFade":[80,40],"improvedSpline":true,"material":"italy_road_markings_line_thin","nodes":[[118.833954,1408.70032,187.020874,0.150000006],[115.221794,1412.32019,187.018433,0.150000006]],"renderPriority":28,"startEndFade":[0.100000001,0.100000001],"textureLength":4}
{"class":"DecalRoad","persistentId":"63a2449b-8587-4145-aaea-d9d2cfdf8247","__parent":"hospital","position":[195.733673,1405.20593,187.367722],"decalBias":0.00150000001,"distanceFade":[80,40],"improvedSpline":true,"material":"italy_road_markings_line_thin","nodes":[[195.733673,1405.20593,187.367722,0.150000006],[185.062653,1415.80786,187.04718,0.150000006]],"renderPriority":28,"startEndFade":[0.100000001,0.100000001],"textureLength":4}
{"class":"DecalRoad","persistentId":"63e95887-f884-4aad-a1c3-952a62aae743","__parent":"hospital","position":[145.05011,1363.18091,187.027496],"decalBias":0.00150000001,"distanceFade":[80,40],"improvedSpline":true,"material":"italy_road_markings_line_thin","nodes":[[145.05011,1363.18091,187.027496,1],[145.790787,1362.42786,187.024139,0.0500000007]],"renderPriority":28,"startEndFade":[0.100000001,0.100000001],"textureLength":4}
{"class":"DecalRoad","persistentId":"652a2d56-6708-4b5c-8525-3cb1759e19c1","__parent":"hospital","position":[215.63063,1353.46997,187.028046],"decalBias":0.00150000001,"distanceFade":[80,40],"improvedSpline":true,"material":"italy_road_markings_line_thin","nodes":[[215.63063,1353.46997,187.028046,0.150000006],[231.538132,1369.35828,187.024399,0.150000006]],"renderPriority":28,"startEndFade":[0.100000001,0.100000001],"textureLength":4}
{"class":"DecalRoad","persistentId":"661ccd2d-2022-479d-833c-748166ef58da","__parent":"hospital","position":[184.784012,1376.49585,187.135315],"decalBias":0.00150000001,"distanceFade":[80,40],"improvedSpline":true,"material":"italy_road_markings_line_thin","nodes":[[184.784012,1376.49585,187.135315,0.150000006],[188.197998,1373.0968,187.127655,0.150000006]],"renderPriority":28,"startEndFade":[0.100000001,0.100000001],"textureLength":4}
{"class":"DecalRoad","persistentId":"675fd6b1-0e32-4fc8-bd1a-2def85bbfe5c","__parent":"hospital","position":[198.311905,1362.38599,187.07428],"decalBias":0.00150000001,"distanceFade":[80,40],"improvedSpline":true,"material":"italy_road_markings_line_thin","nodes":[[198.311905,1362.38599,187.07428,0.150000006],[201.695663,1359.01733,187.059021,0.150000006]],"renderPriority":28,"startEndFade":[0.100000001,0.100000001],"textureLength":4}
{"class":"DecalRoad","persistentId":"67cb2230-6478-4019-9dbd-9ce0f696d948","__parent":"hospital","position":[130.415543,1420.26294,187.024048],"decalBias":0.00150000001,"distanceFade":[80,40],"improvedSpline":true,"material":"italy_road_markings_line_thin","nodes":[[130.415543,1420.26294,187.024048,0.150000006],[126.7827,1423.97656,187.01178,0.150000006]],"renderPriority":28,"startEndFade":[0.100000001,0.100000001],"textureLength":4}
{"class":"DecalRoad","persistentId":"6ab12b9f-f463-4cea-b570-699183a62256","__parent":"hospital","position":[113.778404,1403.47778,187.015533],"decalBias":0.00150000001,"distanceFade":[80,40],"improvedSpline":true,"material":"italy_road_markings_line_thin","nodes":[[113.778404,1403.47778,187.015533,0.150000006],[110.183853,1407.11243,187.020874,0.150000006]],"renderPriority":28,"startEndFade":[0.100000001,0.100000001],"textureLength":4}
{"class":"DecalRoad","persistentId":"6c163876-48fa-4c70-a297-5621654edf1b","__parent":"hospital","position":[203.148483,1406.05359,187.529877],"decalBias":0.00150000001,"distanceFade":[80,40],"improvedSpline":true,"material":"italy_road_markings_line_thin","nodes":[[203.148483,1406.05359,187.529877,0.150000006],[199.239456,1401.8269,187.390427,0.150000006]],"renderPriority":28,"startEndFade":[0.100000001,0.100000001],"textureLength":4}
{"class":"DecalRoad","persistentId":"6c548fda-c363-4943-bb01-6c8ddde9ba15","__parent":"hospital","position":[123.847664,1396.85718,187.028503],"decalBias":0.00150000001,"distanceFade":[80,40],"improvedSpline":true,"material":"italy_road_markings_line_thin","nodes":[[123.847664,1396.85718,187.028503,0.150000006],[120.223267,1400.474,187.020874,0.150000006]],"renderPriority":28,"startEndFade":[0.100000001,0.100000001],"textureLength":4}
{"class":"DecalRoad","persistentId":"6ccf2758-0bfe-4936-994b-fd772b6a9f23","__parent":"hospital","position":[125.483864,1415.34338,187.021942],"decalBias":0.00150000001,"distanceFade":[80,40],"improvedSpline":true,"material":"italy_road_markings_line_thin","nodes":[[125.483864,1415.34338,187.021942,0.150000006],[121.904167,1418.93591,187.020142,0.150000006]],"renderPriority":28,"startEndFade":[0.100000001,0.100000001],"textureLength":4}
{"class":"DecalRoad","persistentId":"6d2e68b0-6a6e-4ad9-a06f-f05e63b4e684","__parent":"hospital","position":[160.628616,1379.43127,187.028503],"decalBias":0.00150000001,"distanceFade":[80,40],"improvedSpline":true,"material":"italy_road_markings_line_thin","nodes":[[160.628616,1379.43127,187.028503,0.150000006],[164.284531,1375.78906,187.026886,0.150000006]],"renderPriority":28,"startEndFade":[0.100000001,0.100000001],"textureLength":4}
{"class":"DecalRoad","persistentId":"6de14ed9-6a39-4747-aab4-72f17d892961","__parent":"hospital","position":[196.377899,1360.53271,187.069534],"decalBias":0.00150000001,"distanceFade":[80,40],"improvedSpline":true,"material":"italy_road_markings_line_thin","nodes":[[196.377899,1360.53271,187.069534,0.150000006],[199.779083,1357.14551,187.051971,0.150000006]],"renderPriority":28,"startEndFade":[0.100000001,0.100000001],"textureLength":4}
{"class":"DecalRoad","persistentId":"6e9c7b1b-1624-445d-a737-6e23ee8c94b0","__parent":"hospital","position":[120.470833,1393.31091,187.026123],"decalBias":0.00150000001,"distanceFade":[80,40],"improvedSpline":true,"material":"italy_road_markings_line_thin","nodes":[[120.470833,1393.31091,187.026123,0.150000006],[116.764511,1397.047,187.026703,0.150000006]],"renderPriority":28,"startEndFade":[0.100000001,0.100000001],"textureLength":4}
{"class":"DecalRoad","persistentId":"6ea8fbbb-472e-44de-aa2c-173fd856ba54","__parent":"hospital","position":[222.398682,1366.92664,187.048355],"decalBias":0.00150000001,"distanceFade":[80,40],"improvedSpline":true,"material":"italy_road_markings_line_thin","nodes":[[222.398682,1366.92664,187.048355,0.150000006],[225.799866,1363.53943,187.025909,0.150000006]],"renderPriority":28,"startEndFade":[0.100000001,0.100000001],"textureLength":4}
{"class":"DecalRoad","persistentId":"6f01690d-32d6-46bd-b2de-e06de93d4f97","__parent":"hospital","position":[198.168869,1389.87292,187.18045],"decalBias":0.00150000001,"distanceFade":[80,40],"improvedSpline":true,"material":"italy_road_markings_line_thin","nodes":[[198.168869,1389.87292,187.18045,0.150000006],[201.570053,1386.48572,187.162125,0.150000006]],"renderPriority":28,"startEndFade":[0.100000001,0.100000001],"textureLength":4}
{"class":"DecalRoad","persistentId":"6f1f60ae-c06f-400f-8e76-38a26ff412bc","__parent":"hospital","position":[204.638077,1378.97595,187.142761],"decalBias":0.00150000001,"distanceFade":[80,40],"improvedSpline":true,"material":"italy_road_markings_line_thin","nodes":[[204.638077,1378.97595,187.142761,0.150000006],[208.021835,1375.6073,187.117218,0.150000006]],"renderPriority":28,"startEndFade":[0.100000001,0.100000001],"textureLength":4}
{"class":"DecalRoad","persistentId":"727557a4-d98d-44b0-b197-db29296c8ee9","__parent":"hospital","position":[171.436325,1363.12415,187.076172],"decalBias":0.00150000001,"distanceFade":[80,40],"improvedSpline":true,"material":"italy_road_markings_line_thin","nodes":[[171.436325,1363.12415,187.076172,0.150000006],[174.820084,1359.75549,187.080048,0.150000006]],"renderPriority":28,"startEndFade":[0.100000001,0.100000001],"textureLength":4}
{"class":"DecalRoad","persistentId":"73653860-f792-47c7-8e90-43ab3c176e15","__parent":"hospital","position":[124.702477,1373.04407,187.013245],"decalBias":0.00150000001,"distanceFade":[80,40],"improvedSpline":true,"material":"italy_road_markings_line_thin","nodes":[[124.702477,1373.04407,187.013245,0.150000006],[127.527397,1377.90161,187.016098,0.150000006]],"renderPriority":28,"startEndFade":[0.100000001,0.100000001],"textureLength":4}
{"class":"DecalRoad","persistentId":"7436720f-a8f3-456f-b48c-a39df84d3260","__parent":"hospital","position":[200.209946,1364.31055,187.081909],"decalBias":0.00150000001,"distanceFade":[80,40],"improvedSpline":true,"material":"italy_road_markings_line_thin","nodes":[[200.209946,1364.31055,187.081909,0.150000006],[203.623932,1360.9115,187.065979,0.150000006]],"renderPriority":28,"startEndFade":[0.100000001,0.100000001],"textureLength":4}
{"class":"DecalRoad","persistentId":"74b7b3be-214e-4746-bc79-68dccd135977","__parent":"hospital","position":[194.281433,1400.77771,187.254456],"decalBias":0.00150000001,"distanceFade":[80,40],"improvedSpline":true,"material":"italy_road_markings_line_thin","nodes":[[194.281433,1400.77771,187.254456,0.150000006],[191.833557,1399.45618,187.200775,0.150000006]],"renderPriority":28,"startEndFade":[0.100000001,0.100000001],"textureLength":4}
{"class":"DecalRoad","persistentId":"74eac375-e2b9-4bb7-807b-bc65d6717aa1","__parent":"hospital","position":[138.745636,1411.76599,187.016968],"decalBias":0.00150000001,"distanceFade":[80,40],"improvedSpline":true,"material":"italy_road_markings_line_thin","nodes":[[138.745636,1411.76599,187.016968,0.150000006],[135.112793,1415.47961,187.021729,0.150000006]],"renderPriority":28,"startEndFade":[0.100000001,0.100000001],"textureLength":4}
{"class":"DecalRoad","persistentId":"762cfdeb-e6e0-494b-a642-1a3cd0c26b8e","__parent":"hospital","position":[204.043533,1368.12781,187.090851],"decalBias":0.00150000001,"distanceFade":[80,40],"improvedSpline":true,"material":"italy_road_markings_line_thin","nodes":[[204.043533,1368.12781,187.090851,0.150000006],[207.427292,1364.75916,187.081909,0.150000006]],"renderPriority":28,"startEndFade":[0.100000001,0.100000001],"textureLength":4}
{"class":"DecalRoad","persistentId":"767e8cd8-d65e-4310-8be8-be3d69ac852f","__parent":"hospital","position":[162.379852,1381.17505,187.020874],"decalBias":0.00150000001,"distanceFade":[80,40],"improvedSpline":true,"material":"italy_road_markings_line_thin","nodes":[[162.379852,1381.17505,187.020874,0.150000006],[166.035049,1377.55396,187.028503,0.150000006]],"renderPriority":28,"startEndFade":[0.100000001,0.100000001],"textureLength":4}
{"class":"DecalRoad","persistentId":"791a4e5c-cdaf-4cfc-9668-171e4fe29f08","__parent":"hospital","position":[145.321594,1435.19482,187.026062],"decalBias":0.00150000001,"distanceFade":[80,40],"improvedSpline":true,"material":"italy_road_markings_line_thin","nodes":[[145.321594,1435.19482,187.026062,0.150000006],[141.7164,1438.85168,187.018707,0.150000006]],"renderPriority":28,"startEndFade":[0.100000001,0.100000001],"textureLength":4}
{"class":"DecalRoad","persistentId":"79a0acb3-351a-4cbf-a02c-3536f8757ccd","__parent":"hospital","position":[164.091431,1382.93884,187.028503],"decalBias":0.00150000001,"distanceFade":[80,40],"improvedSpline":true,"material":"italy_road_markings_line_thin","nodes":[[164.091431,1382.93884,187.028503,0.150000006],[167.747345,1379.29663,187.028503,0.150000006]],"renderPriority":28,"startEndFade":[0.100000001,0.100000001],"textureLength":4}
{"class":"DecalRoad","persistentId":"7abcf50a-9778-4cbb-bb9f-6ff0bd4fac3a","__parent":"hospital","position":[182.885971,1374.57129,187.126816],"decalBias":0.00150000001,"distanceFade":[80,40],"improvedSpline":true,"material":"italy_road_markings_line_thin","nodes":[[182.885971,1374.57129,187.126816,0.150000006],[186.26973,1371.20264,187.119553,0.150000006]],"renderPriority":28,"startEndFade":[0.100000001,0.100000001],"textureLength":4}
{"class":"DecalRoad","persistentId":"7c295f96-8a24-4e85-9c7d-394e63bf0d78","__parent":"hospital","position":[226.211853,1370.72498,187.049774],"decalBias":0.00150000001,"distanceFade":[80,40],"improvedSpline":true,"material":"italy_road_markings_line_thin","nodes":[[226.211853,1370.72498,187.049774,0.150000006],[229.625839,1367.32593,187.033844,0.150000006]],"renderPriority":28,"startEndFade":[0.100000001,0.100000001],"textureLength":4}
{"class":"DecalRoad","persistentId":"7d28e162-3aef-468b-9d5b-2acf07f8821a","__parent":"hospital","position":[128.424576,1376.78857,187.013245],"decalBias":0.00150000001,"distanceFade":[80,40],"improvedSpline":true,"material":"italy_road_markings_line_thin","nodes":[[128.424576,1376.78857,187.013245,0.150000006],[124.706375,1373.03894,187.013245,0.150000006]],"renderPriority":28,"startEndFade":[0.100000001,0.100000001],"textureLength":4}
{"class":"DecalRoad","persistentId":"80e6fa11-6f0d-4809-bfd8-8a6f1d86b280","__parent":"hospital","position":[193.173248,1367.51733,187.100845],"decalBias":0.00150000001,"distanceFade":[80,40],"improvedSpline":true,"material":"italy_road_markings_line_thin","nodes":[[193.173248,1367.51733,187.100845,0.150000006],[196.557007,1364.14868,187.081909,0.150000006]],"renderPriority":28,"startEndFade":[0.100000001,0.100000001],"textureLength":4}
{"class":"DecalRoad","persistentId":"81ffdfac-071a-4261-9068-e72f89a38b3e","__parent":"hospital","position":[145.829483,1359.23804,187.02269],"decalBias":0.00150000001,"distanceFade":[80,40],"improvedSpline":true,"material":"italy_road_markings_line_thin","nodes":[[145.829483,1359.23804,187.02269,0.150000006],[128.320572,1376.77661,187.013245,0.150000006]],"renderPriority":28,"startEndFade":[0.100000001,0.100000001],"textureLength":4}
{"class":"DecalRoad","persistentId":"828a8f6a-317f-469e-8af4-3584bd31899e","__parent":"hospital","position":[146.392456,1419.48694,187.020874],"decalBias":0.00150000001,"distanceFade":[80,40],"improvedSpline":true,"material":"italy_road_markings_line_thin","nodes":[[146.392456,1419.48694,187.020874,0.150000006],[142.759613,1423.20056,187.020874,0.150000006]],"renderPriority":28,"startEndFade":[0.100000001,0.100000001],"textureLength":4}
{"class":"DecalRoad","persistentId":"8469e607-ad00-4ff3-8dd4-a35dcfe6875b","__parent":"hospital","position":[179.645355,1381.6272,187.117218],"decalBias":0.00150000001,"distanceFade":[80,40],"improvedSpline":true,"material":"italy_road_markings_line_thin","nodes":[[179.645355,1381.6272,187.117218,0.150000006],[183.059341,1378.22815,187.127686,0.150000006]],"renderPriority":28,"startEndFade":[0.100000001,0.100000001],"textureLength":4}
{"class":"DecalRoad","persistentId":"8616c900-cd14-46a0-ac85-df65220eba23","__parent":"hospital","position":[102.241516,1391.8573,187.019043],"decalBias":0.00150000001,"distanceFade":[80,40],"improvedSpline":true,"material":"italy_road_markings_line_thin","nodes":[[102.241516,1391.8573,187.019043,0.150000006],[98.6293564,1395.47717,187.022858,0.150000006]],"renderPriority":28,"startEndFade":[0.100000001,0.100000001],"textureLength":4}
{"class":"DecalRoad","persistentId":"86c77596-47ba-4783-b4df-d52ebb97073a","__parent":"hospital","position":[115.267563,1378.98181,187.020737],"decalBias":0.00150000001,"distanceFade":[80,40],"improvedSpline":true,"material":"italy_road_markings_line_thin","nodes":[[115.267563,1378.98181,187.020737,0.150000006],[118.092484,1383.83936,187.028503,0.150000006]],"renderPriority":28,"startEndFade":[0.100000001,0.100000001],"textureLength":4}
{"class":"DecalRoad","persistentId":"88cdabf9-eafa-4dae-9f2f-bc25bda22feb","__parent":"hospital","position":[198.904877,1373.25916,187.113678],"decalBias":0.00150000001,"distanceFade":[80,40],"improvedSpline":true,"material":"italy_road_markings_line_thin","nodes":[[198.904877,1373.25916,187.113678,0.150000006],[202.288635,1369.8905,187.1026,0.150000006]],"renderPriority":28,"startEndFade":[0.100000001,0.100000001],"textureLength":4}
{"class":"DecalRoad","persistentId":"8a043efd-490c-4a5d-85a5-929a4dd5fbf6","__parent":"hospital","position":[180.951965,1372.71802,187.112427],"decalBias":0.00150000001,"distanceFade":[80,40],"improvedSpline":true,"material":"italy_road_markings_line_thin","nodes":[[180.951965,1372.71802,187.112427,0.150000006],[184.353149,1369.33081,187.107498,0.150000006]],"renderPriority":28,"startEndFade":[0.100000001,0.100000001],"textureLength":4}
{"class":"DecalRoad","persistentId":"8a6a704f-a931-4b80-a02c-f4e492b86f61","__parent":"hospital","position":[187.421173,1361.82104,187.085114],"decalBias":0.00150000001,"distanceFade":[80,40],"improvedSpline":true,"material":"italy_road_markings_line_thin","nodes":[[187.421173,1361.82104,187.085114,0.150000006],[190.804932,1358.45239,187.068604,0.150000006]],"renderPriority":28,"startEndFade":[0.100000001,0.100000001],"textureLength":4}
{"class":"DecalRoad","persistentId":"8acbef99-9c83-4980-8321-0611de6dfec3","__parent":"hospital","position":[214.747025,1359.26636,187.053314],"decalBias":0.00150000001,"distanceFade":[80,40],"improvedSpline":true,"material":"italy_road_markings_line_thin","nodes":[[214.747025,1359.26636,187.053314,0.150000006],[218.161011,1355.86731,187.035126,0.150000006]],"renderPriority":28,"startEndFade":[0.100000001,0.100000001],"textureLength":4}
{"class":"DecalRoad","persistentId":"8b982b41-222c-489f-a85d-629686f63fba","__parent":"hospital","position":[177.133896,1368.875,187.097168],"decalBias":0.00150000001,"distanceFade":[80,40],"improvedSpline":true,"material":"italy_road_markings_line_thin","nodes":[[177.133896,1368.875,187.097168,0.150000006],[180.517654,1365.50635,187.093216,0.150000006]],"renderPriority":28,"startEndFade":[0.100000001,0.100000001],"textureLength":4}
{"class":"DecalRoad","persistentId":"8b984e42-9cac-4dbf-b21f-5a3885e4db13","__parent":"hospital","position":[187.297012,1389.28748,187.155029],"decalBias":0.00150000001,"distanceFade":[80,40],"improvedSpline":true,"material":"italy_road_markings_line_thin","nodes":[[187.297012,1389.28748,187.155029,0.150000006],[190.698196,1385.90027,187.149811,0.150000006]],"renderPriority":28,"startEndFade":[0.100000001,0.100000001],"textureLength":4}
{"class":"DecalRoad","persistentId":"8bc7db8d-9148-46f7-91b1-6bcfe360a5fa","__parent":"hospital","position":[213.594803,1377.68762,187.09787],"decalBias":0.00150000001,"distanceFade":[80,40],"improvedSpline":true,"material":"italy_road_markings_line_thin","nodes":[[213.594803,1377.68762,187.09787,0.150000006],[216.995987,1374.30042,187.08194,0.150000006]],"renderPriority":28,"startEndFade":[0.100000001,0.100000001],"textureLength":4}
{"class":"DecalRoad","persistentId":"8bea0f0b-1552-495b-8eda-e24cd9a94c8e","__parent":"hospital","position":[194.3508,1386.02991,187.168518],"decalBias":0.00150000001,"distanceFade":[80,40],"improvedSpline":true,"material":"italy_road_markings_line_thin","nodes":[[194.3508,1386.02991,187.168518,0.150000006],[197.734558,1382.66125,187.151123,0.150000006]],"renderPriority":28,"startEndFade":[0.100000001,0.100000001],"textureLength":4}
{"class":"DecalRoad","persistentId":"92359641-8d6f-4fa7-88aa-b4c85a52cb23","__parent":"hospital","position":[177.747314,1379.70264,187.114685],"decalBias":0.00150000001,"distanceFade":[80,40],"improvedSpline":true,"material":"italy_road_markings_line_thin","nodes":[[177.747314,1379.70264,187.114685,0.150000006],[181.131073,1376.33398,187.120056,0.150000006]],"renderPriority":28,"startEndFade":[0.100000001,0.100000001],"textureLength":4}
{"class":"DecalRoad","persistentId":"93178c17-bb84-4949-9be7-7d3ce79ad49f","__parent":"hospital","position":[203.477585,1397.20862,187.370209],"decalBias":0.00150000001,"distanceFade":[80,40],"improvedSpline":true,"material":"italy_road_markings_line_thin","nodes":[[203.477585,1397.20862,187.370209,0.150000006],[231.533066,1369.25623,187.024445,0.150000006]],"renderPriority":28,"startEndFade":[0.100000001,0.100000001],"textureLength":4}
{"class":"DecalRoad","persistentId":"94ff0052-6ea0-4a5d-bfdf-89d94909bf60","__parent":"hospital","position":[174.99086,1405.74451,187.020813],"decalBias":0.00150000001,"distanceFade":[80,40],"improvedSpline":true,"material":"italy_road_markings_line_thin","nodes":[[174.99086,1405.74451,187.020813,0.150000006],[180.245865,1400.46606,187.078033,0.150000006]],"renderPriority":28,"startEndFade":[0.100000001,0.100000001],"textureLength":4}
{"class":"DecalRoad","persistentId":"9626e2c5-d164-46ba-a117-3af2f46d9f3b","__parent":"hospital","position":[196.991318,1371.36035,187.107544],"decalBias":0.00150000001,"distanceFade":[80,40],"improvedSpline":true,"material":"italy_road_markings_line_thin","nodes":[[196.991318,1371.36035,187.107544,0.150000006],[200.392502,1367.97314,187.089539,0.150000006]],"renderPriority":28,"startEndFade":[0.100000001,0.100000001],"textureLength":4}
{"class":"DecalRoad","persistentId":"9798be14-44f8-4596-b677-039ea7fe891d","__parent":"hospital","position":[162.402161,1364.49548,187.03157],"decalBias":0.00150000001,"distanceFade":[80,40],"improvedSpline":true,"material":"italy_road_markings_line_thin","nodes":[[162.402161,1364.49548,187.03157,0.150000006],[165.816147,1361.09644,187.06665,0.150000006]],"renderPriority":28,"startEndFade":[0.100000001,0.100000001],"textureLength":4}
{"class":"DecalRoad","persistentId":"9af2857c-5ef4-44f1-8665-c7848583ff6d","__parent":"hospital","position":[175.254395,1366.96716,187.094971],"decalBias":0.00150000001,"distanceFade":[80,40],"improvedSpline":true,"material":"italy_road_markings_line_thin","nodes":[[175.254395,1366.96716,187.094971,0.150000006],[178.655579,1363.57996,187.097168,0.150000006]],"renderPriority":28,"startEndFade":[0.100000001,0.100000001],"textureLength":4}
{"class":"DecalRoad","persistentId":"9bad7d3e-8886-4f25-be5c-b6ae06d9f421","__parent":"hospital","position":[143.676865,1433.55103,187.028503],"decalBias":0.00150000001,"distanceFade":[80,40],"improvedSpline":true,"material":"italy_road_markings_line_thin","nodes":[[143.676865,1433.55103,187.028503,0.150000006],[140.042435,1437.18811,187.018341,0.150000006]],"renderPriority":28,"startEndFade":[0.100000001,0.100000001],"textureLength":4}
{"class":"DecalRoad","persistentId":"9c92d14f-dc4d-48bf-be61-2002aa88aaad","__parent":"hospital","position":[171.869858,1407.00854,187.021866],"decalBias":0.00150000001,"distanceFade":[80,40],"improvedSpline":true,"material":"italy_road_markings_line_thin","nodes":[[171.869858,1407.00854,187.021866,0.150000006],[179.322357,1399.53052,187.071106,0.150000006]],"renderPriority":28,"startEndFade":[0.100000001,0.100000001],"textureLength":4}
{"class":"DecalRoad","persistentId":"9e5ca757-d508-4d21-bef8-4739e4ca0cd9","__parent":"hospital","position":[179.031937,1370.79956,187.103271],"decalBias":0.00150000001,"distanceFade":[80,40],"improvedSpline":true,"material":"italy_road_markings_line_thin","nodes":[[179.031937,1370.79956,187.103271,0.150000006],[182.445923,1367.40051,187.112427,0.150000006]],"renderPriority":28,"startEndFade":[0.100000001,0.100000001],"textureLength":4}
{"class":"DecalRoad","persistentId":"9f3431f3-7bec-4310-93c2-63c937031585","__parent":"hospital","position":[171.995239,1374.00635,187.081909],"decalBias":0.00150000001,"distanceFade":[80,40],"improvedSpline":true,"material":"italy_road_markings_line_thin","nodes":[[171.995239,1374.00635,187.081909,0.150000006],[175.378998,1370.6377,187.104797,0.150000006]],"renderPriority":28,"startEndFade":[0.100000001,0.100000001],"textureLength":4}
{"class":"DecalRoad","persistentId":"9f629939-a39a-4576-bb39-a6f06a1d94b2","__parent":"hospital","position":[163.792511,1359.18408,187.052795],"decalBias":0.00150000001,"distanceFade":[80,40],"improvedSpline":true,"material":"italy_road_markings_line_thin","nodes":[[163.792511,1359.18408,187.052795,0.150000006],[196.45813,1391.82043,187.184586,0.150000006]],"renderPriority":28,"startEndFade":[0.100000001,0.100000001],"textureLength":4}
{"class":"DecalRoad","persistentId":"a01b8dee-cfd7-492b-bfb6-f5f7bb7fea67","__parent":"hospital","position":[143.528473,1440.44055,187.021118],"decalBias":0.00150000001,"distanceFade":[80,40],"improvedSpline":true,"material":"italy_road_markings_line_thin","nodes":[[143.528473,1440.44055,187.021118,0.150000006],[126.860542,1423.89233,187.013,0.150000006],[98.6388168,1395.35718,187.02298,0.150000006]],"renderPriority":28,"startEndFade":[0.100000001,0.100000001],"textureLength":4}
{"class":"DecalRoad","persistentId":"a14a3cf5-907b-4e49-aa07-9880dbbb1cfb","__parent":"hospital","position":[143.105347,1416.20496,187.028503],"decalBias":0.00150000001,"distanceFade":[80,40],"improvedSpline":true,"material":"italy_road_markings_line_thin","nodes":[[143.105347,1416.20496,187.028503,0.150000006],[139.472504,1419.91858,187.024902,0.150000006]],"renderPriority":28,"startEndFade":[0.100000001,0.100000001],"textureLength":4}
{"class":"DecalRoad","persistentId":"a1883d2f-5ec3-467f-836e-7a50b3b0727a","__parent":"hospital","position":[205.941574,1370.05237,187.097565],"decalBias":0.00150000001,"distanceFade":[80,40],"improvedSpline":true,"material":"italy_road_markings_line_thin","nodes":[[205.941574,1370.05237,187.097565,0.150000006],[209.35556,1366.65332,187.084625,0.150000006]],"renderPriority":28,"startEndFade":[0.100000001,0.100000001],"textureLength":4}
{"class":"DecalRoad","persistentId":"a244d424-0520-424a-91b3-68519a795549","__parent":"hospital","position":[166.297668,1368.25549,187.053986],"decalBias":0.00150000001,"distanceFade":[80,40],"improvedSpline":true,"material":"italy_road_markings_line_thin","nodes":[[166.297668,1368.25549,187.053986,0.150000006],[169.681427,1364.88684,187.081909,0.150000006]],"renderPriority":28,"startEndFade":[0.100000001,0.100000001],"textureLength":4}
{"class":"DecalRoad","persistentId":"ac5d067b-4a56-447d-9db3-204606644830","__parent":"hospital","position":[200.802917,1375.18372,187.127686],"decalBias":0.00150000001,"distanceFade":[80,40],"improvedSpline":true,"material":"italy_road_markings_line_thin","nodes":[[200.802917,1375.18372,187.127686,0.150000006],[204.216904,1371.78467,187.104797,0.150000006]],"renderPriority":28,"startEndFade":[0.100000001,0.100000001],"textureLength":4}
{"class":"DecalRoad","persistentId":"accf0706-0d2b-4c00-aa0d-f891611ba91f","__parent":"hospital","position":[169.460846,1361.28259,187.06665],"decalBias":0.00150000001,"distanceFade":[80,40],"improvedSpline":true,"material":"italy_road_markings_line_thin","nodes":[[169.460846,1361.28259,187.06665,0.150000006],[172.86203,1357.89539,187.080856,0.150000006]],"renderPriority":28,"startEndFade":[0.100000001,0.100000001],"textureLength":4}
{"class":"DecalRoad","persistentId":"adec5d35-3fe5-4bc4-8533-3834dc924283","__parent":"hospital","position":[186.704041,1378.41431,187.135315],"decalBias":0.00150000001,"distanceFade":[80,40],"improvedSpline":true,"material":"italy_road_markings_line_thin","nodes":[[186.704041,1378.41431,187.135315,0.150000006],[190.105225,1375.0271,187.127686,0.150000006]],"renderPriority":28,"startEndFade":[0.100000001,0.100000001],"textureLength":4}
{"class":"DecalRoad","persistentId":"ae2c2c15-2081-420b-abde-90fbc2979331","__parent":"hospital","position":[209.776733,1373.8446,187.104126],"decalBias":0.00150000001,"distanceFade":[80,40],"improvedSpline":true,"material":"italy_road_markings_line_thin","nodes":[[209.776733,1373.8446,187.104126,0.150000006],[213.160492,1370.47595,187.096802,0.150000006]],"renderPriority":28,"startEndFade":[0.100000001,0.100000001],"textureLength":4}
{"class":"DecalRoad","persistentId":"ae714217-d9c4-481f-9b14-8a3f0e033285","__parent":"hospital","position":[175.813309,1377.84937,187.104797],"decalBias":0.00150000001,"distanceFade":[80,40],"improvedSpline":true,"material":"italy_road_markings_line_thin","nodes":[[175.813309,1377.84937,187.104797,0.150000006],[179.214493,1374.46216,187.112427,0.150000006]],"renderPriority":28,"startEndFade":[0.100000001,0.100000001],"textureLength":4}
{"class":"DecalRoad","persistentId":"af99fe62-5221-4b9a-ae81-77e5f31e4a96","__parent":"hospital","position":[132.156998,1405.1394,187.028503],"decalBias":0.00150000001,"distanceFade":[80,40],"improvedSpline":true,"material":"italy_road_markings_line_thin","nodes":[[132.156998,1405.1394,187.028503,0.150000006],[128.551804,1408.79626,187.02243,0.150000006]],"renderPriority":28,"startEndFade":[0.100000001,0.100000001],"textureLength":4}
{"class":"DecalRoad","persistentId":"afeee799-c397-44c1-8ccb-600715f5d10f","__parent":"hospital","position":[140.490173,1378.66333,187.013245],"decalBias":0.00150000001,"distanceFade":[80,40],"improvedSpline":true,"material":"italy_road_markings_line_thin","nodes":[[140.490173,1378.66333,187.013245,0.150000006],[136.771973,1374.9137,187.020874,0.150000006]],"renderPriority":28,"startEndFade":[0.100000001,0.100000001],"textureLength":4}
{"class":"DecalRoad","persistentId":"b1d0128c-36bf-44e1-a543-7a5ff49510fc","__parent":"hospital","position":[208.456146,1382.81897,187.135315],"decalBias":0.00150000001,"distanceFade":[80,40],"improvedSpline":true,"material":"italy_road_markings_line_thin","nodes":[[208.456146,1382.81897,187.135315,0.150000006],[211.85733,1379.43176,187.112427,0.150000006]],"renderPriority":28,"startEndFade":[0.100000001,0.100000001],"textureLength":4}
{"class":"DecalRoad","persistentId":"b2e27cd5-77a8-4f91-84e5-b10a0d3bf192","__parent":"hospital","position":[189.319214,1363.74561,187.083847],"decalBias":0.00150000001,"distanceFade":[80,40],"improvedSpline":true,"material":"italy_road_markings_line_thin","nodes":[[189.319214,1363.74561,187.083847,0.150000006],[192.7332,1360.34656,187.069305,0.150000006]],"renderPriority":28,"startEndFade":[0.100000001,0.100000001],"textureLength":4}
{"class":"DecalRoad","persistentId":"b369447b-e21b-4731-8c62-43b789751ce6","__parent":"hospital","position":[135.466965,1383.73071,187.022934],"decalBias":0.00150000001,"distanceFade":[80,40],"improvedSpline":true,"material":"italy_road_markings_line_thin","nodes":[[135.466965,1383.73071,187.022934,0.150000006],[131.748764,1379.98108,187.028503,0.150000006]],"renderPriority":28,"startEndFade":[0.100000001,0.100000001],"textureLength":4}
{"class":"DecalRoad","persistentId":"b4569428-bd27-4d79-bc1a-d0547169a0ac","__parent":"hospital","position":[144.747849,1417.84937,187.022018],"decalBias":0.00150000001,"distanceFade":[80,40],"improvedSpline":true,"material":"italy_road_markings_line_thin","nodes":[[144.747849,1417.84937,187.022018,0.150000006],[141.168152,1421.44189,187.022156,0.150000006]],"renderPriority":28,"startEndFade":[0.100000001,0.100000001],"textureLength":4}
{"class":"DecalRoad","persistentId":"b4fd12ec-dd43-44f0-b783-8e0572adfc68","__parent":"hospital","position":[142.029739,1431.8512,187.021088],"decalBias":0.00150000001,"distanceFade":[80,40],"improvedSpline":true,"material":"italy_road_markings_line_thin","nodes":[[142.029739,1431.8512,187.021088,0.150000006],[138.38913,1435.54004,187.019714,0.150000006]],"renderPriority":28,"startEndFade":[0.100000001,0.100000001],"textureLength":4}
{"class":"DecalRoad","persistentId":"b599bd2d-2f7b-4fa2-828f-ba8a38bfc5c1","__parent":"hospital","position":[145.743423,1359.29663,187.023132],"decalBias":0.00150000001,"distanceFade":[80,40],"improvedSpline":true,"material":"italy_road_markings_line_thin","nodes":[[145.743423,1359.29663,187.023132,0.150000006],[154.078857,1353.93787,187.013245,0.150000006],[155.96286,1352.72437,187.020752,0.150000006],[158.205017,1351.84888,187.027344,0.150000006],[160.925461,1351.2865,187.032318,0.150000006],[165.65715,1351.37183,187.049438,0.150000006],[178.648804,1351.93884,187.043304,0.150000006],[202.812363,1352.99792,187.036102,0.150000006],[215.920837,1353.52246,187.028839,0.150000006]],"renderPriority":28,"startEndFade":[0.100000001,0.100000001],"textureLength":4}
{"class":"DecalRoad","persistentId":"b621bedb-7ac4-477c-8600-5b3be345f121","__parent":"hospital","position":[132.029343,1421.96411,187.028503],"decalBias":0.00150000001,"distanceFade":[80,40],"improvedSpline":true,"material":"italy_road_markings_line_thin","nodes":[[132.029343,1421.96411,187.028503,0.150000006],[128.417191,1425.58398,187.016418,0.150000006]],"renderPriority":28,"startEndFade":[0.100000001,0.100000001],"textureLength":4}
{"class":"DecalRoad","persistentId":"b697f597-af06-4a5e-a465-f96c677ba8e6","__parent":"hospital","position":[107.234512,1396.79333,187.019089],"decalBias":0.00150000001,"distanceFade":[80,40],"improvedSpline":true,"material":"italy_road_markings_line_thin","nodes":[[107.234512,1396.79333,187.019089,0.150000006],[103.629318,1400.4502,187.017441,0.150000006]],"renderPriority":28,"startEndFade":[0.100000001,0.100000001],"textureLength":4}
{"class":"DecalRoad","persistentId":"b7978a9d-0f09-43d6-bdff-0a95da83a809","__parent":"hospital","position":[108.316223,1383.65637,187.020874],"decalBias":0.00150000001,"distanceFade":[80,40],"improvedSpline":true,"material":"italy_road_markings_line_thin","nodes":[[108.316223,1383.65637,187.020874,0.150000006],[111.07798,1388.41284,187.02536,0.150000006]],"renderPriority":28,"startEndFade":[0.100000001,0.100000001],"textureLength":4}
{"class":"DecalRoad","persistentId":"bae84964-7bbc-4ef9-8606-9a8b9d53e1b1","__parent":"hospital","position":[146.37204,1419.60583,187.020874],"decalBias":0.00150000001,"distanceFade":[80,40],"improvedSpline":true,"material":"italy_road_markings_line_thin","nodes":[[146.37204,1419.60583,187.020874,0.150000006],[143.001343,1416.23096,187.028503,0.150000006]],"renderPriority":28,"startEndFade":[0.100000001,0.100000001],"textureLength":4}
{"class":"DecalRoad","persistentId":"bc857cd0-7aa1-4a98-8dd7-bca738c356b9","__parent":"hospital","position":[133.730484,1423.55652,187.022934],"decalBias":0.00150000001,"distanceFade":[80,40],"improvedSpline":true,"material":"italy_road_markings_line_thin","nodes":[[133.730484,1423.55652,187.022934,0.150000006],[130.089874,1427.24536,187.019684,0.150000006]],"renderPriority":28,"startEndFade":[0.100000001,0.100000001],"textureLength":4}
{"class":"DecalRoad","persistentId":"bcafd625-d129-4ab4-a04d-9cc9b20b5630","__parent":"hospital","position":[167.592438,1386.43579,187.013245],"decalBias":0.00150000001,"distanceFade":[80,40],"improvedSpline":true,"material":"italy_road_markings_line_thin","nodes":[[167.592438,1386.43579,187.013245,0.150000006],[171.248352,1382.79358,187.049805,0.150000006]],"renderPriority":28,"startEndFade":[0.100000001,0.100000001],"textureLength":4}
{"class":"DecalRoad","persistentId":"bd729dff-bfd0-49ec-81b4-8848d7b45415","__parent":"hospital","position":[160.50412,1362.57092,187.021439],"decalBias":0.00150000001,"distanceFade":[80,40],"improvedSpline":true,"material":"italy_road_markings_line_thin","nodes":[[160.50412,1362.57092,187.021439,0.150000006],[163.887878,1359.20227,187.052933,0.150000006]],"renderPriority":28,"startEndFade":[0.100000001,0.100000001],"textureLength":4}
{"class":"DecalRoad","persistentId":"bd87a96a-0c12-4edf-8a18-f0e7d855d6c1","__parent":"hospital","position":[117.218742,1406.94653,187.022125],"decalBias":0.00150000001,"distanceFade":[80,40],"improvedSpline":true,"material":"italy_road_markings_line_thin","nodes":[[117.218742,1406.94653,187.022125,0.150000006],[113.527809,1410.63843,187.02002,0.150000006]],"renderPriority":28,"startEndFade":[0.100000001,0.100000001],"textureLength":4}
{"class":"DecalRoad","persistentId":"bd96109b-2a5a-4f0f-899b-d5f4298248ec","__parent":"hospital","position":[192.435669,1384.15613,187.162506],"decalBias":0.00150000001,"distanceFade":[80,40],"improvedSpline":true,"material":"italy_road_markings_line_thin","nodes":[[192.435669,1384.15613,187.162506,0.150000006],[195.836853,1380.76892,187.148819,0.150000006]],"renderPriority":28,"startEndFade":[0.100000001,0.100000001],"textureLength":4}
{"class":"DecalRoad","persistentId":"be33360d-30df-48ae-8329-810866f81eff","__parent":"hospital","position":[164.322189,1366.41394,187.053146],"decalBias":0.00150000001,"distanceFade":[80,40],"improvedSpline":true,"material":"italy_road_markings_line_thin","nodes":[[164.322189,1366.41394,187.053146,0.150000006],[167.723373,1363.02673,187.06665,0.150000006]],"renderPriority":28,"startEndFade":[0.100000001,0.100000001],"textureLength":4}
{"class":"DecalRoad","persistentId":"c100b0f1-1294-4362-b8ee-9224a558eb21","__parent":"hospital","position":[168.195709,1370.18005,187.075775],"decalBias":0.00150000001,"distanceFade":[80,40],"improvedSpline":true,"material":"italy_road_markings_line_thin","nodes":[[168.195709,1370.18005,187.075775,0.150000006],[171.609695,1366.78101,187.081909,0.150000006]],"renderPriority":28,"startEndFade":[0.100000001,0.100000001],"textureLength":4}
{"class":"DecalRoad","persistentId":"c2a1e149-663b-4b44-80b9-cc6124c424df","__parent":"hospital","position":[167.581436,1353.30322,187.059021],"decalBias":0.00150000001,"distanceFade":[80,40],"improvedSpline":true,"material":"italy_road_markings_line_thin","nodes":[[167.581436,1353.30322,187.059021,0.150000006],[169.438507,1353.41577,187.055511,0.150000006]],"renderPriority":28,"startEndFade":[0.100000001,0.100000001],"textureLength":4}
{"class":"DecalRoad","persistentId":"c2c525d4-5d74-4f88-87ce-657d6c5bfe7a","__parent":"hospital","position":[120.535095,1410.29272,187.023102],"decalBias":0.00150000001,"distanceFade":[80,40],"improvedSpline":true,"material":"italy_road_markings_line_thin","nodes":[[120.535095,1410.29272,187.023102,0.150000006],[116.894493,1413.98157,187.020081,0.150000006]],"renderPriority":28,"startEndFade":[0.100000001,0.100000001],"textureLength":4}
{"class":"DecalRoad","persistentId":"c2e28982-a0cd-4b01-9e01-e7a271f5ad90","__parent":"hospital","position":[185.376984,1387.36902,187.145752],"decalBias":0.00150000001,"distanceFade":[80,40],"improvedSpline":true,"material":"italy_road_markings_line_thin","nodes":[[185.376984,1387.36902,187.145752,0.150000006],[188.79097,1383.96997,187.143173,0.150000006]],"renderPriority":28,"startEndFade":[0.100000001,0.100000001],"textureLength":4}
{"class":"DecalRoad","persistentId":"c465dba8-eb2f-43ec-942c-7a40b44f02e6","__parent":"hospital","position":[103.942657,1393.44971,187.023865],"decalBias":0.00150000001,"distanceFade":[80,40],"improvedSpline":true,"material":"italy_road_markings_line_thin","nodes":[[103.942657,1393.44971,187.023865,0.150000006],[100.302055,1397.13855,187.01857,0.150000006]],"renderPriority":28,"startEndFade":[0.100000001,0.100000001],"textureLength":4}
{"class":"DecalRoad","persistentId":"c4ed5fd0-18a8-448b-bcf5-879bb79eb6d8","__parent":"hospital","position":[188.617599,1380.31311,187.145325],"decalBias":0.00150000001,"distanceFade":[80,40],"improvedSpline":true,"material":"italy_road_markings_line_thin","nodes":[[188.617599,1380.31311,187.145325,0.150000006],[192.001358,1376.94446,187.134888,0.150000006]],"renderPriority":28,"startEndFade":[0.100000001,0.100000001],"textureLength":4}
{"class":"DecalRoad","persistentId":"c5a19365-ef22-43ba-aab8-7cbec688f5c8","__parent":"hospital","position":[207.861603,1371.97083,187.111969],"decalBias":0.00150000001,"distanceFade":[80,40],"improvedSpline":true,"material":"italy_road_markings_line_thin","nodes":[[207.861603,1371.97083,187.111969,0.150000006],[211.262787,1368.58362,187.086365,0.150000006]],"renderPriority":28,"startEndFade":[0.100000001,0.100000001],"textureLength":4}
{"class":"DecalRoad","persistentId":"c67a1c3e-845e-4889-9465-485a39592aad","__parent":"hospital","position":[150.788101,1368.3335,187.025024],"decalBias":0.00150000001,"distanceFade":[80,40],"improvedSpline":true,"material":"italy_road_markings_line_thin","nodes":[[150.788101,1368.3335,187.025024,0.150000006],[147.011948,1364.56091,187.025146,0.150000006]],"renderPriority":28,"startEndFade":[0.100000001,0.100000001],"textureLength":4}
{"class":"DecalRoad","persistentId":"c6b7580c-5385-4b52-98f7-6c6be63d7228","__parent":"hospital","position":[211.674774,1375.76917,187.104797],"decalBias":0.00150000001,"distanceFade":[80,40],"improvedSpline":true,"material":"italy_road_markings_line_thin","nodes":[[211.674774,1375.76917,187.104797,0.150000006],[215.08876,1372.37012,187.088867,0.150000006]],"renderPriority":28,"startEndFade":[0.100000001,0.100000001],"textureLength":4}
{"class":"DecalRoad","persistentId":"c8070d8b-6f6c-4d81-86f3-c9c072e674ff","__parent":"hospital","position":[135.377609,1425.25635,187.01799],"decalBias":0.00150000001,"distanceFade":[80,40],"improvedSpline":true,"material":"italy_road_markings_line_thin","nodes":[[135.377609,1425.25635,187.01799,0.150000006],[131.743179,1428.89343,187.01973,0.150000006]],"renderPriority":28,"startEndFade":[0.100000001,0.100000001],"textureLength":4}
{"class":"DecalRoad","persistentId":"caa182e8-917c-4f7b-80e4-27cf1b60fc47","__parent":"hospital","position":[127.227798,1391.99487,187.020905],"decalBias":0.00150000001,"distanceFade":[80,40],"improvedSpline":true,"material":"italy_road_markings_line_thin","nodes":[[127.227798,1391.99487,187.020905,0.150000006],[123.509598,1388.24524,187.024612,0.150000006]],"renderPriority":28,"startEndFade":[0.100000001,0.100000001],"textureLength":4}
{"class":"DecalRoad","persistentId":"cb7d1a32-29ca-44db-a316-b06ac5bd2ca7","__parent":"hospital","position":[157.127609,1375.93433,187.020874],"decalBias":0.00150000001,"distanceFade":[80,40],"improvedSpline":true,"material":"italy_road_markings_line_thin","nodes":[[157.127609,1375.93433,187.020874,0.150000006],[160.783524,1372.29211,187.026276,0.150000006]],"renderPriority":28,"startEndFade":[0.100000001,0.100000001],"textureLength":4}
{"class":"DecalRoad","persistentId":"cc613f0b-023e-454b-b3b1-f5cd97dfca0b","__parent":"hospital","position":[220.478653,1365.00818,187.059799],"decalBias":0.00150000001,"distanceFade":[80,40],"improvedSpline":true,"material":"italy_road_markings_line_thin","nodes":[[220.478653,1365.00818,187.059799,0.150000006],[223.892639,1361.60913,187.03064,0.150000006]],"renderPriority":28,"startEndFade":[0.100000001,0.100000001],"textureLength":4}
{"class":"DecalRoad","persistentId":"cd0fb44a-1003-41a9-94b6-e3b5d62d83fe","__parent":"hospital","position":[212.822403,1357.41125,187.051392],"decalBias":0.00150000001,"distanceFade":[80,40],"improvedSpline":true,"material":"italy_road_markings_line_thin","nodes":[[212.822403,1357.41125,187.051392,0.150000006],[216.236389,1354.01221,187.034424,0.150000006]],"renderPriority":28,"startEndFade":[0.100000001,0.100000001],"textureLength":4}
{"class":"DecalRoad","persistentId":"cd6b49d7-3b5a-413d-abb1-b8526b408718","__parent":"hospital","position":[131.354416,1387.87244,187.028503],"decalBias":0.00150000001,"distanceFade":[80,40],"improvedSpline":true,"material":"italy_road_markings_line_thin","nodes":[[131.354416,1387.87244,187.028503,0.150000006],[127.636215,1384.1228,187.017166,0.150000006]],"renderPriority":28,"startEndFade":[0.100000001,0.100000001],"textureLength":4}
{"class":"DecalRoad","persistentId":"cd774c7c-d9db-4813-91b1-edc5aa84041d","__parent":"hospital","position":[122.108482,1394.98083,187.021698],"decalBias":0.00150000001,"distanceFade":[80,40],"improvedSpline":true,"material":"italy_road_markings_line_thin","nodes":[[122.108482,1394.98083,187.021698,0.150000006],[118.382355,1398.75623,187.022736,0.150000006]],"renderPriority":28,"startEndFade":[0.100000001,0.100000001],"textureLength":4}
{"class":"DecalRoad","persistentId":"cfd3f9e1-a6dd-4637-a9de-613499e58bd2","__parent":"hospital","position":[122.18222,1411.99255,187.022263],"decalBias":0.00150000001,"distanceFade":[80,40],"improvedSpline":true,"material":"italy_road_markings_line_thin","nodes":[[122.18222,1411.99255,187.022263,0.150000006],[118.547798,1415.62964,187.020248,0.150000006]],"renderPriority":28,"startEndFade":[0.100000001,0.100000001],"textureLength":4}
{"class":"DecalRoad","persistentId":"d08897bd-84f2-4bd2-bdab-a8e586d463d5","__parent":"hospital","position":[192.516693,1399.83606,187.21698],"decalBias":0.00150000001,"distanceFade":[80,40],"improvedSpline":true,"material":"italy_road_markings_line_thin","nodes":[[192.516693,1399.83606,187.21698,1],[191.574982,1399.31165,187.194611,0.0500000007]],"renderPriority":28,"startEndFade":[0.100000001,0.100000001],"textureLength":4}
{"class":"DecalRoad","persistentId":"d439435c-c52e-4ca1-9b7a-8c3f848a2943","__parent":"hospital","position":[142.548935,1376.59766,187.020874],"decalBias":0.00150000001,"distanceFade":[80,40],"improvedSpline":true,"material":"italy_road_markings_line_thin","nodes":[[142.548935,1376.59766,187.020874,0.150000006],[138.772781,1372.82507,187.020874,0.150000006]],"renderPriority":28,"startEndFade":[0.100000001,0.100000001],"textureLength":4}
{"class":"DecalRoad","persistentId":"d4fb6976-753f-4363-a223-c7249398b8ee","__parent":"hospital","position":[125.174004,1394.07092,187.027969],"decalBias":0.00150000001,"distanceFade":[80,40],"improvedSpline":true,"material":"italy_road_markings_line_thin","nodes":[[125.174004,1394.07092,187.027969,0.150000006],[121.39785,1390.29834,187.016281,0.150000006]],"renderPriority":28,"startEndFade":[0.100000001,0.100000001],"textureLength":4}
{"class":"DecalRoad","persistentId":"d9bb1fce-2008-4e52-98c5-71229c22cfb2","__parent":"hospital","position":[173.334366,1365.04871,187.082275],"decalBias":0.00150000001,"distanceFade":[80,40],"improvedSpline":true,"material":"italy_road_markings_line_thin","nodes":[[173.334366,1365.04871,187.082275,0.150000006],[176.748352,1361.64966,187.086853,0.150000006]],"renderPriority":28,"startEndFade":[0.100000001,0.100000001],"textureLength":4}
{"class":"DecalRoad","persistentId":"dba03732-9a99-412b-a2b9-ee96ed3ae6c6","__parent":"hospital","position":[122.348495,1374.51794,187.013519],"decalBias":0.00150000001,"distanceFade":[80,40],"improvedSpline":true,"material":"italy_road_markings_line_thin","nodes":[[122.348495,1374.51794,187.013519,0.150000006],[125.110252,1379.27441,187.028503,0.150000006]],"renderPriority":28,"startEndFade":[0.100000001,0.100000001],"textureLength":4}
{"class":"DecalRoad","persistentId":"dc859ec5-50f9-499a-9dde-fcd4b3f68a7e","__parent":"hospital","position":[144.602722,1374.52161,187.024841],"decalBias":0.00150000001,"distanceFade":[80,40],"improvedSpline":true,"material":"italy_road_markings_line_thin","nodes":[[144.602722,1374.52161,187.024841,0.150000006],[140.884521,1370.77197,187.020874,0.150000006]],"renderPriority":28,"startEndFade":[0.100000001,0.100000001],"textureLength":4}
{"class":"DecalRoad","persistentId":"e103568c-d8a5-4c6e-9690-c5a491c85b31","__parent":"hospital","position":[206.536118,1380.90051,187.138855],"decalBias":0.00150000001,"distanceFade":[80,40],"improvedSpline":true,"material":"italy_road_markings_line_thin","nodes":[[206.536118,1380.90051,187.138855,0.150000006],[209.950104,1377.50146,187.11319,0.150000006]],"renderPriority":28,"startEndFade":[0.100000001,0.100000001],"textureLength":4}
{"class":"DecalRoad","persistentId":"e276ffd4-aad0-4489-918c-b8823752ff0f","__parent":"hospital","position":[179.152512,1399.5885,187.067627],"decalBias":0.00150000001,"distanceFade":[80,40],"improvedSpline":true,"material":"italy_road_markings_line_thin","nodes":[[179.152512,1399.5885,187.067627,0.150000006],[180.239136,1400.58508,187.077942,0.150000006]],"renderPriority":28,"startEndFade":[0.100000001,0.100000001],"textureLength":4}
{"class":"DecalRoad","persistentId":"e29808c5-4fc2-4a41-865c-faead1c0f7a1","__parent":"hospital","position":[138.67926,1428.60718,187.025513],"decalBias":0.00150000001,"distanceFade":[80,40],"improvedSpline":true,"material":"italy_road_markings_line_thin","nodes":[[138.67926,1428.60718,187.025513,0.150000006],[135.099564,1432.19971,187.013245,0.150000006]],"renderPriority":28,"startEndFade":[0.100000001,0.100000001],"textureLength":4}
{"class":"DecalRoad","persistentId":"e50d5bed-0224-4dbf-9c1c-708ad41b06a0","__parent":"hospital","position":[125.54882,1398.44958,187.024292],"decalBias":0.00150000001,"distanceFade":[80,40],"improvedSpline":true,"material":"italy_road_markings_line_thin","nodes":[[125.54882,1398.44958,187.024292,0.150000006],[121.857887,1402.14148,187.026337,0.150000006]],"renderPriority":28,"startEndFade":[0.100000001,0.100000001],"textureLength":4}
{"class":"DecalRoad","persistentId":"e56a184f-28f4-4b84-9128-6de3f958ce13","__parent":"hospital","position":[190.692245,1358.49048,187.068054],"decalBias":0.00150000001,"distanceFade":[80,40],"improvedSpline":true,"material":"italy_road_markings_line_thin","nodes":[[190.692245,1358.49048,187.068054,0.150000006],[211.918579,1379.71692,187.112427,0.150000006]],"renderPriority":28,"startEndFade":[0.100000001,0.100000001],"textureLength":4}
{"class":"DecalRoad","persistentId":"e5919f8b-ab9c-4fbc-9d6f-cb4021df3da7","__parent":"hospital","position":[180.74942,1411.55444,187.037201],"decalBias":0.00150000001,"distanceFade":[80,40],"improvedSpline":true,"material":"italy_road_markings_line_thin","nodes":[[180.74942,1411.55444,187.037201,0.150000006],[184.163406,1408.1554,187.098419,0.150000006]],"renderPriority":28,"startEndFade":[0.100000001,0.100000001],"textureLength":4}
{"class":"DecalRoad","persistentId":"e86549df-3551-49e3-b001-9485114b072b","__parent":"hospital","position":[117.628464,1377.5072,187.01712],"decalBias":0.00150000001,"distanceFade":[80,40],"improvedSpline":true,"material":"italy_road_markings_line_thin","nodes":[[117.628464,1377.5072,187.01712,0.150000006],[120.390221,1382.26367,187.022888,0.150000006]],"renderPriority":28,"startEndFade":[0.100000001,0.100000001],"textureLength":4}
{"class":"DecalRoad","persistentId":"ea225dbd-d3dd-4f8c-83dc-ff170dc26be1","__parent":"hospital","position":[127.128456,1416.98096,187.020874],"decalBias":0.00150000001,"distanceFade":[80,40],"improvedSpline":true,"material":"italy_road_markings_line_thin","nodes":[[127.128456,1416.98096,187.020874,0.150000006],[123.495613,1420.69458,187.019363,0.150000006]],"renderPriority":28,"startEndFade":[0.100000001,0.100000001],"textureLength":4}
{"class":"DecalRoad","persistentId":"eae56ea3-0ea8-43f3-aa3d-8cb77cc5a852","__parent":"hospital","position":[181.565384,1383.54565,187.136017],"decalBias":0.00150000001,"distanceFade":[80,40],"improvedSpline":true,"material":"italy_road_markings_line_thin","nodes":[[181.565384,1383.54565,187.136017,0.150000006],[184.966568,1380.15845,187.135071,0.150000006]],"renderPriority":28,"startEndFade":[0.100000001,0.100000001],"textureLength":4}
{"class":"DecalRoad","persistentId":"eca92931-c8f7-44ca-9659-4d28a17dd977","__parent":"hospital","position":[133.813919,1406.84644,187.022034],"decalBias":0.00150000001,"distanceFade":[80,40],"improvedSpline":true,"material":"italy_road_markings_line_thin","nodes":[[133.813919,1406.84644,187.022034,0.150000006],[130.234222,1410.43896,187.022659,0.150000006]],"renderPriority":28,"startEndFade":[0.100000001,0.100000001],"textureLength":4}
{"class":"DecalRoad","persistentId":"eccfd7e5-e6dd-424b-bc14-ede97ba0b9f7","__parent":"hospital","position":[112.140755,1401.80786,187.02597],"decalBias":0.00150000001,"distanceFade":[80,40],"improvedSpline":true,"material":"italy_road_markings_line_thin","nodes":[[112.140755,1401.80786,187.02597,0.150000006],[108.434433,1405.54395,187.016724,0.150000006]],"renderPriority":28,"startEndFade":[0.100000001,0.100000001],"textureLength":4}
{"class":"DecalRoad","persistentId":"edba5c20-70be-465f-a011-82b70ae20de3","__parent":"hospital","position":[123.82695,1413.63635,187.023651],"decalBias":0.00150000001,"distanceFade":[80,40],"improvedSpline":true,"material":"italy_road_markings_line_thin","nodes":[[123.82695,1413.63635,187.023651,0.150000006],[120.221756,1417.29321,187.013245,0.150000006]],"renderPriority":28,"startEndFade":[0.100000001,0.100000001],"textureLength":4}
{"class":"DecalRoad","persistentId":"ee7a60c0-6324-4456-a20d-dc134b60658c","__parent":"hospital","position":[123.11525,1396.1366,187.028503],"decalBias":0.00150000001,"distanceFade":[80,40],"improvedSpline":true,"material":"italy_road_markings_line_thin","nodes":[[123.11525,1396.1366,187.028503,0.150000006],[119.397049,1392.38696,187.028503,0.150000006]],"renderPriority":28,"startEndFade":[0.100000001,0.100000001],"textureLength":4}
{"class":"DecalRoad","persistentId":"ef939052-5ba5-4036-b7b8-9e2a7efd4e4c","__parent":"hospital","position":[169.341354,1353.40918,187.056412],"decalBias":0.00150000001,"distanceFade":[80,40],"improvedSpline":true,"material":"italy_road_markings_line_thin","nodes":[[169.341354,1353.40918,187.056412,1],[170.422134,1353.46594,187.047318,0.0500000007]],"renderPriority":28,"startEndFade":[0.100000001,0.100000001],"textureLength":4}
{"class":"DecalRoad","persistentId":"f2464025-4f4c-4f7d-8b80-f3ad7eda254f","__parent":"hospital","position":[196.24884,1387.95447,187.171906],"decalBias":0.00150000001,"distanceFade":[80,40],"improvedSpline":true,"material":"italy_road_markings_line_thin","nodes":[[196.24884,1387.95447,187.171906,0.150000006],[199.662827,1384.55542,187.153961,0.150000006]],"renderPriority":28,"startEndFade":[0.100000001,0.100000001],"textureLength":4}
{"class":"DecalRoad","persistentId":"f2adcb71-adaf-44bf-a6f3-30d5a49df7df","__parent":"hospital","position":[127.164032,1400.20337,187.022125],"decalBias":0.00150000001,"distanceFade":[80,40],"improvedSpline":true,"material":"italy_road_markings_line_thin","nodes":[[127.164032,1400.20337,187.022125,0.150000006],[123.551872,1403.82324,187.024292,0.150000006]],"renderPriority":28,"startEndFade":[0.100000001,0.100000001],"textureLength":4}
{"class":"DecalRoad","persistentId":"f4e06817-3efb-4a39-89d7-5c6f79e8368c","__parent":"hospital","position":[146.978516,1436.90186,187.020294],"decalBias":0.00150000001,"distanceFade":[80,40],"improvedSpline":true,"material":"italy_road_markings_line_thin","nodes":[[146.978516,1436.90186,187.020294,0.150000006],[143.398819,1440.49438,187.020966,0.150000006]],"renderPriority":28,"startEndFade":[0.100000001,0.100000001],"textureLength":4}
{"class":"DecalRoad","persistentId":"f4ff7bf4-d579-4a8b-9e55-9649fe1a73e8","__parent":"hospital","position":[169.3414,1404.58948,187.018265],"decalBias":0.00150000001,"distanceFade":[80,40],"improvedSpline":true,"material":"italy_road_markings_line_thin","nodes":[[169.3414,1404.58948,187.018265,0.150000006],[181.083344,1392.8822,187.113693,0.150000006]],"renderPriority":28,"startEndFade":[0.100000001,0.100000001],"textureLength":4}
{"class":"DecalRoad","persistentId":"f68aba21-dafe-4e31-9c48-ffeae94384fa","__parent":"hospital","position":[191.110184,1393.08582,187.166489],"decalBias":0.00150000001,"distanceFade":[80,40],"improvedSpline":true,"material":"italy_road_markings_line_thin","nodes":[[191.110184,1393.08582,187.166489,0.150000006],[194.52417,1389.68677,187.16983,0.150000006]],"renderPriority":28,"startEndFade":[0.100000001,0.100000001],"textureLength":4}
{"class":"DecalRoad","persistentId":"f70cff5a-8ecb-48ff-9fca-6d7e77743737","__parent":"hospital","position":[170.115738,1372.09851,187.082031],"decalBias":0.00150000001,"distanceFade":[80,40],"improvedSpline":true,"material":"italy_road_markings_line_thin","nodes":[[170.115738,1372.09851,187.082031,0.150000006],[173.516922,1368.7113,187.089539,0.150000006]],"renderPriority":28,"startEndFade":[0.100000001,0.100000001],"textureLength":4}
{"class":"DecalRoad","persistentId":"f87f6411-f04d-45b5-acec-3297af5f2751","__parent":"hospital","position":[124.803818,1373.07629,187.013245],"decalBias":0.00150000001,"distanceFade":[80,40],"improvedSpline":true,"material":"italy_road_markings_line_thin","nodes":[[124.803818,1373.07629,187.013245,0.150000006],[113.983727,1379.93518,187.013367,0.150000006],[109.036102,1383.22046,187.014923,0.150000006],[106.229324,1385.42175,187.016754,0.150000006],[101.8405,1389.60754,187.012451,0.150000006],[99.4373703,1392.05408,187.016998,0.150000006],[98.5574646,1393.77991,187.015823,0.150000006],[98.5089417,1395.0365,187.021011,0.150000006],[98.6986237,1395.41785,187.023895,0.150000006]],"renderPriority":28,"startEndFade":[0.100000001,0.100000001],"textureLength":4}
{"class":"DecalRoad","persistentId":"fa686f8b-e23d-4da8-8498-1eb7d5ee7c90","__parent":"hospital","position":[195.071289,1369.44189,187.107635],"decalBias":0.00150000001,"distanceFade":[80,40],"improvedSpline":true,"material":"italy_road_markings_line_thin","nodes":[[195.071289,1369.44189,187.107635,0.150000006],[198.485275,1366.04285,187.089203,0.150000006]],"renderPriority":28,"startEndFade":[0.100000001,0.100000001],"textureLength":4}
{"class":"DecalRoad","persistentId":"fa745bac-911b-4658-9302-f1c75bcbb318","__parent":"hospital","position":[173.89328,1375.93091,187.103989],"decalBias":0.00150000001,"distanceFade":[80,40],"improvedSpline":true,"material":"italy_road_markings_line_thin","nodes":[[173.89328,1375.93091,187.103989,0.150000006],[177.307266,1372.53186,187.112427,0.150000006]],"renderPriority":28,"startEndFade":[0.100000001,0.100000001],"textureLength":4}
{"class":"DecalRoad","persistentId":"fa85598f-012f-4d2c-bd75-7c83778875f6","__parent":"hospital","position":[155.376083,1374.17151,187.022186],"decalBias":0.00150000001,"distanceFade":[80,40],"improvedSpline":true,"material":"italy_road_markings_line_thin","nodes":[[155.376083,1374.17151,187.022186,0.150000006],[159.031281,1370.55042,187.028503,0.150000006]],"renderPriority":28,"startEndFade":[0.100000001,0.100000001],"textureLength":4}
{"class":"DecalRoad","persistentId":"fb6557bb-a2e0-49c4-8fe3-8eb62d9f4806","__parent":"hospital","position":[167.540817,1359.36414,187.057678],"decalBias":0.00150000001,"distanceFade":[80,40],"improvedSpline":true,"material":"italy_road_markings_line_thin","nodes":[[167.540817,1359.36414,187.057678,0.150000006],[170.954803,1355.96509,187.07428,0.150000006]],"renderPriority":28,"startEndFade":[0.100000001,0.100000001],"textureLength":4}
{"class":"DecalRoad","persistentId":"fbc27787-70d9-414d-8a41-5e78349dd9f4","__parent":"hospital","position":[151.875076,1370.67456,187.023346],"decalBias":0.00150000001,"distanceFade":[80,40],"improvedSpline":true,"material":"italy_road_markings_line_thin","nodes":[[151.875076,1370.67456,187.023346,0.150000006],[155.530273,1367.05347,187.020874,0.150000006]],"renderPriority":28,"startEndFade":[0.100000001,0.100000001],"textureLength":4}
