{"name":"PlayerDropPoints","class":"SimGroup","persistentId":"0d6bb99c-26c3-4d16-83ae-0d2bf504c882","__parent":"MissionGroup","enabled":"1"}
{"name":"Methane_burners","class":"SimGroup","persistentId":"15bc14f8-d728-4642-b3a2-132ee472bef2","__parent":"MissionGroup"}
{"name":"OpenWarehouse","class":"SimGroup","persistentId":"198381dc-2bbc-4df0-a8b9-ecb8e991f210","__parent":"MissionGroup"}
{"name":"AI_roads","class":"SimGroup","persistentId":"1c5449fb-64ad-42a6-85be-a78675df1769","__parent":"MissionGroup"}
{"name":"beach_ruins","class":"SimGroup","persistentId":"2485c655-cbb0-4eff-a781-024b1ca170ec","__parent":"MissionGroup"}
{"name":"StaticObjects","class":"SimGroup","persistentId":"29843c21-eef5-47f7-8194-21e86dc28c03","__parent":"MissionGroup"}
{"name":"roads","class":"SimGroup","persistentId":"59f930a3-8c61-4bb8-8ff2-3563ee8c9926","__parent":"MissionGroup"}
{"name":"rallycross_track","class":"SimGroup","persistentId":"5aa2d944-cd63-4a95-bcf9-bf0939b2d912","__parent":"MissionGroup"}
{"name":"industrial_clutters","class":"SimGroup","persistentId":"5b2e96ca-77a1-4224-bb20-86a91fe5be35","__parent":"MissionGroup"}
{"name":"container_land","class":"SimGroup","persistentId":"5cd2466a-3ed8-4f20-ab78-f91a425b954a","__parent":"MissionGroup"}
{"name":"industrial_area","class":"SimGroup","persistentId":"5fbcabb6-405f-44c9-b81f-1203b9a441ff","__parent":"MissionGroup"}
{"name":"waste_station","class":"SimGroup","persistentId":"602af97b-3723-43fd-a692-c0563c10ebd3","__parent":"MissionGroup"}
{"name":"rocks","class":"SimGroup","persistentId":"676709f2-4d93-461e-8318-5ad3de8e66ba","__parent":"MissionGroup"}
{"name":"bridges","class":"SimGroup","persistentId":"75e1087a-c13e-4787-94d9-4b0df9b9bde0","__parent":"MissionGroup"}
{"name":"modular_containers","class":"SimGroup","persistentId":"7c3ecc5f-ddd2-46a4-b1a1-776ceb5ea1c0","__parent":"MissionGroup"}
{"name":"racetrack","class":"SimGroup","persistentId":"7dc54996-3f75-4892-88b5-18288277ff89","__parent":"MissionGroup"}
{"name":"tank_farm","class":"SimGroup","persistentId":"848b10c6-c993-4f99-bdff-b66960d2b56e","__parent":"MissionGroup"}
{"name":"Power_lines","class":"SimGroup","persistentId":"8e4577f0-56b8-4b66-bfc6-0ece7d74bbcb","__parent":"MissionGroup"}
{"name":"Level_objects","class":"SimGroup","persistentId":"9730fe0b-9056-41d3-b689-14acd49a087c","__parent":"MissionGroup"}
{"name":"mine_conveyor","class":"SimGroup","persistentId":"adf4829a-b565-4c2c-bdd0-560872ca958b","__parent":"MissionGroup"}
{"name":"debris","class":"SimGroup","persistentId":"b5d6833d-210b-4cc4-b952-20979a6b45c5","__parent":"MissionGroup"}
{"name":"port_addon","class":"SimGroup","persistentId":"b772806f-4335-454a-a26e-acea7005500f","__parent":"MissionGroup"}
{"name":"Potholes_section","class":"SimGroup","persistentId":"cdeeadba-ac68-4126-a79f-bc3a9abfcfe6","__parent":"MissionGroup"}
{"name":"waypoints","class":"SimGroup","persistentId":"d8d2532e-45d6-4278-824a-a51340d0f5ea","__parent":"MissionGroup"}
{"name":"Fences","class":"SimGroup","persistentId":"e996096d-9251-4ef7-b64f-5bc61b51a203","__parent":"MissionGroup"}
{"name":"Audio","class":"SimGroup","persistentId":"f2719119-f3a3-4c7a-9cfe-e37b25145bfd","__parent":"MissionGroup","locked":true}
{"name":"StaticObjects2","class":"SimGroup","persistentId":"f644c671-ce55-4704-9d13-fefd359bdc71","__parent":"MissionGroup"}
{"name":"CameraBookmarks","class":"SimGroup","persistentId":"f66dbb07-45cb-4fd7-81dd-697c341e2141","__parent":"MissionGroup"}
