{"name":"innyouts","class":"SimGroup","persistentId":"169a6c6a-feed-4cc8-837c-13ef065734ad","__parent":"exterior"}
{"name":"crossbeams","class":"SimGroup","persistentId":"d9b34b10-2e23-4ff4-94bc-cde9ef06becb","__parent":"exterior"}
{"name":"platforms","class":"SimGroup","persistentId":"37244260-6a61-4890-a5ee-85dba59fce0a","__parent":"exterior"}
{"name":"quadcontainers","class":"SimGroup","persistentId":"ca0aa16a-6a72-4a80-a0fa-9ed9a1d3675c","__parent":"exterior"}
{"name":"posts","class":"SimGroup","persistentId":"91ab3292-4698-4fc0-b3fb-f47216503e23","__parent":"exterior"}
{"name":"walls","class":"SimGroup","persistentId":"654712bb-3477-4398-88a1-8c1cfadf5caa","__parent":"exterior"}
{"name":"bigramps","class":"SimGroup","persistentId":"b11ecb37-8f12-459c-a2a6-d81828de15df","__parent":"exterior"}
{"name":"smallramps","class":"SimGroup","persistentId":"51e1bad4-552a-4515-af54-b99b9b17dd19","__parent":"exterior"}
{"name":"tinyramps","class":"SimGroup","persistentId":"a959d954-bcd0-4352-b381-50013bc6c46f","__parent":"exterior"}
{"name":"containers","class":"SimGroup","persistentId":"95c479d2-d44c-42e2-8e56-f39f13fda92e","__parent":"exterior"}
{"name":"redposts","class":"SimGroup","persistentId":"2cddbb24-253b-4861-bdb8-f6cc9771b770","__parent":"exterior"}
{"name":"redpostwalls","class":"SimGroup","persistentId":"9c0b6165-5a7f-45a2-b78b-8c57a5e04f11","__parent":"exterior"}
{"name":"smallbridges","class":"SimGroup","persistentId":"19d09a0c-b57d-4360-8619-7cbbef8e6b66","__parent":"exterior"}
{"name":"barriers","class":"SimGroup","persistentId":"5a72d879-13ea-4c64-8998-2913fa15e8e7","__parent":"exterior"}
{"name":"bigcontainers","class":"SimGroup","persistentId":"9cbf8c0b-193d-4b0b-a3aa-69739e157b49","__parent":"exterior"}
{"name":"metalgates","class":"SimGroup","persistentId":"a60edec3-bf22-49cb-955a-993f0a5338af","__parent":"exterior"}
{"name":"flipramps","class":"SimGroup","persistentId":"d7e3f07a-b687-4066-afc5-608da35f7d9f","__parent":"exterior"}
{"name":"stumps","class":"SimGroup","persistentId":"71d9a04a-bd60-4f72-a62e-a470700d9dd5","__parent":"exterior"}
{"name":"other","class":"SimGroup","persistentId":"72f99760-215b-4902-bb6f-9262996309a1","__parent":"exterior"}
