{"name":"flagTrigger","class":"BeamNGTrigger","persistentId":"47251fd3-c375-4cb2-96d4-7049353795ea","__parent":"flag3_group","position":[23.5208359,-67.7685699,50.4703827],"scale":[2,2,35],"triggerMode":"Overlaps","triggerTestType":"Bounding box"}
{"name":"flag3_group","class":"SimGroup","persistentId":"0bd227e2-bcdd-410e-9ca7-b9f91e40a7d2","groupPosition":"0 0 0"}
{"name":"flag3TSStatic","class":"TSStatic","persistentId":"4007b504-df02-46d4-a912-2c679edf350c","__parent":"flag3_group","position":[23.5208359,-67.7685699,39.4918137],"instanceColor":[0,0.0227570534,1,1],"instanceColor1":[0,0.0238099098,1,1],"isRenderEnabled":false,"scale":[10,10,6],"shapeName":"/art/shapes/interface/single_faded_column.dae","useInstanceRenderData":true}
