{"name":"flagTrigger","class":"BeamNGTrigger","persistentId":"47251fd3-c375-4cb2-96d4-7049353795ea","__parent":"flag4_group","position":[-143.32785,-426.643463,50.4703903],"scale":[2,2,35],"triggerMode":"Overlaps","triggerTestType":"Bounding box"}
{"name":"flag4_group","class":"SimGroup","persistentId":"d6da01c9-d3b4-4358-99e6-6584bdb6b7ff","groupPosition":"0 0 0"}
{"name":"flag4TSStatic","class":"TSStatic","persistentId":"4007b504-df02-46d4-a912-2c679edf350c","__parent":"flag4_group","position":[-143.32785,-426.643463,39.4918213],"instanceColor":[0,0.0227570534,1,1],"instanceColor1":[0,0.0238099098,1,1],"isRenderEnabled":false,"scale":[10,10,6],"shapeName":"/art/shapes/interface/single_faded_column.dae","useInstanceRenderData":true}
