{"name":"goalTrigger","class":"BeamNGTrigger","persistentId":"aa701e69-c16c-4042-8e5a-89742299de47","__parent":"goal6_group","position":[136.85173,-377.654785,48.7318954],"rotationMatrix":[0.99984771,-0.0174524058,0,0.0174524058,0.99984771,0,0,0,1],"scale":[6,6,35],"triggerMode":"Overlaps","triggerTestType":"Bounding box"}
{"name":"goal6_group","class":"SimGroup","persistentId":"c8cff093-102f-4f7f-bc1a-67e050d001fa","groupPosition":"0 0 0"}
{"name":"goal6TSStatic","class":"TSStatic","persistentId":"6704a469-c916-4cdf-957a-291edc476233","__parent":"goal6_group","position":[136.85173,-377.654785,14.5819969],"instanceColor":[0,1,0.00179100037,1],"isRenderEnabled":false,"rotationMatrix":[0.99984771,-0.0174524058,0,0.0174524058,0.99984771,0,0,0,1],"scale":[30,30,7],"shapeName":"/art/shapes/interface/single_faded_column.dae","useInstanceRenderData":true}
