{"name":"goalTrigger","class":"BeamNGTrigger","persistentId":"aa701e69-c16c-4042-8e5a-89742299de47","__parent":"goal3_group","position":[-131.065811,-301.394318,53.983223],"rotationMatrix":[0.99984771,-0.0174524058,0,0.0174524058,0.99984771,0,0,0,1],"scale":[6,6,35],"triggerMode":"Overlaps","triggerTestType":"Bounding box"}
{"name":"goal3_group","class":"SimGroup","persistentId":"671683fb-b2b0-48a0-bdd1-e8938ad82c4e","groupPosition":"0 0 0"}
{"name":"goal3TSStatic","class":"TSStatic","persistentId":"6704a469-c916-4cdf-957a-291edc476233","__parent":"goal3_group","position":[-131.065811,-301.394318,19.8333244],"instanceColor":[0,1,0.00179100037,1],"isRenderEnabled":false,"rotationMatrix":[0.99984771,-0.0174524058,0,0.0174524058,0.99984771,0,0,0,1],"scale":[30,30,7],"shapeName":"/art/shapes/interface/single_faded_column.dae","useInstanceRenderData":true}
