{"name":"goalTrigger","class":"BeamNGTrigger","persistentId":"aa701e69-c16c-4042-8e5a-89742299de47","__parent":"goal4_group","position":[4.6253891,-264.97641,48.7318802],"rotationMatrix":[0.99984771,-0.0174524058,0,0.0174524058,0.99984771,0,0,0,1],"scale":[6,6,35],"triggerMode":"Overlaps","triggerTestType":"Bounding box"}
{"name":"goal4_group","class":"SimGroup","persistentId":"8e0baa17-c427-4686-a792-313f71c4d69a","groupPosition":"0 0 0"}
{"name":"goal4TSStatic","class":"TSStatic","persistentId":"6704a469-c916-4cdf-957a-291edc476233","__parent":"goal4_group","position":[4.6253891,-264.97641,14.5819817],"instanceColor":[0,1,0.00179100037,1],"isRenderEnabled":false,"rotationMatrix":[0.99984771,-0.0174524058,0,0.0174524058,0.99984771,0,0,0,1],"scale":[30,30,7],"shapeName":"/art/shapes/interface/single_faded_column.dae","useInstanceRenderData":true}
