{"class":"TSStatic","persistentId":"03beb0be-0909-4d65-acd2-01d07bd4b68e","__parent":"OpenWarehouse","position":[-355.848541,-244.175308,40.8294678],"isRenderEnabled":false,"shapeName":"/levels/industrial/art/shapes/buildings/debris/small_pile_b.DAE","useInstanceRenderData":true}
{"class":"TSStatic","persistentId":"04966cdc-21c7-4965-9b8b-3bea6cb374c4","__parent":"OpenWarehouse","position":[-473.158875,-93.2423782,40.7164574],"isRenderEnabled":false,"rotationMatrix":[1,0,0,0,0.999925494,-0.0122061213,0,0.0122061213,0.999925494],"shapeName":"/levels/industrial/art/shapes/buildings/debris/debris_a_e.DAE","useInstanceRenderData":true}
{"class":"TSStatic","persistentId":"07ff0366-4741-44a2-b0e0-ce711bbbc39d","__parent":"OpenWarehouse","position":[-472.12085,-103.358795,40.7318077],"isRenderEnabled":false,"shapeName":"/levels/industrial/art/shapes/buildings/debris/debris_m_barrel_a.DAE","useInstanceRenderData":true}
{"class":"TSStatic","persistentId":"0ca2246c-f2a5-4b0b-a9d9-e3a763e2c738","__parent":"OpenWarehouse","position":[-289.950104,-126.076233,40.7501221],"isRenderEnabled":false,"shapeName":"/levels/industrial/art/shapes/buildings/industrial_clutters/cbbox_new_a.DAE","useInstanceRenderData":true}
{"class":"TSStatic","persistentId":"0e609cf9-14ba-4129-be43-5cefb916ec08","__parent":"OpenWarehouse","position":[-492.147858,-101.16716,40.7318115],"annotation":"OBSTACLES","isRenderEnabled":false,"shapeName":"/levels/industrial/art/shapes/buildings/industrial_clutters/ind_pallet_cardboard.DAE","useInstanceRenderData":true}
{"class":"TSStatic","persistentId":"0fdb2daf-06ca-4e36-aeff-5bc3c8d69c22","__parent":"OpenWarehouse","position":[-292.980286,-246.287842,40.7932053],"allowPlayerStep":"1","annotation":"BUILDINGS","decalType":"Visible Mesh Final","isRenderEnabled":false,"rotationMatrix":[-0.00165780075,-0.999998689,0,0.999998689,-0.00165780075,0,0,0,1],"shapeName":"/levels/industrial/art/shapes/buildings/ind_bld_tin_01_shed_b.dae"}
{"class":"TSStatic","persistentId":"14de3500-7d7c-4f5e-af2c-3c8617ba7a93","__parent":"OpenWarehouse","position":[-355.814209,-243.087845,40.8472633],"isRenderEnabled":false,"shapeName":"/levels/industrial/art/shapes/buildings/debris/big_pile_angle.DAE","useInstanceRenderData":true}
{"class":"TSStatic","persistentId":"182a21bb-9589-49b9-ba25-306b38bb0a3b","__parent":"OpenWarehouse","position":[-452.87085,-129.959534,40.7530518],"annotation":"OBSTACLES","isRenderEnabled":false,"rotationMatrix":[1,0,0,0,0.999995351,-0.00305174338,0,0.00305174338,0.999995351],"shapeName":"/levels/industrial/art/shapes/buildings/industrial_clutters/ind_wood_stack.DAE","useInstanceRenderData":true}
{"class":"TSStatic","persistentId":"1983eca6-a9fb-4567-b700-ade02456f589","__parent":"OpenWarehouse","position":[-469.563843,-122.280281,40.7440186],"annotation":"OBSTACLES","isRenderEnabled":false,"rotationMatrix":[0.975301802,0.220876127,0,-0.220876127,0.975301802,0,0,0,1],"shapeName":"/levels/industrial/art/shapes/buildings/industrial_clutters/pallet_stack.DAE","useInstanceRenderData":true}
{"class":"TSStatic","persistentId":"1b8d559e-af5f-4eff-99e5-3bf2b4eb0360","__parent":"OpenWarehouse","position":[-357.850555,-243.008148,40.8294678],"isRenderEnabled":false,"shapeName":"/levels/industrial/art/shapes/buildings/debris/debris_b_a.DAE","useInstanceRenderData":true}
{"class":"TSStatic","persistentId":"1ee8c9a8-4428-4c34-bd45-fa3da82c3b32","__parent":"OpenWarehouse","position":[-288.868073,-255.620712,40.838623],"isRenderEnabled":false,"shapeName":"/levels/industrial/art/shapes/buildings/debris/debris_m_barrel_b.DAE","useInstanceRenderData":true}
{"class":"TSStatic","persistentId":"200838fe-146c-40cd-b4e4-04f161148e76","__parent":"OpenWarehouse","position":[-299.66803,-118.456757,40.7440224],"annotation":"OBSTACLES","isRenderEnabled":false,"shapeName":"/levels/industrial/art/shapes/buildings/industrial_clutters/pallet_stack.DAE","useInstanceRenderData":true}
{"class":"TSStatic","persistentId":"210e4ccb-6ce0-4b7a-8049-4916a15124d6","__parent":"OpenWarehouse","position":[-363.242828,-231.289001,40.8203125],"annotation":"OBSTACLES","isRenderEnabled":false,"shapeName":"/levels/industrial/art/shapes/buildings/industrial_clutters/ind_fullgasrack.DAE","useInstanceRenderData":true}
{"class":"TSStatic","persistentId":"2445eb7c-d65c-455c-9703-167782a66023","__parent":"OpenWarehouse","position":[-348.87439,-48.632515,40.6997719],"annotation":"OBSTACLES","isRenderEnabled":false,"shapeName":"/levels/industrial/art/shapes/buildings/industrial_clutters/ind_rack_c.DAE","useInstanceRenderData":true}
{"class":"TSStatic","persistentId":"25331820-f095-4724-9cd7-a91b463a8f0f","__parent":"OpenWarehouse","position":[-480.579987,-98.0070038,40.7672997],"annotation":"BUILDINGS","isRenderEnabled":false,"shapeName":"/levels/industrial/art/shapes/buildings/ind_bld_tin_01_shed_b_sideA.dae"}
{"class":"TSStatic","persistentId":"255102bf-38d5-40be-8786-b792015b86bd","__parent":"OpenWarehouse","position":[-501.084015,-98.0093765,40.7769012],"allowPlayerStep":"1","annotation":"BUILDINGS","decalType":"Visible Mesh Final","isRenderEnabled":false,"rotationMatrix":[0.999998689,-0.00165780075,0,0.00165780075,0.999998689,0,0,0,1],"shapeName":"/levels/industrial/art/shapes/buildings/ind_bld_tin_01_shed_b.dae"}
{"class":"TSStatic","persistentId":"28ceb629-26b3-481f-b6df-236fca990e86","__parent":"OpenWarehouse","position":[-355.204132,-240.733353,40.8286552],"isRenderEnabled":false,"rotationMatrix":[1,0,0,0,0.999995351,-0.00305174338,0,0.00305174338,0.999995351],"shapeName":"/levels/industrial/art/shapes/buildings/debris/debris_a_brickwall.DAE","useInstanceRenderData":true}
{"class":"TSStatic","persistentId":"2d97039f-1d40-4118-ad62-778f55ba9153","__parent":"OpenWarehouse","position":[-501.084015,-97.9393997,40.7769012],"annotation":"BUILDINGS","isRenderEnabled":false,"shapeName":"/levels/industrial/art/shapes/buildings/ind_bld_tin_01_shed_b_sideB.dae"}
{"class":"TSStatic","persistentId":"309832b4-4568-43bf-8cbc-6689abe4b84b","__parent":"OpenWarehouse","position":[-489.351837,-102.100327,40.7318115],"annotation":"OBSTACLES","isRenderEnabled":false,"shapeName":"/levels/industrial/art/shapes/buildings/industrial_clutters/drum_pallet.DAE","useInstanceRenderData":true}
{"class":"TSStatic","persistentId":"32346e8e-6518-4913-8239-8c9b30e2a51a","__parent":"OpenWarehouse","position":[-289.975464,-122.066711,40.7470703],"isRenderEnabled":false,"shapeName":"/levels/industrial/art/shapes/buildings/industrial_clutters/cbbox_large_dirt.DAE","useInstanceRenderData":true}
{"class":"TSStatic","persistentId":"330c6f5c-b51c-4d54-98f8-1d7a48308578","__parent":"OpenWarehouse","position":[-365.442047,-251.794418,40.8355675],"annotation":"OBSTACLES","isRenderEnabled":false,"shapeName":"/levels/industrial/art/shapes/buildings/industrial_clutters/ind_gastank_rack.DAE","useInstanceRenderData":true}
{"class":"TSStatic","persistentId":"3fd5315d-5d0c-4983-baf6-c6bd0ab9080e","__parent":"OpenWarehouse","position":[-367.30957,-203.358002,40.802002],"annotation":"OBSTACLES","isRenderEnabled":false,"shapeName":"/levels/industrial/art/shapes/buildings/industrial_clutters/metal_drum_a.DAE","useInstanceRenderData":true}
{"class":"TSStatic","persistentId":"407130c1-fd8d-4f83-a464-47f1f93a624e","__parent":"OpenWarehouse","position":[-471.242157,-94.718338,40.7238693],"isRenderEnabled":false,"rotationMatrix":[1,0,0,0,0.999981403,-0.006103402,0,0.006103402,0.999981403],"shapeName":"/levels/industrial/art/shapes/buildings/industrial_clutters/old_can_a.DAE","useInstanceRenderData":true}
{"class":"TSStatic","persistentId":"40f498a4-12fc-45c5-8da4-c7eabae50144","__parent":"OpenWarehouse","position":[-307.918915,-120.279892,40.744873],"annotation":"OBSTACLES","isRenderEnabled":false,"rotationMatrix":[1,0,0,0,0.999995351,-0.00305174338,0,0.00305174338,0.999995351],"shapeName":"/levels/industrial/art/shapes/buildings/industrial_clutters/ind_clutter_mix.DAE","useInstanceRenderData":true}
{"class":"TSStatic","persistentId":"4351b65e-106f-4264-a4c5-67f2c182f7a5","__parent":"OpenWarehouse","position":[-331.730377,-45.7236404,40.6997719],"annotation":"OBSTACLES","isRenderEnabled":false,"shapeName":"/levels/industrial/art/shapes/buildings/industrial_clutters/ind_pallet_cans.DAE","useInstanceRenderData":true}
{"class":"TSStatic","persistentId":"4714c5ac-0c85-4591-9322-c5d0decef23a","__parent":"OpenWarehouse","position":[-360.643066,-231.427063,40.6814423],"allowPlayerStep":"1","annotation":"BUILDINGS","decalType":"Visible Mesh Final","isRenderEnabled":false,"rotationMatrix":[-0.00165780075,-0.999998689,0,0.999998689,-0.00165780075,0,0,0,1],"shapeName":"/levels/industrial/art/shapes/buildings/ind_bld_tin_01_shed_b.dae"}
{"class":"TSStatic","persistentId":"471a28a4-fc23-4d9c-ba5a-772be68362e8","__parent":"OpenWarehouse","position":[-471.586761,-103.075058,40.7318115],"isRenderEnabled":false,"rotationMatrix":[0.999995351,4.65654739e-06,0.00305172941,4.65654739e-06,0.999995351,-0.00305172941,-0.00305172941,0.00305172941,0.999990702],"shapeName":"/levels/industrial/art/shapes/buildings/industrial_clutters/cbbox_small_dirt.DAE","useInstanceRenderData":true}
{"class":"TSStatic","persistentId":"4cf85356-2b63-4e80-a263-f05427d5f848","__parent":"OpenWarehouse","position":[-298.232269,-118.234619,40.7440147],"annotation":"OBSTACLES","isRenderEnabled":false,"shapeName":"/levels/industrial/art/shapes/buildings/industrial_clutters/metal_drum_old_a.DAE","useInstanceRenderData":true}
{"class":"TSStatic","persistentId":"551a9a3b-f96e-47b5-ba99-89d5b2e56197","__parent":"OpenWarehouse","position":[-483.656586,-87.8422852,36.2973557],"isRenderEnabled":false,"rotationMatrix":[0.981694281,-0.0125851864,0.190047264,-0.0125851864,0.991347671,0.130657494,-0.190047264,-0.130657494,0.973041952],"shapeName":"/levels/industrial/art/shapes/buildings/debris/big_pile.DAE","useInstanceRenderData":true}
{"class":"TSStatic","persistentId":"554fbdbb-ab45-460f-9164-90a21b57397c","__parent":"OpenWarehouse","position":[-472.837372,-93.6565552,40.7547379],"isRenderEnabled":false,"rotationMatrix":[0.999215186,-0.000905548164,-0.0396002606,-0.000905548164,0.998955131,-0.0456926152,0.0396002606,0.0456926152,0.998170316],"shapeName":"/levels/industrial/art/shapes/buildings/debris/debris_a_brick_a.DAE","useInstanceRenderData":true}
{"class":"TSStatic","persistentId":"558fed83-f74a-49e9-a0f4-ccc872875a6f","__parent":"OpenWarehouse","position":[-471.386261,-97.7212219,40.7287598],"annotation":"OBSTACLES","isRenderEnabled":false,"shapeName":"/levels/industrial/art/shapes/buildings/industrial_clutters/metal_drum_old_b.DAE","useInstanceRenderData":true}
{"class":"TSStatic","persistentId":"56425858-5050-4dc3-9516-67cf3bd9a55a","__parent":"OpenWarehouse","position":[-467.932007,-129.928146,40.7529564],"annotation":"OBSTACLES","isRenderEnabled":false,"rotationMatrix":[1,0,0,0,0.999995351,-0.00305174338,0,0.00305174338,0.999995351],"shapeName":"/levels/industrial/art/shapes/buildings/industrial_clutters/metal_drum_a.DAE","useInstanceRenderData":true}
{"class":"TSStatic","persistentId":"56870f07-2f37-4a6c-aff8-c6c7ab03422a","__parent":"OpenWarehouse","position":[-360.690002,-251.720993,40.7453995],"annotation":"BUILDINGS","isRenderEnabled":false,"rotationMatrix":[2.68220901e-07,0.999999523,0,-0.999999523,2.68220901e-07,0,0,0,1],"shapeName":"/levels/industrial/art/shapes/buildings/ind_bld_tin_01_shed_b_sideB.dae"}
{"class":"TSStatic","persistentId":"56fb289d-032f-4b71-b6b3-acf02d27b4ea","__parent":"OpenWarehouse","position":[-365.32959,-261.018799,40.8365784],"isRenderEnabled":false,"rotationMatrix":[0.999995351,0,-0.00305174338,0,1,0,0.00305174338,0,0.999995351],"shapeName":"/levels/industrial/art/shapes/buildings/debris/debris_m_barrel_a.DAE","useInstanceRenderData":true}
{"class":"TSStatic","persistentId":"57cf67c4-31ca-4788-a0d1-afa54a9eaed9","__parent":"OpenWarehouse","position":[-299.067993,-123.577003,40.5],"allowPlayerStep":"1","annotation":"BUILDINGS","decalType":"Visible Mesh Final","isRenderEnabled":false,"rotationMatrix":[-0.999998689,0.00165780075,0,-0.00165780075,-0.999998689,0,0,0,1],"shapeName":"/levels/industrial/art/shapes/buildings/ind_bld_tin_01_shed_b.dae"}
{"class":"TSStatic","persistentId":"5eeb0dad-235d-4fa9-a0c0-2db1aa9482ee","__parent":"OpenWarehouse","position":[-460.80835,-124.639343,40.7767639],"allowPlayerStep":"1","annotation":"BUILDINGS","decalType":"Visible Mesh Final","isRenderEnabled":false,"rotationMatrix":[-0.999998689,0.00165780075,0,-0.00165780075,-0.999998689,0,0,0,1],"shapeName":"/levels/industrial/art/shapes/buildings/ind_bld_tin_01_shed_b.dae"}
{"class":"TSStatic","persistentId":"63a187e7-581d-4258-9b8e-1330e2582d4e","__parent":"OpenWarehouse","position":[-360.639008,-211.121994,40.7453995],"annotation":"BUILDINGS","isRenderEnabled":false,"rotationMatrix":[-8.94069672e-08,0.999999523,0,-0.999999523,-8.94069672e-08,0,0,0,1],"shapeName":"/levels/industrial/art/shapes/buildings/ind_bld_tin_01_shed_b_sideA.dae"}
{"class":"TSStatic","persistentId":"63e199cd-166c-4026-8e65-e4f399e55639","__parent":"OpenWarehouse","position":[-469.286407,-128.585831,40.7501221],"isRenderEnabled":false,"shapeName":"/levels/industrial/art/shapes/buildings/industrial_clutters/plastic_can_big.DAE","useInstanceRenderData":true}
{"class":"TSStatic","persistentId":"64fbf562-c11e-4b0f-83d9-0251c83c001d","__parent":"OpenWarehouse","position":[-356.550323,-240.372574,40.8275528],"isRenderEnabled":false,"rotationMatrix":[0.782889545,0.622157991,-0.00189867511,-0.622160733,0.782885849,-0.00238917791,0,0.00305174338,0.999995351],"shapeName":"/levels/industrial/art/shapes/buildings/debris/debris_b_col_big.DAE","useInstanceRenderData":true}
{"class":"TSStatic","persistentId":"650c1d25-0237-422a-8352-28b8bafe236a","__parent":"OpenWarehouse","position":[-299.067993,-123.577003,40.5],"annotation":"BUILDINGS","isRenderEnabled":false,"rotationMatrix":[-1.0000006,-5.96046448e-08,0,5.96046448e-08,-1.0000006,0,0,0,1],"shapeName":"/levels/industrial/art/shapes/buildings/ind_bld_tin_01_shed_b_sideB.dae"}
{"class":"TSStatic","persistentId":"6c0635bb-6f73-4534-9bbe-1e94fdf1ff50","__parent":"OpenWarehouse","position":[-501.074524,-102.85936,40.7318115],"annotation":"OBSTACLES","isRenderEnabled":false,"shapeName":"/levels/industrial/art/shapes/buildings/industrial_clutters/ind_fullgasrack.DAE","useInstanceRenderData":true}
{"class":"TSStatic","persistentId":"6d99e2b9-2547-496e-98c3-9005fcc537be","__parent":"OpenWarehouse","position":[-366.571716,-231.398788,40.7453995],"annotation":"BUILDINGS","isRenderEnabled":false,"rotationMatrix":[-8.94069672e-08,0.999999523,0,-0.999999523,-8.94069672e-08,0,0,0,1],"shapeName":"/levels/industrial/art/shapes/buildings/ind_bld_tin_01_shed_b_sideA.dae"}
{"class":"TSStatic","persistentId":"6d9bd6a6-11ca-4145-adea-355c78a11682","__parent":"OpenWarehouse","position":[-357.015198,-243.428284,40.8294678],"isRenderEnabled":false,"shapeName":"/levels/industrial/art/shapes/buildings/debris/debris_m_barrel_b.DAE","useInstanceRenderData":true}
{"class":"TSStatic","persistentId":"70ec7136-4c27-488e-8f1d-c3be41f11fa7","__parent":"OpenWarehouse","position":[-360.822052,-202.838196,40.802002],"isRenderEnabled":false,"shapeName":"/levels/industrial/art/shapes/buildings/industrial_clutters/old_can_a.DAE","useInstanceRenderData":true}
{"class":"TSStatic","persistentId":"724fd806-e138-45a1-a2e1-e899cd362aa3","__parent":"OpenWarehouse","position":[-355.882751,-240.221512,40.827095],"isRenderEnabled":false,"rotationMatrix":[1,0,0,0,0.999995351,-0.00305174338,0,0.00305174338,0.999995351],"shapeName":"/levels/industrial/art/shapes/buildings/debris/debris_m_barshort.DAE","useInstanceRenderData":true}
{"class":"TSStatic","persistentId":"72683d56-e62c-4cbc-ae1e-bdc8fe3a70fb","__parent":"OpenWarehouse","position":[-297.866974,-237.460068,40.8203125],"annotation":"OBSTACLES","isRenderEnabled":false,"shapeName":"/levels/industrial/art/shapes/buildings/industrial_clutters/metal_drum_old_a.DAE","useInstanceRenderData":true}
{"class":"TSStatic","persistentId":"72da5ebc-5cc3-4614-b822-79f21d9b2a2e","__parent":"OpenWarehouse","position":[-452.106079,-125.336609,40.7480965],"isRenderEnabled":false,"rotationMatrix":[1,0,0,0,0.999995351,-0.00305174338,0,0.00305174338,0.999995351],"shapeName":"/levels/industrial/art/shapes/buildings/industrial_clutters/wood_crate_a.DAE","useInstanceRenderData":true}
{"class":"TSStatic","persistentId":"73f06b9a-add8-4041-8293-77928b8d81f6","__parent":"OpenWarehouse","position":[-365.816833,-211.152481,40.8081055],"annotation":"OBSTACLES","isRenderEnabled":false,"shapeName":"/levels/industrial/art/shapes/buildings/industrial_clutters/drum_pallet.DAE","useInstanceRenderData":true}
{"class":"TSStatic","persistentId":"752b7b55-c833-4ec5-a44e-284bada82b91","__parent":"OpenWarehouse","position":[-364.37738,-202.889847,40.802002],"annotation":"OBSTACLES","isRenderEnabled":false,"shapeName":"/levels/industrial/art/shapes/buildings/industrial_clutters/wood_stack_b.DAE","useInstanceRenderData":true}
{"class":"TSStatic","persistentId":"78d11daa-192c-4b1d-9789-ed307b41397f","__parent":"OpenWarehouse","position":[-471.320679,-98.6624222,40.7287636],"annotation":"OBSTACLES","isRenderEnabled":false,"shapeName":"/levels/industrial/art/shapes/buildings/industrial_clutters/metal_drum_old_a.DAE","useInstanceRenderData":true}
{"class":"TSStatic","persistentId":"798c90d3-e561-48fe-b732-256c31d271a4","__parent":"OpenWarehouse","position":[-492.411743,-102.849899,40.7312164],"annotation":"OBSTACLES","isRenderEnabled":false,"rotationMatrix":[1,0,0,0,0.999995351,-0.00305174338,0,0.00305174338,0.999995351],"shapeName":"/levels/industrial/art/shapes/buildings/industrial_clutters/ind_gastank_rack.DAE","useInstanceRenderData":true}
{"class":"TSStatic","persistentId":"79f9ea71-40dc-4b0d-bdd6-fcee67036d40","__parent":"OpenWarehouse","position":[-355.277405,-244.802124,40.8294678],"isRenderEnabled":false,"shapeName":"/levels/industrial/art/shapes/buildings/debris/debris_b_angle.DAE","useInstanceRenderData":true}
{"class":"TSStatic","persistentId":"7bac8e00-622f-437e-9201-238a8392e4e5","__parent":"OpenWarehouse","position":[-361.664154,-203.317184,40.8020058],"isRenderEnabled":false,"shapeName":"/levels/industrial/art/shapes/buildings/industrial_clutters/wood_crate_a.DAE","useInstanceRenderData":true}
{"class":"TSStatic","persistentId":"7fac59f7-4fe7-4ce1-b013-c5cac6d91570","__parent":"OpenWarehouse","position":[-360.579224,-243.313187,40.8294678],"isRenderEnabled":false,"shapeName":"/levels/industrial/art/shapes/buildings/industrial_clutters/cbbox_new_b.DAE","useInstanceRenderData":true}
{"class":"TSStatic","persistentId":"83e89ec5-c1d8-41e4-8b7e-40f031ceec50","__parent":"OpenWarehouse","position":[-489.652679,-100.044014,40.7318115],"isRenderEnabled":false,"shapeName":"/levels/industrial/art/shapes/buildings/industrial_clutters/ind_cardboards.DAE","useInstanceRenderData":true}
{"class":"TSStatic","persistentId":"884ddc47-db53-4c46-8ac6-c0273a495126","__parent":"OpenWarehouse","position":[-481.462921,-103.212181,40.7318115],"isRenderEnabled":false,"shapeName":"/levels/industrial/art/shapes/buildings/industrial_clutters/cbbox_new_a.DAE","useInstanceRenderData":true}
{"class":"TSStatic","persistentId":"8aebb995-29ad-454e-b181-40268d817aa4","__parent":"OpenWarehouse","position":[-363.531219,-222.602112,40.8130035],"annotation":"OBSTACLES","isRenderEnabled":false,"rotationMatrix":[-0.0516600907,0.998659909,-0.00304766884,-0.998664618,-0.0516597368,0.000157652859,0,0.00305174338,0.999995351],"shapeName":"/levels/industrial/art/shapes/buildings/industrial_clutters/ind_rack_b.DAE","useInstanceRenderData":true}
{"class":"TSStatic","persistentId":"8b38c7dc-e9fd-4585-8d4c-b90b2ed30f4a","__parent":"OpenWarehouse","position":[-291.008606,-122.385307,40.7470703],"isRenderEnabled":false,"shapeName":"/levels/industrial/art/shapes/buildings/industrial_clutters/cbbox_medium_dirt.DAE","useInstanceRenderData":true}
{"class":"TSStatic","persistentId":"8c84bb2e-ffa4-4174-a252-ef50d906c287","__parent":"OpenWarehouse","position":[-471.687195,-94.4487534,40.7223434],"isRenderEnabled":false,"rotationMatrix":[0.999995351,-1.39688646e-05,-0.00305161602,-1.39688646e-05,0.999958098,-0.00915484782,0.00305161602,0.00915484782,0.999953449],"shapeName":"/levels/industrial/art/shapes/buildings/debris/small_pile_a.DAE","useInstanceRenderData":true}
{"class":"TSStatic","persistentId":"8dad82a8-5d00-4c4c-817b-cd4d8c82a9ac","__parent":"OpenWarehouse","position":[-468.773285,-129.120331,40.7504883],"isRenderEnabled":false,"rotationMatrix":[1,0,0,0,0.999995351,-0.00305174338,0,0.00305174338,0.999995351],"shapeName":"/levels/industrial/art/shapes/buildings/industrial_clutters/old_can_b.DAE","useInstanceRenderData":true}
{"class":"TSStatic","persistentId":"8df1ca34-2495-4fff-a2c2-aafbef9044dd","__parent":"OpenWarehouse","position":[-364.293701,-219.777802,40.814209],"annotation":"OBSTACLES","isRenderEnabled":false,"shapeName":"/levels/industrial/art/shapes/buildings/industrial_clutters/ind_wood_stack.DAE","useInstanceRenderData":true}
{"class":"TSStatic","persistentId":"906e28a4-4c57-42c9-ba5b-56e6394705c4","__parent":"OpenWarehouse","position":[-361.664154,-202.024612,40.8020058],"isRenderEnabled":false,"shapeName":"/levels/industrial/art/shapes/buildings/industrial_clutters/wood_crate_a.DAE","useInstanceRenderData":true}
{"class":"TSStatic","persistentId":"90ca9b65-5bbc-46e9-af9f-0dd630355188","__parent":"OpenWarehouse","position":[-365.539185,-231.525421,40.8219185],"annotation":"OBSTACLES","isRenderEnabled":false,"rotationMatrix":[1,0,0,0,0.999995351,-0.00305174338,0,0.00305174338,0.999995351],"shapeName":"/levels/industrial/art/shapes/buildings/industrial_clutters/ind_gastank_rack.DAE","useInstanceRenderData":true}
{"class":"TSStatic","persistentId":"912b8d7c-4ca8-4d56-ab87-56ef30e82d8a","__parent":"OpenWarehouse","position":[-355.06366,-239.171173,40.8264198],"isRenderEnabled":false,"shapeName":"/levels/industrial/art/shapes/buildings/debris/small_pile_d.DAE","useInstanceRenderData":true}
{"class":"TSStatic","persistentId":"939078d9-c3d8-4f05-8885-ca3420647dba","__parent":"OpenWarehouse","position":[-287.802216,-254.908539,40.8386192],"isRenderEnabled":false,"shapeName":"/levels/industrial/art/shapes/buildings/debris/debris_m_barrel_a.DAE","useInstanceRenderData":true}
{"class":"TSStatic","persistentId":"967185ff-0323-4f16-88d6-3905a61b7635","__parent":"OpenWarehouse","position":[-362.00061,-242.700699,40.8294678],"annotation":"OBSTACLES","isRenderEnabled":false,"rotationMatrix":[0.882898092,-0.469565034,0,0.469565034,0.882898092,0,0,0,1],"shapeName":"/levels/industrial/art/shapes/buildings/industrial_clutters/wood_pallet.DAE","useInstanceRenderData":true}
{"class":"TSStatic","persistentId":"97a16094-52a1-4ad3-9a2f-8c87757c1540","__parent":"OpenWarehouse","position":[-469.482574,-129.512024,40.7440186],"annotation":"OBSTACLES","isRenderEnabled":false,"rotationMatrix":[0.975301802,0.220876127,0,-0.220876127,0.975301802,0,0,0,1],"shapeName":"/levels/industrial/art/shapes/buildings/industrial_clutters/pallet_stack.DAE","useInstanceRenderData":true}
{"class":"TSStatic","persistentId":"97a358ae-da89-43ab-bb6c-b42280a365b9","__parent":"OpenWarehouse","position":[-469.787292,-128.595032,40.7501221],"isRenderEnabled":false,"shapeName":"/levels/industrial/art/shapes/buildings/industrial_clutters/plastic_bucket.DAE","useInstanceRenderData":true}
{"class":"TSStatic","persistentId":"9aeaab02-13b5-4194-8eb6-8a5003f2644f","__parent":"OpenWarehouse","position":[-293.033203,-237.778595,40.8233643],"annotation":"OBSTACLES","isRenderEnabled":false,"shapeName":"/levels/industrial/art/shapes/buildings/industrial_clutters/pallet_stack.DAE","useInstanceRenderData":true}
{"class":"TSStatic","persistentId":"9c9c0c2d-ca9c-4704-8c90-70826ec175dc","__parent":"OpenWarehouse","position":[-359.374512,-242.818527,40.8294678],"isRenderEnabled":false,"shapeName":"/levels/industrial/art/shapes/buildings/industrial_clutters/cbbox_large_dirt.DAE","useInstanceRenderData":true}
{"class":"TSStatic","persistentId":"a08d83fa-3366-4273-bbf1-c2d8567bfb3d","__parent":"OpenWarehouse","position":[-308.06662,-121.613152,40.7470741],"annotation":"OBSTACLES","isRenderEnabled":false,"shapeName":"/levels/industrial/art/shapes/buildings/industrial_clutters/wood_pallet.DAE","useInstanceRenderData":true}
{"class":"TSStatic","persistentId":"a27f0729-1428-425c-a152-c3bc609458a1","__parent":"OpenWarehouse","position":[-290.659424,-128.153976,40.7440186],"annotation":"OBSTACLES","isRenderEnabled":false,"shapeName":"/levels/industrial/art/shapes/buildings/industrial_clutters/ind_clutter_mix.DAE","useInstanceRenderData":true}
{"class":"TSStatic","persistentId":"a53d1d66-3bae-4c52-b77c-7e233a713008","__parent":"OpenWarehouse","position":[-489.452667,-93.1405334,40.7287598],"annotation":"OBSTACLES","isRenderEnabled":false,"shapeName":"/levels/industrial/art/shapes/buildings/industrial_clutters/ind_fullgasrack.DAE","useInstanceRenderData":true}
{"class":"TSStatic","persistentId":"a5e03336-a4ba-4cb9-b1f4-1fbda85b3282","__parent":"OpenWarehouse","position":[-489.636383,-94.4902267,40.7287598],"annotation":"OBSTACLES","isRenderEnabled":false,"shapeName":"/levels/industrial/art/shapes/buildings/industrial_clutters/ind_pallet_cans.DAE","useInstanceRenderData":true}
{"class":"TSStatic","persistentId":"a792d2e9-24be-4e61-ac83-bbee111fd4d4","__parent":"OpenWarehouse","position":[-452.059509,-120.463593,40.7440186],"annotation":"OBSTACLES","isRenderEnabled":false,"shapeName":"/levels/industrial/art/shapes/buildings/industrial_clutters/wood_pallet.DAE","useInstanceRenderData":true}
{"class":"TSStatic","persistentId":"a8a17d41-25a8-4a32-ae73-b2adeefed22f","__parent":"OpenWarehouse","position":[-290.607574,-123.622711,40.7470703],"isRenderEnabled":false,"shapeName":"/levels/industrial/art/shapes/buildings/industrial_clutters/ind_cardboards.DAE","useInstanceRenderData":true}
{"class":"TSStatic","persistentId":"aedc832b-ff1d-4a73-a9f9-57ba42a13740","__parent":"OpenWarehouse","position":[-360.690002,-251.720993,40.6692924],"allowPlayerStep":"1","annotation":"BUILDINGS","decalType":"Visible Mesh Final","isRenderEnabled":false,"rotationMatrix":[-0.00165780075,-0.999998689,0,0.999998689,-0.00165780075,0,0,0,1],"shapeName":"/levels/industrial/art/shapes/buildings/ind_bld_tin_01_shed_b.dae"}
{"class":"TSStatic","persistentId":"af6750d3-4a04-4041-9c99-ddabbc630ef9","__parent":"OpenWarehouse","position":[-356.284393,-239.642014,40.826416],"isRenderEnabled":false,"shapeName":"/levels/industrial/art/shapes/buildings/debris/debris_a_brick_a.DAE","useInstanceRenderData":true}
{"class":"TSStatic","persistentId":"afde351e-581f-4b81-845e-f8af787f0884","__parent":"OpenWarehouse","position":[-288.170074,-251.341309,40.8294678],"annotation":"OBSTACLES","isRenderEnabled":false,"shapeName":"/levels/industrial/art/shapes/buildings/industrial_clutters/crate_stack.DAE","useInstanceRenderData":true}
{"class":"TSStatic","persistentId":"b4453d7c-da51-49aa-8ea5-5da3e3d958ad","__parent":"OpenWarehouse","position":[-295.329285,-237.101105,40.8230553],"annotation":"OBSTACLES","isRenderEnabled":false,"rotationMatrix":[1,0,0,0,0.999995351,0.00305174338,0,-0.00305174338,0.999995351],"shapeName":"/levels/industrial/art/shapes/buildings/industrial_clutters/metal_drum_a.DAE","useInstanceRenderData":true}
{"class":"TSStatic","persistentId":"b465b7e0-4865-4190-977a-b340a0864eb2","__parent":"OpenWarehouse","position":[-355.138367,-240.091629,40.8266945],"isRenderEnabled":false,"rotationMatrix":[1,0,0,0,0.999995351,-0.00305174338,0,0.00305174338,0.999995351],"shapeName":"/levels/industrial/art/shapes/buildings/debris/small_pile_c.DAE","useInstanceRenderData":true}
{"class":"TSStatic","persistentId":"b96e0063-e6ce-4c72-94a2-e7139e73b339","__parent":"OpenWarehouse","position":[-480.116638,-103.020622,40.7318115],"isRenderEnabled":false,"shapeName":"/levels/industrial/art/shapes/buildings/industrial_clutters/ind_cardboards.DAE","useInstanceRenderData":true}
{"class":"TSStatic","persistentId":"c0b57c34-85b6-43fa-aea1-1e115998d91d","__parent":"OpenWarehouse","position":[-472.45871,-94.0587311,40.7224045],"isRenderEnabled":false,"rotationMatrix":[0.999981403,0,-0.006103402,0,1,0,0.006103402,0,0.999981403],"shapeName":"/levels/industrial/art/shapes/buildings/debris/debris_b_bigbrick_b.DAE","useInstanceRenderData":true}
{"class":"TSStatic","persistentId":"c1a8076d-25ca-4387-adec-82683cd81ea1","__parent":"OpenWarehouse","position":[-354.976593,-238.248184,40.826416],"isRenderEnabled":false,"shapeName":"/levels/industrial/art/shapes/buildings/debris/small_pile_a.DAE","useInstanceRenderData":true}
{"class":"TSStatic","persistentId":"c33c7c7d-a719-401c-a567-4f838509822d","__parent":"OpenWarehouse","position":[-363.600006,-242.729202,40.8294678],"annotation":"OBSTACLES","isRenderEnabled":false,"rotationMatrix":[0.791956425,0.610577166,0,-0.610577166,0.791956425,0,0,0,1],"shapeName":"/levels/industrial/art/shapes/buildings/industrial_clutters/wood_pallet.DAE","useInstanceRenderData":true}
{"class":"TSStatic","persistentId":"c8400752-bba8-4783-8e25-54b618cfff93","__parent":"OpenWarehouse","position":[-510.059143,-98.0234375,40.728756],"annotation":"OBSTACLES","isRenderEnabled":false,"shapeName":"/levels/industrial/art/shapes/buildings/industrial_clutters/ind_rack_c.DAE","useInstanceRenderData":true}
{"class":"TSStatic","persistentId":"c85dcaaa-0db6-41bc-9cc8-cedd429aa0cc","__parent":"OpenWarehouse","position":[-469.563843,-120.505226,40.7440186],"annotation":"OBSTACLES","isRenderEnabled":false,"shapeName":"/levels/industrial/art/shapes/buildings/industrial_clutters/pallet_stack.DAE","useInstanceRenderData":true}
{"class":"TSStatic","persistentId":"cde6fe82-0ce6-48b9-bf1a-1f6dff02312d","__parent":"OpenWarehouse","position":[-471.939117,-93.2372589,40.7230034],"isRenderEnabled":false,"rotationMatrix":[1,0,0,0,0.999981403,-0.006103402,0,0.006103402,0.999981403],"shapeName":"/levels/industrial/art/shapes/buildings/debris/big_pile_angle.DAE","useInstanceRenderData":true}
{"class":"TSStatic","persistentId":"d35695fb-c64f-43a8-99a8-6f569e23ef9a","__parent":"OpenWarehouse","position":[-361.454254,-219.873413,40.814209],"annotation":"OBSTACLES","isRenderEnabled":false,"rotationMatrix":[-0.0305661708,-0.999532759,0,0.999532759,-0.0305661708,0,0,0,1],"shapeName":"/levels/industrial/art/shapes/buildings/industrial_clutters/ind_rack_s.DAE","useInstanceRenderData":true}
{"class":"TSStatic","persistentId":"d51cf7c0-7dca-45e3-a237-3c6d801a5f87","__parent":"OpenWarehouse","position":[-307.887665,-118.686615,40.7440186],"annotation":"OBSTACLES","isRenderEnabled":false,"shapeName":"/levels/industrial/art/shapes/buildings/industrial_clutters/concrete_pallet.DAE","useInstanceRenderData":true}
{"class":"TSStatic","persistentId":"d5603ac4-7e3e-4b32-ae46-c089efd6fb15","__parent":"OpenWarehouse","position":[-360.639008,-211.121994,40.6767311],"allowPlayerStep":"1","annotation":"BUILDINGS","decalType":"Visible Mesh Final","isRenderEnabled":false,"rotationMatrix":[-0.00165780075,-0.999998689,0,0.999998689,-0.00165780075,0,0,0,1],"shapeName":"/levels/industrial/art/shapes/buildings/ind_bld_tin_01_shed_b.dae"}
{"class":"TSStatic","persistentId":"d5e4dc85-3841-4f49-8f81-f97908020456","__parent":"OpenWarehouse","position":[-299.067993,-129.557465,40.5],"annotation":"BUILDINGS","isRenderEnabled":false,"rotationMatrix":[-1.0000006,-5.96046448e-08,0,5.96046448e-08,-1.0000006,0,0,0,1],"shapeName":"/levels/industrial/art/shapes/buildings/ind_bld_tin_01_shed_b_sideB.dae"}
{"class":"TSStatic","persistentId":"dd91ed13-2f8d-48d4-ac85-3e18ccd196fa","__parent":"OpenWarehouse","position":[-452.043762,-121.962997,40.7469597],"annotation":"OBSTACLES","isRenderEnabled":false,"rotationMatrix":[1,0,0,0,0.999995351,-0.00305174338,0,0.00305174338,0.999995351],"shapeName":"/levels/industrial/art/shapes/buildings/industrial_clutters/pallet_stack.DAE","useInstanceRenderData":true}
{"class":"TSStatic","persistentId":"df5670d2-b81e-441b-ba3e-9c17463ad2d5","__parent":"OpenWarehouse","position":[-480.579987,-98.0070038,40.7672997],"allowPlayerStep":"1","annotation":"BUILDINGS","decalType":"Visible Mesh Final","isRenderEnabled":false,"rotationMatrix":[0.999998689,-0.00165780075,0,0.00165780075,0.999998689,0,0,0,1],"shapeName":"/levels/industrial/art/shapes/buildings/ind_bld_tin_01_shed_b.dae"}
{"class":"TSStatic","persistentId":"e0a0e66b-a4b0-4e94-88b8-6a82fec2b40a","__parent":"OpenWarehouse","position":[-308.516907,-122.272591,40.7470703],"isRenderEnabled":false,"shapeName":"/levels/industrial/art/shapes/buildings/industrial_clutters/old_can_b.DAE","useInstanceRenderData":true}
{"class":"TSStatic","persistentId":"e0beb554-1e83-458c-bd7a-815ff9f0d601","__parent":"OpenWarehouse","position":[-340.466949,-48.2523804,40.4942513],"allowPlayerStep":"1","annotation":"BUILDINGS","decalType":"Visible Mesh Final","isRenderEnabled":false,"rotationMatrix":[0.999998689,-0.00165780075,0,0.00165780075,0.999998689,0,0,0,1],"shapeName":"/levels/industrial/art/shapes/buildings/ind_bld_tin_01_shed_b.dae"}
{"class":"TSStatic","persistentId":"e160731f-4fb0-4a22-9ddd-06d5df39a525","__parent":"OpenWarehouse","position":[-481.19577,-102.329132,40.7318115],"isRenderEnabled":false,"shapeName":"/levels/industrial/art/shapes/buildings/industrial_clutters/cbbox_large_dirt.DAE","useInstanceRenderData":true}
{"class":"TSStatic","persistentId":"e5020239-ad08-45de-b18d-bc92e7c19b6c","__parent":"OpenWarehouse","position":[-361.664154,-202.024612,40.8020058],"isRenderEnabled":false,"shapeName":"/levels/industrial/art/shapes/buildings/industrial_clutters/wood_crate_a.DAE","useInstanceRenderData":true}
{"class":"TSStatic","persistentId":"e5aba994-e397-400d-a095-13c53538b72b","__parent":"OpenWarehouse","position":[-471.113373,-102.50489,40.7318115],"isRenderEnabled":false,"shapeName":"/levels/industrial/art/shapes/buildings/industrial_clutters/cbbox_medium_dirt.DAE","useInstanceRenderData":true}
{"class":"TSStatic","persistentId":"ed692ef0-af7f-4e25-b81d-affa34ae4b64","__parent":"OpenWarehouse","position":[-361.237183,-48.1881714,40.5057487],"allowPlayerStep":"1","annotation":"BUILDINGS","decalType":"Visible Mesh Final","isRenderEnabled":false,"rotationMatrix":[0.999998689,-0.00165780075,0,0.00165780075,0.999998689,0,0,0,1],"shapeName":"/levels/industrial/art/shapes/buildings/ind_bld_tin_01_shed_b.dae"}
{"class":"TSStatic","persistentId":"ee500eb9-60b4-4a87-962b-c3b4b8289ada","__parent":"OpenWarehouse","position":[-356.127167,-239.19458,40.826416],"isRenderEnabled":false,"shapeName":"/levels/industrial/art/shapes/buildings/debris/debris_b_angle.DAE","useInstanceRenderData":true}
{"class":"TSStatic","persistentId":"f522c3d2-a5bc-4b5e-801b-64029ea57739","__parent":"OpenWarehouse","position":[-471.6474,-95.8672791,40.7283516],"annotation":"OBSTACLES","isRenderEnabled":false,"rotationMatrix":[1,0,0,0,0.999995351,-0.00305174338,0,0.00305174338,0.999995351],"shapeName":"/levels/industrial/art/shapes/buildings/industrial_clutters/ind_clutter_mix.DAE","useInstanceRenderData":true}
{"class":"TSStatic","persistentId":"f737f451-21aa-4cdd-a12c-23b50495047e","__parent":"OpenWarehouse","position":[-356.557404,-244.14328,40.8294678],"isRenderEnabled":false,"shapeName":"/levels/industrial/art/shapes/buildings/debris/debris_m_can_b.DAE","useInstanceRenderData":true}
{"class":"TSStatic","persistentId":"fcd8f19b-b4b6-4794-ba8d-804212c8d00a","__parent":"OpenWarehouse","position":[-294.497833,-237.619385,40.8233643],"annotation":"OBSTACLES","isRenderEnabled":false,"shapeName":"/levels/industrial/art/shapes/buildings/industrial_clutters/metal_drum_old_a.DAE","useInstanceRenderData":true}
