{"class":"DecalRoad","persistentId":"98f36473-dac0-4802-840e-f0d6314022f6","__parent":"quarrySide_decalRoads","position":[832.862305,-524.540344,165.163498],"detail":0.200000003,"distanceFade":[200,100],"improvedSpline":true,"material":"line_yellow","nodes":[[832.862305,-524.540344,165.163498,0.200000003],[838.365234,-524.544312,165.163498,0.200000003]],"renderPriority":15,"smoothness":1,"startEndFade":[0.200000003,0.200000003],"textureLength":7,"zBias":1}
{"class":"DecalRoad","persistentId":"7bd45472-681a-4529-b5ea-f2715967d9f4","__parent":"quarrySide_decalRoads","position":[832.886536,-521.817322,165.163498],"detail":0.200000003,"distanceFade":[200,100],"improvedSpline":true,"material":"line_yellow","nodes":[[832.886536,-521.817322,165.163498,0.200000003],[838.381409,-521.846619,165.163498,0.200000003]],"renderPriority":15,"smoothness":1,"startEndFade":[0.200000003,0.200000003],"textureLength":7,"zBias":1}
{"class":"DecalRoad","persistentId":"4d814a60-772d-44b4-adb7-b5c5c32938b4","__parent":"quarrySide_decalRoads","position":[832.848328,-534.024414,165.163498],"detail":0.200000003,"distanceFade":[200,100],"improvedSpline":true,"material":"line_yellow","nodes":[[832.848328,-534.024414,165.163498,0.200000003],[838.344116,-534.0047,165.163498,0.200000003]],"renderPriority":15,"smoothness":1,"startEndFade":[0.200000003,0.200000003],"textureLength":7,"zBias":1}
{"class":"DecalRoad","persistentId":"d4f00f31-3366-41aa-9ad1-28bc2d2d243a","__parent":"quarrySide_decalRoads","position":[832.875366,-536.716736,165.163498],"detail":0.200000003,"distanceFade":[200,100],"improvedSpline":true,"material":"line_yellow","nodes":[[832.875366,-536.716736,165.163498,0.200000003],[838.3255,-536.687439,165.163498,0.200000003]],"renderPriority":15,"smoothness":1,"startEndFade":[0.200000003,0.200000003],"textureLength":7,"zBias":1}
{"class":"DecalRoad","persistentId":"dcc4eb72-c9f6-4ba7-810d-b57a21bdf9d7","__parent":"quarrySide_decalRoads","position":[832.878784,-539.447021,165.163498],"detail":0.200000003,"distanceFade":[200,100],"improvedSpline":true,"material":"line_yellow","nodes":[[832.878784,-539.447021,165.163498,0.200000003],[838.320251,-539.401611,165.163498,0.200000003]],"renderPriority":15,"smoothness":1,"startEndFade":[0.200000003,0.200000003],"textureLength":7,"zBias":1}
{"class":"DecalRoad","persistentId":"5883e4fd-d015-4f9a-9893-bab385fa91d3","__parent":"quarrySide_decalRoads","position":[832.883179,-542.138855,165.163498],"detail":0.200000003,"distanceFade":[200,100],"improvedSpline":true,"material":"line_yellow","nodes":[[832.883179,-542.138855,165.163498,0.200000003],[838.338806,-542.078003,165.163498,0.200000003]],"renderPriority":15,"smoothness":1,"startEndFade":[0.200000003,0.200000003],"textureLength":7,"zBias":1}
{"class":"DecalRoad","persistentId":"5a38a39d-627a-4d43-99c6-5088d3ea8a7d","__parent":"quarrySide_decalRoads","position":[832.867859,-544.791016,165.163498],"detail":0.200000003,"distanceFade":[200,100],"improvedSpline":true,"material":"line_yellow","nodes":[[832.867859,-544.791016,165.163498,0.200000003],[838.317383,-544.777039,165.163498,0.200000003]],"renderPriority":15,"smoothness":1,"startEndFade":[0.200000003,0.200000003],"textureLength":7,"zBias":1}
{"class":"DecalRoad","persistentId":"8acea420-cad1-43b4-aa9c-0f39dcb9d80f","__parent":"quarrySide_decalRoads","position":[832.869324,-547.519043,165.163498],"detail":0.200000003,"distanceFade":[200,100],"improvedSpline":true,"material":"line_yellow","nodes":[[832.869324,-547.519043,165.163498,0.200000003],[838.317261,-547.491028,165.163498,0.200000003]],"renderPriority":15,"smoothness":1,"startEndFade":[0.200000003,0.200000003],"textureLength":7,"zBias":1}
{"class":"DecalRoad","persistentId":"a463f389-0234-4542-bb74-558444fc7f7b","__parent":"quarrySide_decalRoads","position":[832.774658,-531.391418,165.163498],"detail":0.200000003,"distanceFade":[200,100],"improvedSpline":true,"material":"line_yellow","nodes":[[832.774658,-531.391418,165.163498,0.200000003],[833.720459,-530.560791,165.163498,0.200000003]],"renderPriority":15,"smoothness":1,"startEndFade":[0.200000003,0],"textureLength":7,"zBias":1}
{"class":"DecalRoad","persistentId":"31e65999-8768-4910-9cd2-482297a44f2f","__parent":"quarrySide_decalRoads","position":[833.510498,-531.406921,165.163498],"detail":0.200000003,"distanceFade":[200,100],"improvedSpline":true,"material":"line_yellow","nodes":[[833.510498,-531.406921,165.163498,0.200000003],[834.6073,-530.536011,165.163498,0.200000003]],"renderPriority":15,"smoothness":1,"textureLength":7,"zBias":1}
{"class":"DecalRoad","persistentId":"a2c820c4-1919-456a-b3f0-b46035284caa","__parent":"quarrySide_decalRoads","position":[834.2724,-531.399719,165.163498],"detail":0.200000003,"distanceFade":[200,100],"improvedSpline":true,"material":"line_yellow","nodes":[[834.2724,-531.399719,165.163498,0.200000003],[835.363464,-530.56665,165.163498,0.200000003]],"renderPriority":15,"smoothness":1,"textureLength":7,"zBias":1}
{"class":"DecalRoad","persistentId":"c73f52bc-f263-46d6-8f16-aa2466f0c04e","__parent":"quarrySide_decalRoads","position":[835.016052,-531.408447,165.163498],"detail":0.200000003,"distanceFade":[200,100],"improvedSpline":true,"material":"line_yellow","nodes":[[835.016052,-531.408447,165.163498,0.200000003],[836.118774,-530.553894,165.163498,0.200000003]],"renderPriority":15,"smoothness":1,"textureLength":7,"zBias":1}
{"class":"DecalRoad","persistentId":"d2cb6b67-0b20-4aff-b6d5-a5cf76bcb9b5","__parent":"quarrySide_decalRoads","position":[835.776978,-531.415771,165.163498],"detail":0.200000003,"distanceFade":[200,100],"improvedSpline":true,"material":"line_yellow","nodes":[[835.776978,-531.415771,165.163498,0.200000003],[836.907349,-530.536926,165.163498,0.200000003]],"renderPriority":15,"smoothness":1,"textureLength":7,"zBias":1}
{"class":"DecalRoad","persistentId":"7eeda815-8a06-469f-8584-bb1f95a2be12","__parent":"quarrySide_decalRoads","position":[836.53717,-531.423279,165.163498],"detail":0.200000003,"distanceFade":[200,100],"improvedSpline":true,"material":"line_yellow","nodes":[[836.53717,-531.423279,165.163498,0.200000003],[837.661194,-530.589355,165.163498,0.200000003]],"renderPriority":15,"smoothness":1,"textureLength":7,"zBias":1}
{"class":"DecalRoad","persistentId":"35a87c2d-36c6-49b1-8527-696e8b0901bd","__parent":"quarrySide_decalRoads","position":[837.295837,-531.441162,165.163498],"detail":0.200000003,"distanceFade":[200,100],"improvedSpline":true,"material":"line_yellow","nodes":[[837.295837,-531.441162,165.163498,0.200000003],[837.965515,-530.884399,165.163498,0.200000003]],"renderPriority":15,"smoothness":1,"textureLength":7,"zBias":1}
{"class":"DecalRoad","persistentId":"fe53e813-ea06-49cf-95fe-b2d29ff200e4","__parent":"quarrySide_decalRoads","position":[832.66571,-527.233032,165.163498],"distanceFade":[200,100],"improvedSpline":true,"material":"line_yellow","nodes":[[832.66571,-527.233032,165.163498,0.200000003],[835.318176,-527.269836,165.163498,0.200000003],[838.000061,-527.290466,165.163498,0.200000003]],"renderPriority":15,"startEndFade":[0.100000001,0.100000001],"textureLength":7,"zBias":1}
{"class":"DecalRoad","persistentId":"e01c3a87-521c-4b99-86c8-aafe12f632b6","__parent":"quarrySide_decalRoads","position":[832.566162,-527.936279,165.163498],"detail":0.200000003,"distanceFade":[200,100],"improvedSpline":true,"material":"line_yellow","nodes":[[832.566162,-527.936279,165.163498,0.200000003],[833.438721,-527.246521,165.163498,0.200000003]],"renderPriority":5,"smoothness":1,"startEndFade":[0.100000001,0.100000001],"textureLength":7,"zBias":1}
{"class":"DecalRoad","persistentId":"9fcfb69f-1d03-4749-9e98-7fa8e3c09812","__parent":"quarrySide_decalRoads","position":[833.085449,-528.140076,165.163498],"detail":0.200000003,"distanceFade":[200,100],"improvedSpline":true,"material":"line_yellow","nodes":[[833.085449,-528.140076,165.163498,0.200000003],[834.209045,-527.25354,165.163498,0.200000003]],"renderPriority":15,"smoothness":1,"textureLength":7,"zBias":1}
{"class":"DecalRoad","persistentId":"17084b90-9a34-4c74-8654-cb98da7ab77e","__parent":"quarrySide_decalRoads","position":[833.808838,-528.150635,165.163498],"detail":0.200000003,"distanceFade":[200,100],"improvedSpline":true,"material":"line_yellow","nodes":[[833.808838,-528.150635,165.163498,0.200000003],[834.959595,-527.262756,165.163498,0.200000003]],"renderPriority":15,"smoothness":1,"textureLength":7,"zBias":1}
{"class":"DecalRoad","persistentId":"be430481-6ea0-49f2-b6d4-638d24aae47d","__parent":"quarrySide_decalRoads","position":[834.57196,-528.105408,165.163498],"detail":0.200000003,"distanceFade":[200,100],"improvedSpline":true,"material":"line_yellow","nodes":[[834.57196,-528.105408,165.163498,0.200000003],[835.711304,-527.259399,165.163498,0.200000003]],"renderPriority":15,"smoothness":1,"textureLength":7,"zBias":1}
{"class":"DecalRoad","persistentId":"1585c35a-dd3d-4f0d-bac7-e9447dfbb288","__parent":"quarrySide_decalRoads","position":[835.39386,-528.133362,165.163498],"detail":0.200000003,"distanceFade":[200,100],"improvedSpline":true,"material":"line_yellow","nodes":[[835.39386,-528.133362,165.163498,0.200000003],[836.476318,-527.257751,165.163498,0.200000003]],"renderPriority":15,"smoothness":1,"textureLength":7,"zBias":1}
{"class":"DecalRoad","persistentId":"1677a8f6-7a6f-4737-a40c-927702a9292f","__parent":"quarrySide_decalRoads","position":[836.183228,-528.091858,165.163498],"detail":0.200000003,"distanceFade":[200,100],"improvedSpline":true,"material":"line_yellow","nodes":[[836.183228,-528.091858,165.163498,0.200000003],[837.244873,-527.272888,165.163498,0.200000003]],"renderPriority":15,"smoothness":1,"textureLength":7,"zBias":1}
{"class":"DecalRoad","persistentId":"ca1c1217-e63e-4b58-a151-92affdc38567","__parent":"quarrySide_decalRoads","position":[837.043518,-528.080933,165.163498],"detail":0.200000003,"distanceFade":[200,100],"improvedSpline":true,"material":"line_yellow","nodes":[[837.043518,-528.080933,165.163498,0.200000003],[838.003662,-527.277954,165.163498,0.200000003]],"renderPriority":15,"smoothness":1,"textureLength":7,"zBias":1}
{"class":"DecalRoad","persistentId":"be54ac4f-4626-4546-a890-a230af2b89b3","__parent":"quarrySide_decalRoads","position":[831.96167,-529.344543,165.163498],"improvedSpline":true,"material":"sidewalk_concrete","nodes":[[831.96167,-529.344543,165.163498,2.5999999],[838.070435,-529.356079,165.163498,2.5999999]],"renderPriority":5,"textureLength":10}
{"class":"DecalRoad","persistentId":"d1e7c98e-3b52-4bd2-a65c-8a77ff05c237","__parent":"quarrySide_decalRoads","position":[831.983643,-530.68988,165.21109],"breakAngle":1,"detail":0.300000012,"distanceFade":[100,50],"improvedSpline":true,"material":"road_crack","nodes":[[831.983643,-530.68988,165.21109,0.5],[832.002319,-527.968323,165.263199,0.5]],"overObjects":true,"renderPriority":1,"textureLength":24}
{"class":"DecalRoad","persistentId":"456c7ee5-1223-45e7-a56e-ec09f35c67ed","__parent":"quarrySide_decalRoads","position":[831.972839,-528.03833,165.163498],"breakAngle":1,"detail":0.300000012,"distanceFade":[100,50],"improvedSpline":true,"material":"road_crack","nodes":[[831.972839,-528.03833,165.163498,0.5],[838.093079,-528.063782,165.163498,0.5]],"overObjects":true,"renderPriority":1,"textureLength":24}
{"class":"DecalRoad","persistentId":"af76891c-0469-482a-95d3-fc36007d4ef2","__parent":"quarrySide_decalRoads","position":[831.964905,-530.638428,165.204147],"breakAngle":1,"detail":0.300000012,"distanceFade":[100,50],"improvedSpline":true,"material":"road_crack","nodes":[[831.964905,-530.638428,165.204147,0.5],[838.058411,-530.656311,165.163498,0.5]],"overObjects":true,"renderPriority":1,"textureLength":24}
{"class":"DecalRoad","persistentId":"a6c0020b-d5bf-4621-a3c1-531a9bc74f40","__parent":"quarrySide_decalRoads","position":[859.932556,-525.41803,164.752304],"detail":0.200000003,"distanceFade":[200,50],"improvedSpline":true,"material":"sidewalk_concrete","nodes":[[859.932556,-525.41803,164.752304,2],[861.864929,-513.245605,164.357712,2]],"renderPriority":6,"textureLength":12,"useTemplate":"true"}
{"class":"DecalRoad","persistentId":"8c988e2d-3e00-401e-9713-fdb447e6e601","__parent":"quarrySide_decalRoads","position":[859.129089,-524.240662,164.858536],"breakAngle":1,"detail":0.300000012,"distanceFade":[100,50],"improvedSpline":true,"material":"road_crack","nodes":[[859.129089,-524.240662,164.858536,1],[860.895264,-513.149658,164.418167,1]],"overObjects":true,"renderPriority":5,"startEndFade":[0.5,0.5],"textureLength":36}
{"class":"DecalRoad","persistentId":"2739b1f4-8819-4438-9384-d19bc4d34672","__parent":"quarrySide_decalRoads","position":[860.894165,-525.73114,164.808289],"breakAngle":1,"detail":0.300000012,"distanceFade":[100,50],"improvedSpline":true,"material":"road_crack","nodes":[[860.894165,-525.73114,164.808289,1],[862.726257,-513.606995,164.346054,1]],"overObjects":true,"renderPriority":3,"startEndFade":[0.5,0.5],"textureLength":36}
{"class":"DecalRoad","persistentId":"c71f288a-fed1-4682-a64f-5ce82e22c96e","__parent":"quarrySide_decalRoads","position":[852.121887,-517.721741,164.885574],"distanceFade":[200,100],"improvedSpline":true,"material":"track_rubber","nodes":[[852.121887,-517.721741,164.885574,9],[860.616455,-518.957703,164.505554,9],[866.771179,-519.489746,164.219894,14]],"renderPriority":2,"startEndFade":[6,8],"textureLength":80}
{"class":"DecalRoad","persistentId":"49ea7456-2dfe-426d-956a-89a80059b1b9","__parent":"quarrySide_decalRoads","position":[814.608093,-508.221313,165.163498],"detail":0.200000003,"distanceFade":[200,50],"drivability":0,"improvedSpline":true,"material":"road_gravel_variation","nodes":[[814.608093,-508.221313,165.163498,12],[808.771912,-508.339172,165.163498,4],[802.791931,-509.856628,165.467758,4],[799.81665,-514.729858,165.684372,4],[799.206665,-530.325134,165.796249,4],[799.978271,-545.765625,165.883682,4],[801.155823,-554.179077,165.804932,4],[804.370605,-557.471741,165.328735,4],[809.410706,-558.403076,165.171356,4],[815.744324,-558.027344,165.163498,12]],"renderPriority":5,"startEndFade":[15,15],"textureLength":128}
{"class":"DecalRoad","persistentId":"534f2c7a-8297-4fad-ad63-79d4f3ea7a25","__parent":"quarrySide_decalRoads","position":[805.577087,-507.87027,165.28653],"distanceFade":[200,100],"improvedSpline":true,"material":"AsphaltRoad_variation_01","nodes":[[805.577087,-507.87027,165.28653,4],[816.033569,-509.601349,165.163498,6]],"startEndFade":[10,10],"textureLength":100}
{"class":"DecalRoad","persistentId":"ad9f5802-47ec-4396-8f21-834ccb86b1dc","__parent":"quarrySide_decalRoads","position":[807.959717,-558.720093,165.251526],"distanceFade":[200,100],"improvedSpline":true,"material":"AsphaltRoad_variation_01","nodes":[[807.959717,-558.720093,165.251526,5],[816.943237,-556.620117,165.163498,8]],"startEndFade":[10,10],"textureLength":100}
{"class":"DecalRoad","persistentId":"d0740817-b7d9-4882-86f7-00a9255dd826","__parent":"quarrySide_decalRoads","position":[832.716797,-550.125916,165.163498],"distanceFade":[200,50],"improvedSpline":true,"material":"line_yellow","nodes":[[832.716797,-550.125916,165.163498,0.200000003],[832.698242,-551.829041,165.163498,0.200000003],[832.577148,-553.335754,165.163498,0.200000003],[832.008545,-554.6698,165.163498,0.200000003],[830.487732,-555.382507,165.163498,0.200000003],[826.836975,-555.492493,165.163498,0.200000003],[817.892639,-555.405945,165.163498,0.200000003]],"renderPriority":8,"textureLength":6.4000001}
{"class":"DecalRoad","persistentId":"ccd86c69-a7d4-4c80-95e9-fedc4b65a373","__parent":"quarrySide_decalRoads","position":[858.923157,-523.781372,164.729401],"detail":0.200000003,"distanceFade":[200,50],"improvedSpline":true,"material":"line_white","nodes":[[858.923157,-523.781372,164.729401,0.400000006],[859.684204,-518.891602,164.542984,0.400000006]],"renderPriority":5,"startEndFade":[0.100000001,0],"textureLength":10,"useTemplate":"true"}
{"class":"DecalRoad","persistentId":"455d8e6e-7095-409b-a3da-52b9dc468162","__parent":"quarrySide_decalRoads","position":[859.622498,-518.940369,164.546677],"distanceFade":[200,50],"improvedSpline":true,"material":"line_yellow","nodes":[[859.622498,-518.940369,164.546677,0.200000003],[855.202515,-518.695679,164.747192,0.200000003]],"renderPriority":8,"startEndFade":[0,0.100000001],"textureLength":6.4000001}
{"class":"DecalRoad","persistentId":"53943fae-70f4-44f6-8a03-89e319214509","__parent":"quarrySide_decalRoads","position":[812.34552,-553.335205,165.163498],"detail":0.200000003,"distanceFade":[100,50],"improvedSpline":true,"material":"road_patches1","nodes":[[812.34552,-553.335205,165.163498,8.5],[812.492188,-530.827637,165.163498,8.5],[812.69281,-512.511658,165.163498,8.5]],"renderPriority":3,"startEndFade":[1,1],"textureLength":64,"zBias":1}
{"class":"DecalRoad","persistentId":"062823a4-8ce9-4070-9e15-97dfb2b5cbfe","__parent":"quarrySide_decalRoads","position":[812.322083,-524.622131,165.163498],"detail":0.200000003,"distanceFade":[100,50],"improvedSpline":true,"material":"AsphaltRoad_variation_01","nodes":[[812.322083,-524.622131,165.163498,12],[812.422607,-547.346558,165.163498,12],[814.437927,-556.444397,165.163498,12],[821.109863,-560.692261,165.163498,12],[835.108826,-560.557251,165.163498,12]],"renderPriority":4,"startEndFade":[20,15],"textureLength":64,"zBias":1}
{"class":"DecalRoad","persistentId":"7dad02ab-16c2-4777-a985-9e3772d279bb","__parent":"quarrySide_decalRoads","position":[838.233765,-510.457153,165.163498],"breakAngle":1,"detail":0.0500000007,"distanceFade":[200,100],"improvedSpline":true,"material":"track_rubber","nodes":[[838.233765,-510.457153,165.163498,5],[824.593262,-510.235168,165.163498,5],[816.887634,-513.619141,165.163498,5],[813.132263,-521.483337,165.163498,5],[813.034058,-536.531128,165.163498,5],[813.531372,-553.411377,165.163498,5],[819.788818,-560.374268,165.163498,5],[830.706055,-560.540466,165.163498,5],[838.597961,-555.406372,165.163498,5],[843.038635,-545.359741,165.154465,5]],"startEndFade":[20,20],"textureLength":32}
{"class":"DecalRoad","persistentId":"8960213e-1d4e-46ac-863b-21d6420d6984","__parent":"quarrySide_decalRoads","position":[860.353943,-517.853027,164.491089],"breakAngle":1,"detail":0.0500000007,"distanceFade":[200,100],"improvedSpline":true,"material":"track_rubber","nodes":[[860.353943,-517.853027,164.491089,5],[853.709229,-513.070374,164.809982,5],[852.532471,-506.004639,165.06871,5],[851.247742,-498.936829,165.163498,5],[844.961792,-496.909119,165.163498,5],[828.889709,-496.171997,165.163498,5],[818.977478,-498.196198,165.163498,5],[814.280579,-506.003021,165.163498,5],[813.040588,-515.15686,165.163498,5],[812.144653,-526.898804,165.163498,5]],"startEndFade":[20,20],"textureLength":32}
{"class":"DecalRoad","persistentId":"0dbf5fcb-427b-4d71-b750-141aa4551d93","__parent":"quarrySide_decalRoads","position":[850.223694,-565.525818,165.163498],"detail":0.200000003,"distanceFade":[100,50],"improvedSpline":true,"material":"AsphaltRoad_variation_01","nodes":[[850.223694,-565.525818,165.163498,12],[851.921082,-539.58374,165.122467,12],[852.207031,-525.601379,165.067093,12]],"renderPriority":9,"startEndFade":[5,30],"textureLength":64,"zBias":1}
{"class":"DecalRoad","persistentId":"67595f1d-1bed-4e88-99d0-224e9b39d397","__parent":"quarrySide_decalRoads","position":[832.260071,-537.46283,165.163498],"detail":0.200000003,"distanceFade":[100,50],"improvedSpline":true,"material":"gutter1","nodes":[[832.260071,-537.46283,165.163498,0.5],[832.211304,-542.17218,165.163498,0.5],[832.166321,-549.367371,165.163498,0.5],[832.076111,-552.603638,165.163498,0.5],[831.25293,-554.320068,165.163498,0.5],[828.93689,-554.895325,165.163498,0.5],[825.095459,-554.91687,165.163498,0.5],[822.634644,-554.901245,165.163498,0.5],[820.057434,-554.916565,165.163498,0.5],[817.077759,-554.599365,165.163498,0.5],[816.595825,-551.831238,165.163498,0.5],[816.710815,-537.304932,165.163498,0.5],[816.646179,-528.957458,165.163498,0.5],[816.701294,-524.228638,165.163498,0.5],[816.687317,-519.316467,165.163498,0.5],[817.062195,-517.873535,165.163498,0.5],[818.8396,-517.617676,165.163498,0.5],[825.13623,-517.606689,165.163498,0.5],[828.475037,-517.642822,165.163498,0.5],[831.000122,-517.61322,165.163498,0.5],[832.156982,-518.20636,165.163498,0.5],[832.301514,-520.576294,165.163498,0.5],[832.341003,-524.256836,165.163498,0.5],[832.329346,-528.645325,165.163498,0.5],[832.232056,-537.55896,165.163498,0.5]],"renderPriority":6,"textureLength":16,"useTemplate":"true"}
{"class":"DecalRoad","persistentId":"ac76aadc-a736-4d36-a797-82040bed2a9d","__parent":"quarrySide_decalRoads","position":[846.217651,-562.922302,165.163498],"detail":0.200000003,"distanceFade":[200,100],"improvedSpline":true,"material":"line_yellow","nodes":[[846.217651,-562.922302,165.163498,0.200000003],[844.721558,-564.162109,165.163498,0.200000003]],"renderPriority":15,"smoothness":1,"textureLength":7,"zBias":1}
{"class":"DecalRoad","persistentId":"eec1782a-b8f8-436c-a1ef-249407980f82","__parent":"quarrySide_decalRoads","position":[845.955627,-562.336853,165.163498],"detail":0.200000003,"distanceFade":[200,100],"improvedSpline":true,"material":"line_yellow","nodes":[[845.955627,-562.336853,165.163498,0.200000003],[844.721558,-563.365845,165.163498,0.200000003]],"renderPriority":15,"smoothness":1,"textureLength":7,"zBias":1}
{"class":"DecalRoad","persistentId":"39c18693-c84c-4482-8b42-6f0cdd8beb35","__parent":"quarrySide_decalRoads","position":[845.758911,-561.677551,165.163498],"detail":0.200000003,"distanceFade":[200,100],"improvedSpline":true,"material":"line_yellow","nodes":[[845.758911,-561.677551,165.163498,0.200000003],[844.721558,-562.570862,165.163498,0.200000003]],"renderPriority":15,"smoothness":1,"textureLength":7,"zBias":1}
{"class":"DecalRoad","persistentId":"0d62b905-e888-47e7-b902-842e1a12b552","__parent":"quarrySide_decalRoads","position":[845.537903,-561.066284,165.163498],"detail":0.200000003,"distanceFade":[200,100],"improvedSpline":true,"material":"line_yellow","nodes":[[845.537903,-561.066284,165.163498,0.200000003],[844.721558,-561.771545,165.163498,0.200000003]],"renderPriority":15,"smoothness":1,"textureLength":7,"zBias":1}
{"class":"DecalRoad","persistentId":"15a1bb86-9ef7-4fa2-bb68-548a6ead7f92","__parent":"quarrySide_decalRoads","position":[845.307617,-560.467346,165.163498],"detail":0.200000003,"distanceFade":[200,100],"improvedSpline":true,"material":"line_yellow","nodes":[[845.307617,-560.467346,165.163498,0.200000003],[844.721558,-560.960144,165.163498,0.200000003]],"renderPriority":15,"smoothness":1,"textureLength":7,"zBias":1}
{"class":"DecalRoad","persistentId":"b59d5534-32b1-48ed-9cfe-e976f88a8f14","__parent":"quarrySide_decalRoads","position":[845.13855,-559.818604,165.163498],"detail":0.200000003,"distanceFade":[200,100],"improvedSpline":true,"material":"line_yellow","nodes":[[845.13855,-559.818604,165.163498,0.200000003],[844.748657,-560.114929,165.163498,0.200000003]],"renderPriority":15,"smoothness":1,"textureLength":7,"zBias":1}
{"class":"DecalRoad","persistentId":"6f40a153-e3cd-4fa8-bfb2-d1c74ad0a690","__parent":"quarrySide_decalRoads","position":[846.577087,-564.222961,165.163498],"detail":0.200000003,"distanceFade":[200,100],"improvedSpline":true,"material":"line_yellow","nodes":[[846.577087,-564.222961,165.163498,0.200000003],[844.812134,-558.870972,165.163498,0.200000003]],"renderPriority":15,"smoothness":1,"textureLength":7,"zBias":1}
{"class":"DecalRoad","persistentId":"46aeff20-bd01-4e5b-b23b-daacad7d8538","__parent":"quarrySide_decalRoads","position":[853.68988,-525.800964,165.024918],"detail":0.200000003,"distanceFade":[200,100],"improvedSpline":true,"material":"line_yellow","nodes":[[853.68988,-525.800964,165.024918,0.200000003],[855.618286,-524.315247,164.880051,0.200000003]],"renderPriority":15,"smoothness":1,"textureLength":7,"zBias":1}
{"class":"DecalRoad","persistentId":"f42d00af-c184-405e-b730-eea5f5b7c999","__parent":"quarrySide_decalRoads","position":[854.376953,-525.874512,164.991745],"detail":0.200000003,"distanceFade":[200,100],"improvedSpline":true,"material":"line_yellow","nodes":[[854.376953,-525.874512,164.991745,0.200000003],[856.393005,-524.336792,164.83963,0.200000003]],"renderPriority":15,"smoothness":1,"textureLength":7,"zBias":1}
{"class":"DecalRoad","persistentId":"71fa82f2-b229-4c6f-937a-be319ddb0e37","__parent":"quarrySide_decalRoads","position":[855.068054,-525.911804,164.957413],"detail":0.200000003,"distanceFade":[200,100],"improvedSpline":true,"material":"line_yellow","nodes":[[855.068054,-525.911804,164.957413,0.200000003],[856.935791,-524.487244,164.81752,0.200000003]],"renderPriority":15,"smoothness":1,"startEndFade":[0,0.200000003],"textureLength":7,"zBias":1}
{"class":"DecalRoad","persistentId":"f5a74074-9528-4d82-b68a-dfd2e1949c4f","__parent":"quarrySide_decalRoads","position":[838.068298,-530.656616,165.163498],"breakAngle":1,"detail":0.300000012,"distanceFade":[100,50],"improvedSpline":true,"material":"road_crack","nodes":[[838.068298,-530.656616,165.163498,0.5],[838.075012,-528.053833,165.163498,0.5]],"overObjects":true,"renderPriority":1,"textureLength":24}
{"class":"DecalRoad","persistentId":"944c751d-9405-4d0b-abb6-db789b563449","__parent":"quarrySide_decalRoads","position":[852.98053,-525.764221,165.046234],"detail":0.200000003,"distanceFade":[200,100],"improvedSpline":true,"material":"line_yellow","nodes":[[852.98053,-525.764221,165.046234,0.200000003],[854.90918,-524.294312,164.927872,0.200000003]],"renderPriority":15,"smoothness":1,"textureLength":7,"zBias":1}
{"class":"DecalRoad","persistentId":"3dc52776-3b1e-4aba-b0c2-f39913a120ac","__parent":"quarrySide_decalRoads","position":[852.252258,-525.7453,165.063766],"detail":0.200000003,"distanceFade":[200,100],"improvedSpline":true,"material":"line_yellow","nodes":[[852.252258,-525.7453,165.063766,0.200000003],[854.242493,-524.260681,164.963394,0.200000003]],"renderPriority":15,"smoothness":1,"textureLength":7,"zBias":1}
{"class":"DecalRoad","persistentId":"d77102c5-79ee-4ee4-9d4a-6aa118aa46d7","__parent":"quarrySide_decalRoads","position":[851.535706,-525.710022,165.076996],"detail":0.200000003,"distanceFade":[200,100],"improvedSpline":true,"material":"line_yellow","nodes":[[851.535706,-525.710022,165.076996,0.200000003],[853.450134,-524.275269,165.003128,0.200000003]],"renderPriority":15,"smoothness":1,"textureLength":7,"zBias":1}
{"class":"DecalRoad","persistentId":"f23b0580-7853-4d70-a481-67ed9fb2adf6","__parent":"quarrySide_decalRoads","position":[852.42511,-524.414673,165.038055],"detail":0.200000003,"distanceFade":[200,100],"improvedSpline":true,"material":"line_yellow","nodes":[[852.42511,-524.414673,165.038055,0.200000003],[851.110779,-525.409668,165.08606,0.200000003]],"renderPriority":15,"smoothness":1,"textureLength":7,"zBias":1}
{"class":"DecalRoad","persistentId":"1a714c7f-f4b5-43bf-ab84-1c21f96a6e2a","__parent":"quarrySide_decalRoads","position":[856.252136,-526.008301,164.905441],"distanceFade":[200,100],"improvedSpline":true,"material":"line_yellow","nodes":[[856.252136,-526.008301,164.905441,0.200000003],[853.724609,-525.814392,165.022842,0.200000003],[852.343689,-525.738892,165.061783,0.200000003],[850.930847,-525.644287,165.093887,0.200000003]],"renderPriority":15,"startEndFade":[0.200000003,0],"textureLength":7,"zBias":1}
{"class":"DecalRoad","persistentId":"2b21a50c-e803-49c9-b9e2-c97e6057e30e","__parent":"quarrySide_decalRoads","position":[832.691895,-519.067627,165.163498],"detail":0.200000003,"distanceFade":[200,100],"improvedSpline":true,"material":"line_yellow","nodes":[[832.691895,-519.067627,165.163498,0.200000003],[834.233032,-517.86554,165.163498,0.200000003]],"renderPriority":15,"smoothness":1,"startEndFade":[0.100000001,0],"textureLength":7,"zBias":1}
{"class":"DecalRoad","persistentId":"e8d4da60-72db-4440-8a10-bfd29784c814","__parent":"quarrySide_decalRoads","position":[833.427734,-519.08313,165.163498],"detail":0.200000003,"distanceFade":[200,100],"improvedSpline":true,"material":"line_yellow","nodes":[[833.427734,-519.08313,165.163498,0.200000003],[834.935059,-517.923767,165.163498,0.200000003]],"renderPriority":15,"smoothness":1,"textureLength":7,"zBias":1}
{"class":"DecalRoad","persistentId":"93d2dd52-01ae-4966-a2ed-b132d1102ea6","__parent":"quarrySide_decalRoads","position":[834.189636,-519.075928,165.163498],"detail":0.200000003,"distanceFade":[200,100],"improvedSpline":true,"material":"line_yellow","nodes":[[834.189636,-519.075928,165.163498,0.200000003],[835.642822,-517.983643,165.163498,0.200000003]],"renderPriority":15,"smoothness":1,"textureLength":7,"zBias":1}
{"class":"DecalRoad","persistentId":"00949731-6ed7-419b-af17-d25eeca7e48f","__parent":"quarrySide_decalRoads","position":[834.933289,-519.084656,165.163498],"detail":0.200000003,"distanceFade":[200,100],"improvedSpline":true,"material":"line_yellow","nodes":[[834.933289,-519.084656,165.163498,0.200000003],[836.289612,-518.037292,165.163498,0.200000003]],"renderPriority":15,"smoothness":1,"textureLength":7,"zBias":1}
{"class":"DecalRoad","persistentId":"5f4543c6-e819-4e27-a247-0e3379255196","__parent":"quarrySide_decalRoads","position":[835.694214,-519.09198,165.163498],"detail":0.200000003,"distanceFade":[200,100],"improvedSpline":true,"material":"line_yellow","nodes":[[835.694214,-519.09198,165.163498,0.200000003],[836.898132,-518.129456,165.163498,0.200000003]],"renderPriority":15,"smoothness":1,"textureLength":7,"zBias":1}
{"class":"DecalRoad","persistentId":"e059a216-0fd7-4b6d-abdd-b529b3205780","__parent":"quarrySide_decalRoads","position":[836.454407,-519.099487,165.163498],"detail":0.200000003,"distanceFade":[200,100],"improvedSpline":true,"material":"line_yellow","nodes":[[836.454407,-519.099487,165.163498,0.200000003],[837.506348,-518.30304,165.163498,0.200000003]],"renderPriority":15,"smoothness":1,"textureLength":7,"zBias":1}
{"class":"DecalRoad","persistentId":"14509f38-69ab-435e-874f-3e63e289d4ab","__parent":"quarrySide_decalRoads","position":[837.213074,-519.117371,165.163498],"detail":0.200000003,"distanceFade":[200,100],"improvedSpline":true,"material":"line_yellow","nodes":[[837.213074,-519.117371,165.163498,0.200000003],[837.896851,-518.558716,165.163498,0.200000003]],"renderPriority":15,"smoothness":1,"textureLength":7,"zBias":1}
{"class":"DecalRoad","persistentId":"3dd53e5a-58d1-4532-8cec-c77b7ffffe44","__parent":"quarrySide_decalRoads","position":[832.185547,-517.762878,165.163498],"distanceFade":[200,100],"improvedSpline":true,"material":"line_yellow","nodes":[[832.185547,-517.762878,165.163498,0.200000003],[836.247253,-518.016968,165.163498,0.200000003],[837.786011,-518.427063,165.163498,0.200000003],[838.173706,-519.10907,165.163498,0.200000003]],"renderPriority":15,"startEndFade":[0.100000001,0.100000001],"textureLength":7,"zBias":1}
{"class":"DecalRoad","persistentId":"0fec9ee5-a831-4776-a86b-c49d30aa84de","__parent":"quarrySide_decalRoads","position":[832.691895,-550.811951,165.163498],"detail":0.200000003,"distanceFade":[200,100],"improvedSpline":true,"material":"line_yellow","nodes":[[832.691895,-550.811951,165.163498,0.200000003],[833.438721,-550.209106,165.163498,0.200000003]],"renderPriority":15,"smoothness":1,"startEndFade":[0.100000001,0.100000001],"textureLength":7,"zBias":1}
{"class":"DecalRoad","persistentId":"0ced1678-c15d-447c-8fc4-db85f2ecd552","__parent":"quarrySide_decalRoads","position":[832.717773,-551.348083,165.163498],"detail":0.200000003,"distanceFade":[200,100],"improvedSpline":true,"material":"line_yellow","nodes":[[832.717773,-551.348083,165.163498,0.200000003],[834.209045,-550.216125,165.163498,0.200000003]],"renderPriority":15,"smoothness":1,"textureLength":7,"zBias":1}
{"class":"DecalRoad","persistentId":"3f4cd6d9-6d28-4fff-99cf-fe537c6fd905","__parent":"quarrySide_decalRoads","position":[832.747192,-552.105713,165.163498],"detail":0.200000003,"distanceFade":[200,100],"improvedSpline":true,"material":"line_yellow","nodes":[[832.747192,-552.105713,165.163498,0.200000003],[834.959595,-550.225342,165.163498,0.200000003]],"renderPriority":15,"smoothness":1,"textureLength":7,"zBias":1}
{"class":"DecalRoad","persistentId":"4c52a8a5-699a-4ccb-8d98-857d5361e8e8","__parent":"quarrySide_decalRoads","position":[833.754822,-551.930237,165.163498],"detail":0.200000003,"distanceFade":[200,100],"improvedSpline":true,"material":"line_yellow","nodes":[[833.754822,-551.930237,165.163498,0.200000003],[835.711304,-550.221985,165.163498,0.200000003]],"renderPriority":15,"smoothness":1,"textureLength":7,"zBias":1}
{"class":"DecalRoad","persistentId":"c20802d1-5625-4fbf-b90f-4c0870f8ba7a","__parent":"quarrySide_decalRoads","position":[834.618225,-551.77771,165.163498],"detail":0.200000003,"distanceFade":[200,100],"improvedSpline":true,"material":"line_yellow","nodes":[[834.618225,-551.77771,165.163498,0.200000003],[836.476318,-550.220337,165.163498,0.200000003]],"renderPriority":15,"smoothness":1,"textureLength":7,"zBias":1}
{"class":"DecalRoad","persistentId":"dc928a26-46b9-47be-abc9-1ca980c5654a","__parent":"quarrySide_decalRoads","position":[835.493652,-551.618103,165.163498],"detail":0.200000003,"distanceFade":[200,100],"improvedSpline":true,"material":"line_yellow","nodes":[[835.493652,-551.618103,165.163498,0.200000003],[837.244873,-550.235474,165.163498,0.200000003]],"renderPriority":15,"smoothness":1,"textureLength":7,"zBias":1}
{"class":"DecalRoad","persistentId":"c18c5c62-5d7e-4798-aeee-11863334e020","__parent":"quarrySide_decalRoads","position":[836.703125,-551.330688,165.163498],"detail":0.200000003,"distanceFade":[200,100],"improvedSpline":true,"material":"line_yellow","nodes":[[836.703125,-551.330688,165.163498,0.200000003],[838.003662,-550.24054,165.163498,0.200000003]],"renderPriority":15,"smoothness":1,"textureLength":7,"zBias":1}
{"class":"DecalRoad","persistentId":"be3298d8-69ee-4c83-85be-b25b3ce28fa4","__parent":"quarrySide_decalRoads","position":[857.579651,-525.320557,164.818314],"detail":0.200000003,"distanceFade":[200,50],"improvedSpline":true,"material":"road_edge","nodes":[[857.579651,-525.320557,164.818314,1],[857.148804,-527.062744,164.887985,1],[857.060852,-530.489075,164.968063,1],[856.731445,-535.365784,165.098724,1],[856.255798,-540.384888,165.151215,1],[855.662476,-549.108704,165.163498,1],[855.170471,-554.967834,165.17691,1],[854.882141,-558.872498,165.20491,1],[853.578369,-562.632263,165.143097,1]],"renderPriority":4,"startEndFade":[0.5,5],"textureLength":16}
{"class":"DecalRoad","persistentId":"2d58fd90-4afa-4d86-8369-f7fc82972e36","__parent":"quarrySide_decalRoads","position":[849.390442,-565.977905,165.163498],"detail":0.200000003,"distanceFade":[200,50],"improvedSpline":true,"material":"road_edge","nodes":[[849.390442,-565.977905,165.163498,1],[838.320923,-565.490479,165.163498,1],[833.083069,-565.344238,165.163498,1],[827.046509,-565.089905,165.163498,1],[820.474976,-564.745361,165.163498,1],[816.629028,-564.687073,165.163498,1],[814.229675,-564.729126,165.156509,1]],"renderPriority":4,"startEndFade":[0.5,0],"textureLength":16}
{"class":"DecalRoad","persistentId":"19693dd7-47d1-43d9-8b96-abcaa22718bb","__parent":"quarrySide_decalRoads","position":[836.643311,-564.162842,165.163498],"detail":0.200000003,"distanceFade":[200,100],"improvedSpline":true,"material":"line_yellow","nodes":[[836.643311,-564.162842,165.163498,0.200000003],[836.688171,-558.723938,165.163498,0.200000003]],"renderPriority":15,"smoothness":1,"startEndFade":[0.200000003,0.200000003],"textureLength":7,"zBias":1}
{"class":"DecalRoad","persistentId":"b5c42860-269c-4ce1-b151-fbcaadc002ad","__parent":"quarrySide_decalRoads","position":[839.326843,-564.172241,165.163498],"detail":0.200000003,"distanceFade":[200,100],"improvedSpline":true,"material":"line_yellow","nodes":[[839.326843,-564.172241,165.163498,0.200000003],[839.402771,-558.758972,165.163498,0.200000003]],"renderPriority":15,"smoothness":1,"startEndFade":[0.200000003,0.200000003],"textureLength":7,"zBias":1}
{"class":"DecalRoad","persistentId":"62f2abe7-3867-4b64-b49b-982e4653644c","__parent":"quarrySide_decalRoads","position":[842.046082,-564.202637,165.163498],"detail":0.200000003,"distanceFade":[200,100],"improvedSpline":true,"material":"line_yellow","nodes":[[842.046082,-564.202637,165.163498,0.200000003],[842.122253,-558.783997,165.163498,0.200000003]],"renderPriority":15,"smoothness":1,"startEndFade":[0.200000003,0.200000003],"textureLength":7,"zBias":1}
{"class":"DecalRoad","persistentId":"4e5d5b19-3e53-4d99-b9dc-9e0c1d9b567f","__parent":"quarrySide_decalRoads","position":[844.733582,-564.241455,165.163498],"detail":0.200000003,"distanceFade":[200,100],"improvedSpline":true,"material":"line_yellow","nodes":[[844.733582,-564.241455,165.163498,0.200000003],[844.796326,-558.824524,165.163498,0.200000003]],"renderPriority":15,"smoothness":1,"startEndFade":[0.200000003,0.200000003],"textureLength":7,"zBias":1}
{"class":"DecalRoad","persistentId":"4b4ccefd-0d11-42bd-a9a4-9ece4c5bb00a","__parent":"quarrySide_decalRoads","position":[854.370117,-550.305908,165.15213],"detail":0.200000003,"distanceFade":[200,100],"improvedSpline":true,"material":"line_yellow","nodes":[[854.370117,-550.305908,165.15213,0.200000003],[848.921265,-549.854553,165.140015,0.200000003]],"renderPriority":15,"smoothness":1,"startEndFade":[0.200000003,0.200000003],"textureLength":7,"zBias":1}
{"class":"DecalRoad","persistentId":"6fcc7c84-0889-4f1f-98f9-c2863fa6a5cc","__parent":"quarrySide_decalRoads","position":[854.56897,-547.536926,165.141235],"detail":0.200000003,"distanceFade":[200,100],"improvedSpline":true,"material":"line_yellow","nodes":[[854.56897,-547.536926,165.141235,0.200000003],[849.118164,-547.151428,165.140015,0.200000003]],"renderPriority":15,"smoothness":1,"startEndFade":[0.200000003,0.200000003],"textureLength":7,"zBias":1}
{"class":"DecalRoad","persistentId":"3f71d3db-2260-4606-bafd-1a95832aaa1f","__parent":"quarrySide_decalRoads","position":[854.768433,-544.882507,165.14679],"detail":0.200000003,"distanceFade":[200,100],"improvedSpline":true,"material":"line_yellow","nodes":[[854.768433,-544.882507,165.14679,0.200000003],[849.354858,-544.44812,165.13414,0.200000003]],"renderPriority":15,"smoothness":1,"startEndFade":[0.200000003,0.200000003],"textureLength":7,"zBias":1}
{"class":"DecalRoad","persistentId":"e1564052-4b87-4e0b-9bfe-1aa7abd007d1","__parent":"quarrySide_decalRoads","position":[854.983704,-542.174377,165.147736],"detail":0.200000003,"distanceFade":[200,100],"improvedSpline":true,"material":"line_yellow","nodes":[[854.983704,-542.174377,165.147736,0.200000003],[849.559631,-541.771301,165.138077,0.200000003]],"renderPriority":15,"smoothness":1,"startEndFade":[0.200000003,0.200000003],"textureLength":7,"zBias":1}
{"class":"DecalRoad","persistentId":"7a52586b-7332-4da0-89e0-397f255cae5c","__parent":"quarrySide_decalRoads","position":[855.177734,-539.508545,165.13414],"detail":0.200000003,"distanceFade":[200,100],"improvedSpline":true,"material":"line_yellow","nodes":[[855.177734,-539.508545,165.13414,0.200000003],[849.766846,-539.081116,165.120834,0.200000003]],"renderPriority":15,"smoothness":1,"startEndFade":[0.200000003,0.200000003],"textureLength":7,"zBias":1}
{"class":"DecalRoad","persistentId":"f4d3d104-aa05-4c16-8e50-1b6d4ab4b541","__parent":"quarrySide_decalRoads","position":[855.405701,-536.802795,165.117783],"detail":0.200000003,"distanceFade":[200,100],"improvedSpline":true,"material":"line_yellow","nodes":[[855.405701,-536.802795,165.117783,0.200000003],[849.989502,-536.393555,165.111038,0.200000003]],"renderPriority":15,"smoothness":1,"startEndFade":[0.200000003,0.200000003],"textureLength":7,"zBias":1}
{"class":"DecalRoad","persistentId":"0697dae1-db9a-4b21-b600-739dc06c93fc","__parent":"quarrySide_decalRoads","position":[855.623596,-534.12384,165.074707],"detail":0.200000003,"distanceFade":[200,100],"improvedSpline":true,"material":"line_yellow","nodes":[[855.623596,-534.12384,165.074707,0.200000003],[850.20874,-533.683228,165.057922,0.200000003]],"renderPriority":15,"smoothness":1,"startEndFade":[0.200000003,0.200000003],"textureLength":7,"zBias":1}
{"class":"DecalRoad","persistentId":"0a8e0348-f613-413c-8399-c44afc080d53","__parent":"quarrySide_decalRoads","position":[855.829651,-531.432617,164.995575],"detail":0.200000003,"distanceFade":[200,100],"improvedSpline":true,"material":"line_yellow","nodes":[[855.829651,-531.432617,164.995575,0.200000003],[850.416809,-530.996521,165.021652,0.200000003]],"renderPriority":15,"smoothness":1,"startEndFade":[0.200000003,0.200000003],"textureLength":7,"zBias":1}
{"class":"DecalRoad","persistentId":"e5db9d7c-03df-4967-872c-197fa65dd9fd","__parent":"quarrySide_decalRoads","position":[856.027405,-528.729797,164.96608],"detail":0.200000003,"distanceFade":[200,100],"improvedSpline":true,"material":"line_yellow","nodes":[[856.027405,-528.729797,164.96608,0.200000003],[850.638,-528.294312,165.05658,0.200000003]],"renderPriority":15,"smoothness":1,"startEndFade":[0.200000003,0.200000003],"textureLength":7,"zBias":1}
{"class":"DecalRoad","persistentId":"b6ff88f9-7cdb-4b5e-ad03-c4347f0309db","__parent":"quarrySide_decalRoads","position":[892.813904,-566.593872,163.54361],"detail":0.200000003,"distanceFade":[200,100],"improvedSpline":true,"material":"line_yellow","nodes":[[892.813904,-566.593872,163.54361,0.200000003],[892.993591,-561.348389,163.54361,0.200000003]],"renderPriority":15,"smoothness":1,"startEndFade":[0.200000003,0.200000003],"textureLength":7,"zBias":1}
{"class":"DecalRoad","persistentId":"0f9835ff-8195-4909-8829-727f0dfd1c0b","__parent":"quarrySide_decalRoads","position":[890.074707,-566.628479,163.54361],"detail":0.200000003,"distanceFade":[200,100],"improvedSpline":true,"material":"line_yellow","nodes":[[890.074707,-566.628479,163.54361,0.200000003],[890.30603,-561.296753,163.54361,0.200000003]],"renderPriority":15,"smoothness":1,"startEndFade":[0.200000003,0.200000003],"textureLength":7,"zBias":1}
{"class":"DecalRoad","persistentId":"6ccb4c99-f57f-4563-b4b9-a3516bc842b5","__parent":"quarrySide_decalRoads","position":[887.34967,-566.5354,163.54361],"detail":0.200000003,"distanceFade":[200,100],"improvedSpline":true,"material":"line_yellow","nodes":[[887.34967,-566.5354,163.54361,0.200000003],[887.602295,-561.154419,163.54361,0.200000003]],"renderPriority":15,"smoothness":1,"startEndFade":[0.200000003,0.200000003],"textureLength":7,"zBias":1}
{"class":"DecalRoad","persistentId":"7c480999-ab15-4fd2-8151-605b869942d8","__parent":"quarrySide_decalRoads","position":[884.680176,-566.335327,163.54361],"detail":0.200000003,"distanceFade":[200,100],"improvedSpline":true,"material":"line_yellow","nodes":[[884.680176,-566.335327,163.54361,0.200000003],[884.906616,-561.107544,163.54361,0.200000003]],"renderPriority":15,"smoothness":1,"startEndFade":[0.200000003,0.200000003],"textureLength":7,"zBias":1}
{"class":"DecalRoad","persistentId":"1a43d8cd-415a-4bf1-bc33-9c0dc22cffcd","__parent":"quarrySide_decalRoads","position":[877.239563,-561.057434,163.54361],"detail":0.200000003,"distanceFade":[200,100],"improvedSpline":true,"material":"line_yellow","nodes":[[877.239563,-561.057434,163.54361,0.200000003],[882.272156,-561.083435,163.54361,0.200000003]],"renderPriority":15,"smoothness":1,"startEndFade":[0.200000003,0.200000003],"textureLength":7,"zBias":1}
{"class":"DecalRoad","persistentId":"2a85bf01-04b7-4a13-9981-86839d4473fe","__parent":"quarrySide_decalRoads","position":[882.029724,-565.855835,163.54361],"detail":0.200000003,"distanceFade":[200,100],"improvedSpline":true,"material":"line_yellow","nodes":[[882.029724,-565.855835,163.54361,0.200000003],[882.210571,-561.005798,163.54361,0.200000003]],"renderPriority":15,"smoothness":1,"startEndFade":[0.200000003,0.200000003],"textureLength":7,"zBias":1}
{"class":"DecalRoad","persistentId":"9b27cf64-b9dd-43b9-a0d5-78c7d460980c","__parent":"quarrySide_decalRoads","position":[877.002808,-558.352112,163.54361],"detail":0.200000003,"distanceFade":[200,100],"improvedSpline":true,"material":"line_yellow","nodes":[[877.002808,-558.352112,163.54361,0.200000003],[882.219727,-558.394531,163.54361,0.200000003]],"renderPriority":15,"smoothness":1,"startEndFade":[0.200000003,0.200000003],"textureLength":7,"zBias":1}
{"class":"DecalRoad","persistentId":"94542b58-125a-4ddb-abff-6cea2937d8d2","__parent":"quarrySide_decalRoads","position":[876.997925,-555.661621,163.54361],"detail":0.200000003,"distanceFade":[200,100],"improvedSpline":true,"material":"line_yellow","nodes":[[876.997925,-555.661621,163.54361,0.200000003],[882.257935,-555.687134,163.54361,0.200000003]],"renderPriority":15,"smoothness":1,"startEndFade":[0.200000003,0.200000003],"textureLength":7,"zBias":1}
{"class":"DecalRoad","persistentId":"139a6520-4985-4a48-9c7b-72bd28fa3553","__parent":"quarrySide_decalRoads","position":[877.054443,-552.918335,163.54361],"detail":0.200000003,"distanceFade":[200,100],"improvedSpline":true,"material":"line_yellow","nodes":[[877.054443,-552.918335,163.54361,0.200000003],[882.307556,-552.987732,163.54361,0.200000003]],"renderPriority":15,"smoothness":1,"startEndFade":[0.200000003,0.200000003],"textureLength":7,"zBias":1}
{"class":"DecalRoad","persistentId":"d9f66405-0a49-412f-8b37-9dd3e9fd55c9","__parent":"quarrySide_decalRoads","position":[877.159546,-550.241394,163.54361],"detail":0.200000003,"distanceFade":[200,100],"improvedSpline":true,"material":"line_yellow","nodes":[[877.159546,-550.241394,163.54361,0.200000003],[882.375427,-550.281006,163.54361,0.200000003]],"renderPriority":15,"smoothness":1,"startEndFade":[0.200000003,0.200000003],"textureLength":7,"zBias":1}
{"class":"DecalRoad","persistentId":"aa677199-cd1e-4fa5-9da8-3b0dc97b7f28","__parent":"quarrySide_decalRoads","position":[877.223022,-547.510132,163.54361],"detail":0.200000003,"distanceFade":[200,100],"improvedSpline":true,"material":"line_yellow","nodes":[[877.223022,-547.510132,163.54361,0.200000003],[882.373535,-547.587524,163.54361,0.200000003]],"renderPriority":15,"smoothness":1,"startEndFade":[0.200000003,0.200000003],"textureLength":7,"zBias":1}
{"class":"DecalRoad","persistentId":"4b1c6b2f-face-4d0e-b686-6d733b965366","__parent":"quarrySide_decalRoads","position":[877.317993,-544.799622,163.54361],"detail":0.200000003,"distanceFade":[200,100],"improvedSpline":true,"material":"line_yellow","nodes":[[877.317993,-544.799622,163.54361,0.200000003],[882.401794,-544.879517,163.54361,0.200000003]],"renderPriority":15,"smoothness":1,"startEndFade":[0.200000003,0.200000003],"textureLength":7,"zBias":1}
{"class":"DecalRoad","persistentId":"8bc3e4e5-e030-4710-9a17-5c16e8332b23","__parent":"quarrySide_decalRoads","position":[877.353271,-542.139648,163.54361],"detail":0.200000003,"distanceFade":[200,100],"improvedSpline":true,"material":"line_yellow","nodes":[[877.353271,-542.139648,163.54361,0.200000003],[882.336609,-542.178955,163.54361,0.200000003]],"renderPriority":15,"smoothness":1,"startEndFade":[0.200000003,0],"textureLength":7,"zBias":1}
{"class":"DecalRoad","persistentId":"69b75699-45bb-41d7-b6d1-e39259095db3","__parent":"quarrySide_decalRoads","position":[832.66571,-550.195618,165.163498],"distanceFade":[200,100],"improvedSpline":true,"material":"line_yellow","nodes":[[832.66571,-550.195618,165.163498,0.200000003],[835.318176,-550.232422,165.163498,0.200000003],[837.094116,-550.224854,165.163498,0.200000003],[838.205566,-550.23645,165.163498,0.200000003]],"renderPriority":15,"startEndFade":[0.100000001,0],"textureLength":7,"zBias":1}
{"class":"DecalRoad","persistentId":"de2b50d9-b325-4ed7-9df0-fbcfcf64363b","__parent":"quarrySide_decalRoads","position":[820.920227,-502.075531,165.163498],"improvedSpline":true,"material":"sidewalk_concrete","nodes":[[820.920227,-502.075531,165.163498,5.5],[848.577148,-502.911163,165.163498,5.5]],"renderPriority":9,"textureLength":32}
{"class":"DecalRoad","persistentId":"9edd47ed-588f-4866-8bc5-d6c1949c4a7f","__parent":"quarrySide_decalRoads","position":[820.764465,-507.580261,165.163498],"improvedSpline":true,"material":"sidewalk_concrete","nodes":[[820.764465,-507.580261,165.163498,5.5],[848.402588,-508.411896,165.161194,5.5]],"renderPriority":9,"textureLength":32}
{"class":"DecalRoad","persistentId":"18ea13b3-0de9-4322-b84c-2da5c0fa931a","__parent":"quarrySide_decalRoads","position":[848.352966,-511.14621,165.103973],"breakAngle":1,"detail":0.300000012,"distanceFade":[100,50],"improvedSpline":true,"material":"road_crack","nodes":[[848.352966,-511.14621,165.103973,1],[848.676819,-500.070587,165.163498,1]],"overObjects":true,"renderPriority":5,"startEndFade":[0.5,0.5],"textureLength":36}
{"class":"DecalRoad","persistentId":"50ddd48b-28b1-4633-b190-5afe3b4cf64a","__parent":"quarrySide_decalRoads","position":[848.357178,-511.140778,165.102249],"breakAngle":1,"detail":0.300000012,"distanceFade":[100,50],"improvedSpline":true,"material":"road_crack","nodes":[[848.357178,-511.140778,165.102249,1],[832.641846,-510.701721,165.163498,1],[820.654236,-510.299347,165.163513,1]],"overObjects":true,"renderPriority":5,"startEndFade":[0.5,0.5],"textureLength":36}
{"class":"DecalRoad","persistentId":"c51fe1b5-f1ce-46dd-bcc3-daee7a8d85f8","__parent":"quarrySide_decalRoads","position":[820.68634,-510.506439,165.163498],"breakAngle":1,"detail":0.300000012,"distanceFade":[100,50],"improvedSpline":true,"material":"road_crack","nodes":[[820.68634,-510.506439,165.163498,1],[821.013306,-499.274139,165.163498,1]],"renderPriority":5,"startEndFade":[0.5,0.5],"textureLength":36}
{"class":"DecalRoad","persistentId":"dc0c2392-4947-48cd-88b1-6e96efa52aab","__parent":"quarrySide_decalRoads","position":[837.977905,-528.128845,165.163498],"detail":0.200000003,"distanceFade":[200,100],"improvedSpline":true,"material":"line_yellow","nodes":[[837.977905,-528.128845,165.163498,0.200000003],[837.959045,-527.239319,165.163498,0.200000003]],"renderPriority":15,"smoothness":1,"textureLength":7,"zBias":1}
{"class":"DecalRoad","persistentId":"fc2d263b-7b6d-4fe7-a3a7-433938d89635","__parent":"quarrySide_decalRoads","position":[838.04187,-531.453308,165.163498],"distanceFade":[200,100],"improvedSpline":true,"material":"line_yellow","nodes":[[838.04187,-531.453308,165.163498,0.200000003],[835.365417,-531.402771,165.163498,0.200000003],[832.65564,-531.388977,165.163498,0.200000003]],"renderPriority":15,"startEndFade":[0,0.200000003],"textureLength":7,"zBias":1}
{"class":"DecalRoad","persistentId":"add4c17f-950a-4095-8bdf-2cdca1270935","__parent":"quarrySide_decalRoads","position":[837.961731,-530.574585,165.163498],"detail":0.200000003,"distanceFade":[200,100],"improvedSpline":true,"material":"line_yellow","nodes":[[837.961731,-530.574585,165.163498,0.200000003],[837.969299,-531.516479,165.163498,0.200000003]],"renderPriority":15,"smoothness":1,"textureLength":7,"zBias":1}
{"class":"DecalRoad","persistentId":"692adfd6-fa6b-44ec-af97-a062dd7135f1","__parent":"quarrySide_decalRoads","position":[838.231018,-519.087402,165.163498],"distanceFade":[200,100],"improvedSpline":true,"material":"line_yellow","nodes":[[838.231018,-519.087402,165.163498,0.200000003],[837.066528,-519.090515,165.163498,0.200000003],[835.282654,-519.078979,165.163498,0.200000003],[832.714783,-519.06665,165.163498,0.200000003]],"renderPriority":15,"startEndFade":[0,0.100000001],"textureLength":7,"zBias":1}
{"class":"DecalRoad","persistentId":"3a4ca7cd-d75f-4311-b0cf-fa7c7e552bb4","__parent":"quarrySide_decalRoads","position":[832.572327,-518.556946,165.163498],"detail":0.200000003,"distanceFade":[200,100],"improvedSpline":true,"material":"line_yellow","nodes":[[832.572327,-518.556946,165.163498,0.200000003],[833.498474,-517.848694,165.163498,0.200000003]],"renderPriority":15,"smoothness":1,"startEndFade":[0.100000001,0],"textureLength":7,"zBias":1}
{"class":"DecalRoad","persistentId":"71cb5997-4e77-4a71-a0e5-5d658fd75376","__parent":"quarrySide_decalRoads","position":[855.743896,-525.975586,164.931442],"detail":0.200000003,"distanceFade":[200,100],"improvedSpline":true,"material":"line_yellow","nodes":[[855.743896,-525.975586,164.931442,0.200000003],[856.654663,-525.31134,164.861084,0.200000003]],"renderPriority":15,"smoothness":1,"startEndFade":[0,0.200000003],"textureLength":7,"zBias":1}
{"class":"DecalRoad","persistentId":"c17fc37a-7f0b-40b0-859d-fd798a359f5d","__parent":"quarrySide_decalRoads","position":[856.996155,-524.379456,164.81308],"detail":0.300000012,"distanceFade":[200,100],"improvedSpline":true,"material":"line_yellow","nodes":[[856.996155,-524.379456,164.81308,0.200000003],[853.393005,-524.27002,165.004593,0.200000003],[851.711731,-524.687317,165.058517,0.200000003],[851.136902,-525.274597,165.082428,0.200000003],[850.997986,-525.695129,165.093597,0.200000003]],"renderPriority":15,"startEndFade":[0.200000003,0],"textureLength":7,"zBias":1}
{"class":"DecalRoad","persistentId":"425df424-aa82-4c61-9d52-bd2e175ff97d","__parent":"quarrySide_decalRoads","position":[838.157227,-550.253235,165.163498],"detail":0.300000012,"distanceFade":[200,100],"improvedSpline":true,"material":"line_yellow","nodes":[[838.157227,-550.253235,165.163498,0.200000003],[837.7453,-550.89624,165.163498,0.200000003],[836.119385,-551.490234,165.163498,0.200000003],[832.700439,-552.152466,165.163498,0.200000003]],"renderPriority":15,"textureLength":7,"zBias":1}
{"class":"DecalRoad","persistentId":"255163f1-448f-49df-bb3c-ee6f3c7b5862","__parent":"quarrySide_decalRoads","position":[833.001038,-530.538208,165.163498],"detail":0.200000003,"distanceFade":[200,100],"improvedSpline":true,"material":"line_yellow","nodes":[[833.001038,-530.538208,165.163498,0.200000003],[832.552979,-530.967041,165.163498,0.200000003]],"renderPriority":15,"smoothness":1,"startEndFade":[0,0.200000003],"textureLength":7,"zBias":1}
{"class":"DecalRoad","persistentId":"ff3a4d79-ea63-4930-aea6-a5071caf5cd3","__parent":"quarrySide_decalRoads","position":[820.796997,-499.333435,165.163483],"breakAngle":1,"detail":0.300000012,"distanceFade":[100,50],"improvedSpline":true,"material":"road_crack","nodes":[[820.796997,-499.333435,165.163483,1],[836.592224,-499.828949,165.163513,1],[848.918396,-500.175781,165.163498,1]],"overObjects":true,"renderPriority":5,"startEndFade":[0.5,0.5],"textureLength":36}
{"class":"DecalRoad","persistentId":"97fe6e8e-6c15-42ee-8e67-fc7db4afd8f3","__parent":"quarrySide_decalRoads","position":[821.30127,-507.814697,165.163498],"distanceFade":[200,100],"improvedSpline":true,"material":"line_yellow","nodes":[[821.30127,-507.814697,165.163498,0.200000003],[837.458069,-508.328064,165.163498,0.200000003],[848.033691,-508.758331,165.151093,0.200000003]],"overObjects":true,"renderPriority":5,"textureLength":7,"zBias":1}
