{"name":"flagTrigger","class":"BeamNGTrigger","persistentId":"47251fd3-c375-4cb2-96d4-7049353795ea","__parent":"flag1_group","position":[-293.824158,-203.310638,41.412262],"scale":[1,1,10],"triggerTestType":"Bounding box","triggerType":"Sphere"}
{"name":"flag1_group","class":"SimGroup","persistentId":"7d3e00ba-fd6d-4dc2-8494-6552d82b7a82","groupPosition":"0 0 0"}
{"name":"flag1TSStatic","class":"TSStatic","persistentId":"c2dc1990-8b0a-433e-b1f1-724efe8ec873","__parent":"flag1_group","position":[-293.84494,-203.340958,30.7394409],"instanceColor":[1,0.600000024,0,0.883688271],"isRenderEnabled":false,"scale":[10,10,3],"shapeName":"/art/shapes/interface/single_faded_column.dae","useInstanceRenderData":true}
