{"name":"flagTrigger","class":"BeamNGTrigger","persistentId":"47251fd3-c375-4cb2-96d4-7049353795ea","__parent":"flag8_group","position":[-482.458923,-226.381195,41.718],"scale":[1,1,10],"triggerTestType":"Bounding box","triggerType":"Sphere"}
{"name":"flag8_group","class":"SimGroup","persistentId":"9309b406-adbf-4d0e-9380-f42e7980552f","groupPosition":"-482.45892333984 -226.38119506836 30.739433288574"}
{"name":"flag8TSStatic","class":"TSStatic","persistentId":"46e0e2b0-323f-4517-badf-92293da9a4ca","__parent":"flag8_group","position":[-482.458923,-226.381195,30.7394333],"instanceColor":[1,0.600000024,0,1],"isRenderEnabled":false,"scale":[10,10,3],"shapeName":"/art/shapes/interface/single_faded_column.dae","useInstanceRenderData":true}
