{"name":"flagTrigger","class":"BeamNGTrigger","persistentId":"47251fd3-c375-4cb2-96d4-7049353795ea","__parent":"flag16_group","position":[-469.364166,-72.938591,41.718],"scale":[1,1,10],"triggerTestType":"Bounding box","triggerType":"Sphere"}
{"name":"flag16_group","class":"SimGroup","persistentId":"ea948e00-3f83-43ea-a18f-3821987c1d38","groupPosition":"-469.36416625977 -72.938591003418 30.739435195923"}
{"name":"flag16TSStatic","class":"TSStatic","persistentId":"cf552311-7c56-4ad6-9feb-e065ec8fa5df","__parent":"flag16_group","position":[-469.364166,-72.938591,30.7394352],"instanceColor":[1,0.600000024,0,1],"isRenderEnabled":false,"scale":[10,10,3],"shapeName":"/art/shapes/interface/single_faded_column.dae","useInstanceRenderData":true}
