{"name":"flagTrigger","class":"BeamNGTrigger","persistentId":"47251fd3-c375-4cb2-96d4-7049353795ea","__parent":"flag2_group","position":[-508.984772,-267.645935,41.718],"scale":[1,1,10],"triggerTestType":"Bounding box","triggerType":"Sphere"}
{"name":"flag2_group","class":"SimGroup","persistentId":"c5924e62-d1df-4845-8edf-763e694a04a7","groupPosition":"-508.98477172852 -267.64593505859 30.739440917969"}
{"name":"flag2TSStatic","class":"TSStatic","persistentId":"ae5b273c-6a22-4394-8f17-07ce937e358a","__parent":"flag2_group","position":[-508.984772,-267.645935,30.7394409],"instanceColor":[1,0.600000024,0,1],"isRenderEnabled":false,"scale":[10,10,3],"shapeName":"/art/shapes/interface/single_faded_column.dae","useInstanceRenderData":true}
