{"name":"flagTrigger","class":"BeamNGTrigger","persistentId":"47251fd3-c375-4cb2-96d4-7049353795ea","__parent":"flag3_group","position":[-477.007263,-169.319016,46.480],"scale":[1,1,10],"triggerTestType":"Bounding box","triggerType":"Sphere"}
{"name":"flag3_group","class":"SimGroup","persistentId":"206c39e1-216a-457b-8c58-6623ed81a9c7","groupPosition":"-477.00726318359 -169.31901550293 30.739440917969"}
{"name":"flag3TSStatic","class":"TSStatic","persistentId":"98c4ba09-b4fb-48be-bdf4-8495946a2e2e","__parent":"flag3_group","position":[-477.007263,-169.319016,30.7394409],"instanceColor":[1,0.600000024,0,1],"isRenderEnabled":false,"scale":[10,10,3],"shapeName":"/art/shapes/interface/single_faded_column.dae","useInstanceRenderData":true}
