{"name":"flagTrigger","class":"BeamNGTrigger","persistentId":"47251fd3-c375-4cb2-96d4-7049353795ea","__parent":"flag9_group","position":[-346.739746,-265.803894,41.718],"scale":[1,1,10],"triggerTestType":"Bounding box","triggerType":"Sphere"}
{"name":"flag9_group","class":"SimGroup","persistentId":"34550895-834d-4058-8d0e-aa4f678790c5","groupPosition":"-346.73974609375 -265.80389404297 30.739433288574"}
{"name":"flag9TSStatic","class":"TSStatic","persistentId":"6225a7f3-9e18-4fe5-a10f-a71333deac81","__parent":"flag9_group","position":[-346.739746,-265.803894,30.7394333],"instanceColor":[1,0.600000024,0,1],"isRenderEnabled":false,"scale":[10,10,3],"shapeName":"/art/shapes/interface/single_faded_column.dae","useInstanceRenderData":true}
