{"name":"flagTrigger","class":"BeamNGTrigger","persistentId":"47251fd3-c375-4cb2-96d4-7049353795ea","__parent":"flag4_group","position":[-445.634277,-91.4644318,41.718],"scale":[1,1,10],"triggerTestType":"Bounding box","triggerType":"Sphere"}
{"name":"flag4_group","class":"SimGroup","persistentId":"26a732e1-a65b-4bd7-b4a5-d6d3d56d133b","groupPosition":"-445.63427734375 -91.464431762695 30.739437103271"}
{"name":"flag4TSStatic","class":"TSStatic","persistentId":"841c1647-3c8a-4ef7-b606-18daf0fcfacc","__parent":"flag4_group","position":[-445.634277,-91.4644318,30.7394371],"instanceColor":[1,0.600000024,0,1],"isRenderEnabled":false,"scale":[10,10,3],"shapeName":"/art/shapes/interface/single_faded_column.dae","useInstanceRenderData":true}
