{"name":"flagTrigger","class":"BeamNGTrigger","persistentId":"47251fd3-c375-4cb2-96d4-7049353795ea","__parent":"flag10_group","position":[-480.309967,-93.5059814,41.718],"scale":[1,1,10],"triggerTestType":"Bounding box","triggerType":"Sphere"}
{"name":"flag10_group","class":"SimGroup","persistentId":"99e31d63-4945-4756-9721-b9fd0024f927","groupPosition":"-480.30996704102 -93.505981445313 30.739433288574"}
{"name":"flag10TSStatic","class":"TSStatic","persistentId":"8991eaf5-6af9-4105-8c3d-8baeed3ea170","__parent":"flag10_group","position":[-480.309967,-93.5059814,30.7394333],"instanceColor":[1,0.600000024,0,1],"isRenderEnabled":false,"scale":[10,10,3],"shapeName":"/art/shapes/interface/single_faded_column.dae","useInstanceRenderData":true}
