{"name":"flagTrigger","class":"BeamNGTrigger","persistentId":"47251fd3-c375-4cb2-96d4-7049353795ea","__parent":"flag14_group","position":[-350.318695,-120.435669,41.718],"scale":[1,1,10],"triggerTestType":"Bounding box","triggerType":"Sphere"}
{"name":"flag14_group","class":"SimGroup","persistentId":"23533df1-486a-451f-a723-baf2fb65d739","groupPosition":"-350.31869506836 -120.43566894531 30.739433288574"}
{"name":"flag14TSStatic","class":"TSStatic","persistentId":"9fb7c038-2117-4483-844c-674f198e87cc","__parent":"flag14_group","position":[-350.318695,-120.435669,30.7394333],"instanceColor":[1,0.600000024,0,1],"isRenderEnabled":false,"scale":[10,10,3],"shapeName":"/art/shapes/interface/single_faded_column.dae","useInstanceRenderData":true}
