{"name":"goalTrigger","class":"BeamNGTrigger","persistentId":"47251fd3-c375-4cb2-96d4-7049353795ea","__parent":"goal1_group","position":[-376.511444,-60.9138412,41.7179985],"rotationMatrix":[0.99984771,-0.0174524058,0,0.0174524058,0.99984771,0,0,0,1],"scale":[3.5,3.5,10],"triggerTestType":"Bounding box","triggerType":"Sphere"}
{"name":"goal1_group","class":"SimGroup","persistentId":"567b2dd8-0a2f-4adf-bf31-cfe32bcf8603","groupPosition":"0 0 0"}
{"name":"goal1TSStatic","class":"TSStatic","persistentId":"46e0e2b0-323f-4517-badf-92293da9a4ca","__parent":"goal1_group","position":[-376.511444,-60.9138412,30.7394333],"instanceColor":[0,1,0.00179100037,1],"isRenderEnabled":false,"rotationMatrix":[0.99984771,-0.0174524058,0,0.0174524058,0.99984771,0,0,0,1],"scale":[30,30,3],"shapeName":"/art/shapes/interface/single_faded_column.dae","useInstanceRenderData":true}
