{"name":"goalTrigger","class":"BeamNGTrigger","persistentId":"aa701e69-c16c-4042-8e5a-89742299de47","__parent":"goal11_group","position":[-350.283051,-93.3893204,40.7368546],"rotationMatrix":[0.99984771,-0.0174524058,0,0.0174524058,0.99984771,0,0,0,1],"scale":[3.5,3.5,10],"triggerTestType":"Bounding box","triggerType":"Sphere"}
{"name":"goal11_group","class":"SimGroup","persistentId":"8c211bfa-d423-4c99-9e73-2a1157546708","groupPosition":"0 0 0"}
{"name":"goal11TSStatic","class":"TSStatic","persistentId":"6704a469-c916-4cdf-957a-291edc476233","__parent":"goal11_group","position":[-350.283051,-93.3893204,6.58695602],"instanceColor":[0,1,0.00179100037,1],"isRenderEnabled":false,"rotationMatrix":[0.99984771,-0.0174524058,0,0.0174524058,0.99984771,0,0,0,1],"scale":[30,30,5],"shapeName":"/art/shapes/interface/single_faded_column.dae","useInstanceRenderData":true}
