{"name":"goalTrigger","class":"BeamNGTrigger","persistentId":"aa701e69-c16c-4042-8e5a-89742299de47","__parent":"goal2_group","position":[-371.691223,-160.238007,40.5655212],"rotationMatrix":[0.99984771,-0.0174524058,0,0.0174524058,0.99984771,0,0,0,1],"scale":[3.5,3.5,10],"triggerTestType":"Bounding box","triggerType":"Sphere"}
{"name":"goal2_group","class":"SimGroup","persistentId":"4009af1a-9ae5-4663-895e-e6f033da0a63","groupPosition":"0 0 0"}
{"name":"goal2TSStatic","class":"TSStatic","persistentId":"6704a469-c916-4cdf-957a-291edc476233","__parent":"goal2_group","position":[-371.691223,-160.238007,6.58695602],"instanceColor":[0,1,0.00179100037,1],"isRenderEnabled":false,"rotationMatrix":[0.99984771,-0.0174524058,0,0.0174524058,0.99984771,0,0,0,1],"scale":[30,30,3],"shapeName":"/art/shapes/interface/single_faded_column.dae","useInstanceRenderData":true}
