{"name":"goalTrigger","class":"BeamNGTrigger","persistentId":"aa701e69-c16c-4042-8e5a-89742299de47","__parent":"goal8_group","position":[-360.675171,-251.69339,36.5984612],"rotationMatrix":[0.99984771,-0.0174524058,0,0.0174524058,0.99984771,0,0,0,1],"scale":[3.5,3.5,10],"triggerTestType":"Bounding box","triggerType":"Sphere"}
{"name":"goal8_group","class":"SimGroup","persistentId":"8529c31f-0304-4051-b09e-118e9e5598d5","groupPosition":"0 0 0"}
{"name":"goal8TSStatic","class":"TSStatic","persistentId":"6704a469-c916-4cdf-957a-291edc476233","__parent":"goal8_group","position":[-360.675171,-251.69339,6.58695602],"instanceColor":[0,1,0.00179100037,1],"isRenderEnabled":false,"rotationMatrix":[0.99984771,-0.0174524058,0,0.0174524058,0.99984771,0,0,0,1],"scale":[30,30,5],"shapeName":"/art/shapes/interface/single_faded_column.dae","useInstanceRenderData":true}
