{"name":"goalTrigger","class":"BeamNGTrigger","persistentId":"aa701e69-c16c-4042-8e5a-89742299de47","__parent":"goal9_group","position":[-426.301819,-176.535904,36.5984612],"rotationMatrix":[0.99984771,-0.0174524058,0,0.0174524058,0.99984771,0,0,0,1],"scale":[3.5,3.5,10],"triggerTestType":"Bounding box","triggerType":"Sphere"}
{"name":"goal9_group","class":"SimGroup","persistentId":"7a75c632-84f9-4f48-880a-6d6b05eb909b","groupPosition":"0 0 0"}
{"name":"goal9TSStatic","class":"TSStatic","persistentId":"6704a469-c916-4cdf-957a-291edc476233","__parent":"goal9_group","position":[-426.301819,-176.535904,6.58695602],"instanceColor":[0,1,0.00179100037,1],"isRenderEnabled":false,"rotationMatrix":[0.99984771,-0.0174524058,0,0.0174524058,0.99984771,0,0,0,1],"scale":[30,30,5],"shapeName":"/art/shapes/interface/single_faded_column.dae","useInstanceRenderData":true}
