{"name":"waveblocks6","class":"TSStatic","persistentId":"0110e1da-061d-4379-864e-dc3714fee75a","__parent":"port_addon","position":[-1494.00354,-436.871796,36.8299866],"annotation":"OBSTACLES","isRenderEnabled":false,"rotationMatrix":[0.866025448,-0.49999997,0,0.49999997,0.866025448,0,0,0,1],"shapeName":"/levels/industrial/art/shapes/buildings/port_base_additions_wave_blocks.dae"}
{"name":"waveblocks3","class":"TSStatic","persistentId":"036710d1-e4e2-4b0f-9de3-ad9defb37d6b","__parent":"port_addon","position":[-652,-360.700012,36.8300018],"annotation":"OBSTACLES","isRenderEnabled":false,"shapeName":"/levels/industrial/art/shapes/buildings/port_base_additions_wave_blocks.dae"}
{"name":"waveblocks7","class":"TSStatic","persistentId":"370bb211-27d2-4c91-a323-4ce253491b5a","__parent":"port_addon","position":[-1580.60608,-386.871796,36.8299866],"annotation":"OBSTACLES","isRenderEnabled":false,"rotationMatrix":[0.866025448,-0.49999997,0,0.49999997,0.866025448,0,0,0,1],"shapeName":"/levels/industrial/art/shapes/buildings/port_base_additions_wave_blocks.dae"}
{"name":"port_addon_base","class":"TSStatic","persistentId":"3dacbd0f-cb70-40e0-8e42-e6bec6d6ca4d","__parent":"port_addon","position":[-371.799988,-131.699997,39.6300011],"annotation":"OBSTACLES","isRenderEnabled":false,"rotationMatrix":[1,0,0,0,0.999999762,-0.000690534245,0,0.000690534245,0.999999762],"shapeName":"/levels/industrial/art/shapes/buildings/port_base_additions.dae"}
{"class":"TSStatic","persistentId":"44963a93-3bcf-4d79-80bd-b61b7865a832","__parent":"port_addon","position":[-1135.41516,-558.092529,36.8300018],"annotation":"OBSTACLES","isRenderEnabled":false,"shapeName":"/levels/industrial/art/shapes/buildings/port_base_additions_wall_segment.dae"}
{"name":"waveblocks5","class":"TSStatic","persistentId":"45247c2a-7963-48df-a244-47592066ecf7","__parent":"port_addon","position":[-1407.401,-486.871796,36.8299866],"annotation":"OBSTACLES","isRenderEnabled":false,"rotationMatrix":[0.866025448,-0.49999997,0,0.49999997,0.866025448,0,0,0,1],"shapeName":"/levels/industrial/art/shapes/buildings/port_base_additions_wave_blocks.dae"}
{"class":"TSStatic","persistentId":"65449744-9ecf-4c3d-b7f6-cf86f9468865","__parent":"port_addon","position":[-752,-360.700012,36.670166],"annotation":"OBSTACLES","isRenderEnabled":false,"shapeName":"/levels/industrial/art/shapes/buildings/port_base_additions_wall_segment.dae"}
{"class":"TSStatic","persistentId":"6c6fe96e-5263-46d7-b9e0-c21e0d87f207","__parent":"port_addon","position":[-1326.99316,-533.318481,36.816494],"annotation":"OBSTACLES","isRenderEnabled":false,"rotationMatrix":[0.866025448,-0.49999997,0,0.49999994,0.866025448,0,0,0,1],"shapeName":"/levels/industrial/art/shapes/buildings/port_base_additions_wall_segment.dae"}
{"name":"waveblocks2","class":"TSStatic","persistentId":"838ba5a3-003d-4165-96aa-014c5255d769","__parent":"port_addon","position":[-552,-360.700012,36.8300018],"annotation":"OBSTACLES","isRenderEnabled":false,"shapeName":"/levels/industrial/art/shapes/buildings/port_base_additions_wave_blocks.dae"}
{"class":"TSStatic","persistentId":"83b9425a-ccda-40d9-964c-5bcb6417e141","__parent":"port_addon","position":[-1586.59656,-383.43631,36.816494],"annotation":"OBSTACLES","isRenderEnabled":false,"rotationMatrix":[0.866025448,-0.49999997,0,0.49999994,0.866025448,0,0,0,1],"shapeName":"/levels/industrial/art/shapes/buildings/port_base_additions_wall_segment.dae"}
{"class":"TSStatic","persistentId":"8aae11ab-1a9f-448e-bead-6e53d09d97af","__parent":"port_addon","position":[-1035.41553,-558.092529,36.8300018],"annotation":"OBSTACLES","isRenderEnabled":false,"shapeName":"/levels/industrial/art/shapes/buildings/port_base_additions_wall_segment.dae"}
{"name":"waveblocks","class":"TSStatic","persistentId":"90e79b71-3fea-48dd-b530-ea5cc98dbc64","__parent":"port_addon","position":[-852,-360.700012,36.8300018],"annotation":"OBSTACLES","isRenderEnabled":false,"shapeName":"/levels/industrial/art/shapes/buildings/port_base_additions_wave_blocks.dae"}
{"name":"waveblocks10","class":"TSStatic","persistentId":"a4043df7-53da-47e3-aa59-a9b5776023de","__parent":"port_addon","position":[-1235.93079,-558.046692,36.8300018],"annotation":"OBSTACLES","isRenderEnabled":false,"rotationMatrix":[1,8.94069672e-08,0,-8.94069672e-08,1,0,0,0,1],"shapeName":"/levels/industrial/art/shapes/buildings/port_base_additions_wave_blocks.dae"}
{"name":"waveblocks8","class":"TSStatic","persistentId":"ad379372-b305-4946-8ded-ffe0fc210f48","__parent":"port_addon","position":[-1035.93091,-558.046753,36.8300018],"annotation":"OBSTACLES","isRenderEnabled":false,"rotationMatrix":[1,8.94069672e-08,0,-8.94069672e-08,1,0,0,0,1],"shapeName":"/levels/industrial/art/shapes/buildings/port_base_additions_wave_blocks.dae"}
{"class":"TSStatic","persistentId":"c3a6e37d-6482-4e10-b861-0b48b482d0d2","__parent":"port_addon","position":[-1499.98071,-433.444,36.816494],"annotation":"OBSTACLES","isRenderEnabled":false,"rotationMatrix":[0.866025448,-0.49999997,0,0.49999994,0.866025448,0,0,0,1],"shapeName":"/levels/industrial/art/shapes/buildings/port_base_additions_wall_segment.dae"}
{"name":"waveblocks1","class":"TSStatic","persistentId":"ca384fd3-837d-4023-99d7-54eb73bdeeea","__parent":"port_addon","position":[-752,-360.700012,36.8300018],"annotation":"OBSTACLES","isRenderEnabled":false,"shapeName":"/levels/industrial/art/shapes/buildings/port_base_additions_wave_blocks.dae"}
{"name":"waveblocks9","class":"TSStatic","persistentId":"cde25bca-4b0e-4f8c-af7a-37d095096de0","__parent":"port_addon","position":[-1135.93079,-558.046753,36.8300018],"annotation":"OBSTACLES","isRenderEnabled":false,"rotationMatrix":[1,8.94069672e-08,0,-8.94069672e-08,1,0,0,0,1],"shapeName":"/levels/industrial/art/shapes/buildings/port_base_additions_wave_blocks.dae"}
{"class":"TSStatic","persistentId":"e4b1ae52-84bc-4354-a19e-1f4eb11c09bf","__parent":"port_addon","position":[-1235.16431,-558.092529,36.8300018],"annotation":"OBSTACLES","isRenderEnabled":false,"shapeName":"/levels/industrial/art/shapes/buildings/port_base_additions_wall_segment.dae"}
{"class":"TSStatic","persistentId":"e4b9108b-6c5d-4fca-b03d-0ea0b58c9c70","__parent":"port_addon","position":[-852,-360.700012,36.6699982],"annotation":"OBSTACLES","isRenderEnabled":false,"shapeName":"/levels/industrial/art/shapes/buildings/port_base_additions_wall_segment.dae"}
{"class":"TSStatic","persistentId":"fd0521d1-fd04-4267-a0eb-903d61bb1ba0","__parent":"port_addon","position":[-1413.59546,-483.318573,36.816494],"annotation":"OBSTACLES","isRenderEnabled":false,"rotationMatrix":[0.866025448,-0.49999997,0,0.49999994,0.866025448,0,0,0,1],"shapeName":"/levels/industrial/art/shapes/buildings/port_base_additions_wall_segment.dae"}
{"name":"waveblocks4","class":"TSStatic","persistentId":"ff6fec4b-81a9-4aca-aac0-6da0dfe09960","__parent":"port_addon","position":[-1320.79846,-536.871765,36.8299866],"annotation":"OBSTACLES","isRenderEnabled":false,"rotationMatrix":[0.866025448,-0.49999997,0,0.49999997,0.866025448,0,0,0,1],"shapeName":"/levels/industrial/art/shapes/buildings/port_base_additions_wave_blocks.dae"}
