{"class":"TSStatic","persistentId":"0277eaf8-b073-4be3-a814-b9efb35eb2e4","__parent":"firestation","position":[1483.39209,1349.05579,148.027878],"annotation":"OBSTACLES","instanceColor":[0.800000012,0.807843029,0.384314001,0.00800000038],"isRenderEnabled":false,"rotationMatrix":[-0.162902296,0.986642241,0,-0.986642301,-0.16290231,0,0,0,1],"shapeName":"/levels/italy/art/shapes/buildings/italy_clutter_trashbag.DAE","useInstanceRenderData":true}
{"name":"firestation_main","class":"TSStatic","persistentId":"14913db8-eee3-42d8-a19b-d0ffd4a1d6e4","__parent":"firestation","position":[1479.78687,1368.677,148.039993],"annotation":"BUILDINGS","isRenderEnabled":false,"rotationMatrix":[-0.573576331,0.819152117,0,-0.819152117,-0.573576331,0,0,0,1],"shapeName":"/levels/italy/art/shapes/buildings/italy_bld_firestation.dae"}
{"class":"TSStatic","persistentId":"2f69c0e6-2440-4b9b-9cc7-ffbcf586f8e5","__parent":"firestation","position":[1484.29248,1348.4585,148.024994],"annotation":"OBSTACLES","instanceColor":[0.176470995,0.25097999,0.176470995,1],"isRenderEnabled":false,"rotationMatrix":[-0.96236974,0.271743536,0,-0.271743536,-0.96236974,0,0,0,1],"shapeName":"/levels/italy/art/shapes/buildings/italy_clutter_sorting_bin.DAE","useInstanceRenderData":true}
{"class":"TSStatic","persistentId":"39622916-c7ff-4052-98d3-4372763085ee","__parent":"firestation","position":[1481.09705,1349.12939,148.024673],"annotation":"OBSTACLES","isRenderEnabled":false,"rotationMatrix":[0.987068474,-0.160300359,0,0.160300359,0.987068474,0,0,0,1],"shapeName":"/levels/italy/art/shapes/buildings/italy_clutter_pallet.DAE"}
{"class":"TSStatic","persistentId":"41359dcc-6d95-4fb8-83e9-2aeaf2d41de5","__parent":"firestation","position":[1476.81104,1350.73279,148.511703],"annotation":"OBSTACLES","isRenderEnabled":false,"rotationMatrix":[0.283096105,-0.959091663,0,0.959091663,0.283096105,0,0,0,1],"shapeName":"/levels/italy/art/shapes/buildings/italy_clutter_concrete_bag.DAE"}
{"class":"TSStatic","persistentId":"45315839-7d2b-43b4-bed3-2ce8378a1a52","__parent":"firestation","position":[1459.28357,1374.76697,148.085709],"annotation":"OBSTACLES","isRenderEnabled":false,"rotationMatrix":[0.571609795,-0.820525408,0,0.820525408,0.571609795,0,0,0,1],"shapeName":"/levels/italy/art/shapes/buildings/italy_clutter_rubble_dumpster.DAE"}
{"class":"TSStatic","persistentId":"5931915d-57d8-42c1-b212-b58213c10d75","__parent":"firestation","position":[1482.95679,1348.73169,148.024994],"annotation":"OBSTACLES","isRenderEnabled":false,"rotationMatrix":[-0.989346147,0.145582825,0,-0.14558281,-0.989346147,0,0,0,1],"shapeName":"/levels/italy/art/shapes/buildings/italy_clutter_sorting_bin.DAE"}
{"class":"TSStatic","persistentId":"62bd07e0-7c10-4ac6-9863-69b95f091d5d","__parent":"firestation","position":[1482.13574,1348.87488,148.024994],"annotation":"OBSTACLES","instanceColor":[0.282353014,0.223528996,0.188235,0.00800000038],"isRenderEnabled":false,"rotationMatrix":[-0.748919785,-0.662660658,0,0.662660658,-0.748919785,0,0,0,1],"shapeName":"/levels/italy/art/shapes/buildings/italy_clutter_sorting_bin.DAE","useInstanceRenderData":true}
{"class":"TSStatic","persistentId":"64eeec17-1cec-4e28-9c40-6687c2a2941b","__parent":"firestation","position":[1498.03345,1357.76965,148.059464],"annotation":"TRAFFIC_SIGNS","isRenderEnabled":false,"rotationMatrix":[0.173648119,0.984807789,0,-0.984807789,0.173648119,0,0,0,1],"scale":[0.576313615,0.576313615,0.576313615],"shapeName":"/levels/italy/art/shapes/signs/italy_traf_sign_no_parking.dae"}
{"class":"TSStatic","persistentId":"750fdce9-43d3-4466-8727-e477c3c13f3e","__parent":"firestation","position":[1497.31738,1353.78174,148.059464],"annotation":"TRAFFIC_SIGNS","isRenderEnabled":false,"rotationMatrix":[0.173648119,0.984807789,0,-0.984807789,0.173648119,0,0,0,1],"scale":[0.576313615,0.576313615,0.576313615],"shapeName":"/levels/italy/art/shapes/signs/italy_traf_sign_no_parking.dae"}
{"class":"TSStatic","persistentId":"75b407bd-3227-49c3-bfc6-1920584abe9f","__parent":"firestation","position":[1476.57068,1351.6488,148.511703],"annotation":"OBSTACLES","isRenderEnabled":false,"rotationMatrix":[0.957256496,0.289240837,0,-0.289240837,0.957256496,0,0,0,1],"shapeName":"/levels/italy/art/shapes/buildings/italy_clutter_concrete_bag.DAE"}
{"class":"TSStatic","persistentId":"7747e249-5e25-4046-bef9-1038c3aed0c8","__parent":"firestation","position":[1475.12939,1352.18542,148.021576],"annotation":"OBSTACLES","isRenderEnabled":false,"rotationMatrix":[0.213380739,0.976969004,0,-0.976969004,0.213380739,0,0,0,1],"shapeName":"/levels/italy/art/shapes/buildings/italy_clutter_rubble_dumpster.DAE"}
{"class":"TSStatic","persistentId":"815719e1-a81c-4530-81a8-c51b2d25cffe","__parent":"firestation","position":[1498.73816,1361.64246,148.059464],"annotation":"TRAFFIC_SIGNS","isRenderEnabled":false,"rotationMatrix":[0.173648119,0.984807789,0,-0.984807789,0.173648119,0,0,0,1],"scale":[0.576313615,0.576313615,0.576313615],"shapeName":"/levels/italy/art/shapes/signs/italy_traf_sign_no_parking.dae"}
{"class":"TSStatic","persistentId":"8e28f0c1-1db3-420f-9ee6-d5ac22e40982","__parent":"firestation","position":[1483.66272,1348.65662,148.024994],"annotation":"OBSTACLES","instanceColor":[0.282353014,0.223528996,0.188235,0.00800000038],"isRenderEnabled":false,"rotationMatrix":[-0.935024142,0.354584098,0,-0.354584098,-0.935024142,0,0,0,1],"shapeName":"/levels/italy/art/shapes/buildings/italy_clutter_sorting_bin.DAE","useInstanceRenderData":true}
{"class":"TSStatic","persistentId":"978023ed-3cba-41ab-bb7e-9a12b9b44a94","__parent":"firestation","position":[1496.63293,1349.80078,148.059464],"annotation":"TRAFFIC_SIGNS","isRenderEnabled":false,"rotationMatrix":[0.258818924,0.965925872,0,-0.965925872,0.258818924,0,0,0,1],"scale":[0.576313615,0.576313615,0.576313615],"shapeName":"/levels/italy/art/shapes/signs/italy_traf_sign_no_parking.dae"}
{"class":"TSStatic","persistentId":"a16899f3-3e56-4a9a-81a7-d2261d67af2f","__parent":"firestation","position":[1476.55225,1351.52136,147.821259],"annotation":"OBSTACLES","isRenderEnabled":false,"rotationMatrix":[0.226507857,0.974009037,0,-0.974009037,0.226507857,0,0,0,1],"shapeName":"/levels/italy/art/shapes/buildings/italy_clutter_concbag_pile.DAE"}
{"class":"TSStatic","persistentId":"a6737036-c153-4c03-9621-fe75f1864f95","__parent":"firestation","position":[1464.98047,1371.12866,148.00592],"annotation":"OBSTACLES","isRenderEnabled":false,"rotationMatrix":[0.793320954,0.608803511,0,-0.608803511,0.793320954,0,0,0,1],"shapeName":"/levels/italy/art/shapes/buildings/italy_clutter_dumpster.DAE"}
{"class":"TSStatic","persistentId":"c79bfe9e-4d9f-40c7-96f8-cc800a1cab17","__parent":"firestation","position":[1476.62683,1350.15698,147.821259],"annotation":"OBSTACLES","isRenderEnabled":false,"rotationMatrix":[-0.974009156,0.226507887,0,-0.226507887,-0.974009156,0,0,0,1],"shapeName":"/levels/italy/art/shapes/buildings/italy_clutter_concbag_pile.DAE"}
{"class":"TSStatic","persistentId":"db9b85b8-d8cc-4e24-8f9a-c1fa90b3f5b4","__parent":"firestation","position":[1481.0498,1348.83826,148.631561],"annotation":"OBSTACLES","isRenderEnabled":false,"rotationMatrix":[0.987068474,-0.160300359,0,0.0645706356,0.397601068,-0.915282845,0.14672026,0.903447092,0.402809858],"shapeName":"/levels/italy/art/shapes/buildings/italy_clutter_pallet.DAE"}
{"class":"DecalRoad","persistentId":"0371c312-2078-4e34-a8cb-eeee0c147f21","__parent":"firestation","position":[1490.64478,1358.82361,148.019409],"decalBias":0.00150000001,"distanceFade":[80,40],"improvedSpline":true,"material":"italy_road_markings_line_thin","nodes":[[1490.64478,1358.82361,148.019409,0.150000006],[1488.5979,1359.19666,148.027039,0.150000006]],"renderPriority":28,"startEndFade":[0.100000001,0.100000001],"textureLength":4}
{"class":"DecalRoad","persistentId":"09713544-3a3e-423f-89a9-f8d3212796f2","__parent":"firestation","position":[1498.10132,1357.54541,148.016022],"decalBias":0.00150000001,"distanceFade":[80,40],"improvedSpline":true,"material":"italy_road_markings_line_thin","nodes":[[1498.10132,1357.54541,148.016022,0.150000006],[1499.77795,1357.27051,148.023285,0.150000006]],"renderPriority":28,"startEndFade":[0.100000001,0.100000001],"textureLength":4}
{"class":"DecalRoad","persistentId":"0ccac248-e381-44af-9024-59f545a68d11","__parent":"firestation","position":[1496.69263,1349.60522,148.017059],"decalBias":0.00150000001,"distanceFade":[80,40],"improvedSpline":true,"material":"italy_road_markings_line_thin","nodes":[[1496.69263,1349.60522,148.017059,0.150000006],[1498.36926,1349.33032,148.021927,0.150000006]],"renderPriority":28,"startEndFade":[0.100000001,0.100000001],"textureLength":4}
{"class":"DecalRoad","persistentId":"145b05b3-f128-4791-b2db-5c9ff637df3b","__parent":"firestation","position":[1468.5802,1374.0365,148.022614],"decalBias":0.00150000001,"distanceFade":[80,40],"improvedSpline":true,"material":"italy_road_markings_line_thin","nodes":[[1468.5802,1374.0365,148.022614,0.150000006],[1469.61523,1372.69824,148.019409,0.150000006]],"renderPriority":28,"startEndFade":[0.100000001,0.100000001],"textureLength":4}
{"class":"DecalRoad","persistentId":"19cb53e5-bf1b-4b25-ba57-6585293b6ec7","__parent":"firestation","position":[1478.28723,1381.8075,148.023071],"decalBias":0.00150000001,"distanceFade":[80,40],"improvedSpline":true,"material":"italy_road_markings_line_thin","nodes":[[1478.28723,1381.8075,148.023071,0.150000006],[1485.52942,1371.46667,148.02298,0.150000006]],"renderPriority":28,"startEndFade":[0.100000001,0.100000001],"textureLength":4}
{"class":"DecalRoad","persistentId":"23ef35d9-e545-420e-84b2-041861dbd3d8","__parent":"firestation","position":[1469.58984,1352.75183,148.00415],"decalBias":0.00150000001,"distanceFade":[80,40],"improvedSpline":true,"material":"italy_road_markings_line_thin","nodes":[[1469.58984,1352.75183,148.00415,0.150000006],[1476.51086,1357.67712,148.0233,0.150000006]],"renderPriority":28,"startEndFade":[0.100000001,0.100000001],"textureLength":4}
{"class":"DecalRoad","persistentId":"2e4803f5-4e07-4b76-bc6e-bdc350435cf9","__parent":"firestation","position":[1503.31067,1364.75586,148.019409],"decalBias":0.00150000001,"distanceFade":[80,40],"improvedSpline":true,"material":"italy_road_markings_line_thin","nodes":[[1503.31067,1364.75586,148.019409,0.300000012],[1499.31372,1365.53918,148.021805,0.300000012]],"startEndFade":[0.100000001,0.100000001],"textureLength":4}
{"class":"DecalRoad","persistentId":"304e74f4-df53-41f3-ab51-83ab4b1ab50f","__parent":"firestation","position":[1503.07422,1363.7135,148.019409],"decalBias":0.00150000001,"distanceFade":[80,40],"improvedSpline":true,"material":"italy_road_markings_line_thin","nodes":[[1503.07422,1363.7135,148.019409,0.300000012],[1499.07727,1364.49683,148.019409,0.300000012]],"startEndFade":[0.100000001,0.100000001],"textureLength":4}
{"class":"DecalRoad","persistentId":"333ec0a4-7941-4059-96a9-34ad1356788d","__parent":"firestation","position":[1460.32874,1366.21533,148.014282],"decalBias":0.00150000001,"distanceFade":[80,40],"improvedSpline":true,"material":"italy_road_markings_line_thin","nodes":[[1460.32874,1366.21533,148.014282,0.150000006],[1469.74207,1352.69617,148.00415,0.150000006]],"renderPriority":28,"startEndFade":[0.100000001,0.100000001],"textureLength":4}
{"class":"DecalRoad","persistentId":"386101d5-69c6-4004-b112-95d19fedc50c","__parent":"firestation","position":[1475.41724,1379.72339,148.021515],"decalBias":0.00150000001,"distanceFade":[80,40],"improvedSpline":true,"material":"italy_road_markings_line_thin","nodes":[[1475.41724,1379.72339,148.021515,0.150000006],[1476.83691,1377.69873,148.019409,0.150000006]],"renderPriority":28,"startEndFade":[0.100000001,0.100000001],"textureLength":4}
{"class":"DecalRoad","persistentId":"46b17fcb-d017-407b-b862-b207e630ab2f","__parent":"firestation","position":[1497.36023,1353.58203,148.022156],"decalBias":0.00150000001,"distanceFade":[80,40],"improvedSpline":true,"material":"italy_road_markings_line_thin","nodes":[[1497.36023,1353.58203,148.022156,0.150000006],[1499.03687,1353.30713,148.019135,0.150000006]],"renderPriority":28,"startEndFade":[0.100000001,0.100000001],"textureLength":4}
{"class":"DecalRoad","persistentId":"46bdc6b2-741b-4758-932c-728a5068518b","__parent":"firestation","position":[1498.18652,1357.95911,148.013519],"decalBias":0.00150000001,"distanceFade":[80,40],"improvedSpline":true,"material":"italy_road_markings_line_thin","nodes":[[1498.18652,1357.95911,148.013519,0.150000006],[1499.86414,1357.6571,148.020996,0.150000006]],"renderPriority":28,"startEndFade":[0.100000001,0.100000001],"textureLength":4}
{"class":"DecalRoad","persistentId":"4d41defb-b5f5-49ff-94a3-9ac9a7a904c5","__parent":"firestation","position":[1485.43652,1371.54724,148.02359],"decalBias":0.00150000001,"distanceFade":[80,40],"improvedSpline":true,"material":"italy_road_markings_line_thin","nodes":[[1485.43652,1371.54724,148.02359,0.150000006],[1487.50781,1370.22375,148.021118,0.150000006]],"renderPriority":28,"startEndFade":[0.100000001,0.100000001],"textureLength":4}
{"class":"DecalRoad","persistentId":"4e748aaf-4c78-4d2a-8482-f8fce0d97e4b","__parent":"firestation","position":[1498.922,1353.25366,148.020004],"decalBias":0.00150000001,"distanceFade":[80,40],"improvedSpline":true,"material":"italy_road_markings_line_thin","nodes":[[1498.922,1353.25366,148.020004,0.150000006],[1499.02173,1353.7876,148.019241,0.150000006]],"renderPriority":28,"startEndFade":[0.100000001,0.100000001],"textureLength":4}
{"class":"DecalRoad","persistentId":"5991d573-a44d-4f06-91f8-88002b79483c","__parent":"firestation","position":[1491.3772,1363.21362,148.02066],"decalBias":0.00150000001,"distanceFade":[80,40],"improvedSpline":true,"material":"italy_road_markings_line_thin","nodes":[[1491.3772,1363.21362,148.02066,0.150000006],[1489.32202,1363.56519,148.023727,0.150000006]],"renderPriority":28,"startEndFade":[0.100000001,0.100000001],"textureLength":4}
{"class":"DecalRoad","persistentId":"5ebb90f2-700f-4951-8143-d702b9ecdd36","__parent":"firestation","position":[1476.30078,1377.44348,148.019409],"decalBias":0.00150000001,"distanceFade":[80,40],"improvedSpline":true,"material":"italy_road_markings_line_thin","nodes":[[1476.30078,1377.44348,148.019409,0.150000006],[1476.83777,1377.81079,148.019409,0.150000006]],"renderPriority":28,"startEndFade":[0.100000001,0.100000001],"textureLength":4}
{"class":"DecalRoad","persistentId":"60e84294-ec58-4bc6-9bca-d7b0cbd3b412","__parent":"firestation","position":[1455.89807,1375.81238,148.013214],"breakAngle":5,"decalBias":0.00150000001,"distanceFade":[80,40],"material":"italy_leaf_litter","nodes":[[1455.89807,1375.81238,148.013214,2.5],[1455.72632,1371.00781,148.00975,2.5]],"renderPriority":25,"startEndFade":[0.200000003,0.200000003],"textureLength":6}
{"class":"DecalRoad","persistentId":"6536743f-3659-4a89-8d48-ab3d4a256805","__parent":"firestation","position":[1499.21899,1365.00085,148.019409],"decalBias":0.00150000001,"distanceFade":[80,40],"improvedSpline":true,"material":"italy_road_markings_line_thin","nodes":[[1499.21899,1365.00085,148.019409,0.300000012],[1503.18042,1364.25134,148.019409,0.300000012]],"startEndFade":[0.100000001,0.100000001],"textureLength":4}
{"class":"DecalRoad","persistentId":"7251bbe9-ff07-46e9-9941-df9df0648186","__parent":"firestation","position":[1489.95667,1355.30017,148.019409],"decalBias":0.00150000001,"distanceFade":[80,40],"improvedSpline":true,"material":"italy_road_markings_line_thin","nodes":[[1489.95667,1355.30017,148.019409,0.150000006],[1487.90149,1355.65173,148.019409,0.150000006]],"renderPriority":28,"startEndFade":[0.100000001,0.100000001],"textureLength":4}
{"class":"DecalRoad","persistentId":"78ae4cac-e4fd-48b8-bc89-4d4396659c07","__parent":"firestation","position":[1487.9939,1355.70447,148.019409],"decalBias":0.00150000001,"distanceFade":[80,40],"improvedSpline":true,"material":"italy_road_markings_line_thin","nodes":[[1487.9939,1355.70447,148.019409,0.150000006],[1487.896,1355.13208,148.019409,0.150000006]],"renderPriority":28,"startEndFade":[0.100000001,0.100000001],"textureLength":4}
{"class":"DecalRoad","persistentId":"830df104-d963-4323-938c-bd8dcba5c28d","__parent":"firestation","position":[1496.77783,1350.01892,148.017853],"decalBias":0.00150000001,"distanceFade":[80,40],"improvedSpline":true,"material":"italy_road_markings_line_thin","nodes":[[1496.77783,1350.01892,148.017853,0.150000006],[1498.45544,1349.71692,148.022888,0.150000006]],"renderPriority":28,"startEndFade":[0.100000001,0.100000001],"textureLength":4}
{"class":"DecalRoad","persistentId":"8a03c721-296a-41b2-b7f5-3f2a507ea05a","__parent":"firestation","position":[1491.31738,1362.75732,148.021835],"decalBias":0.00150000001,"distanceFade":[80,40],"improvedSpline":true,"material":"italy_road_markings_line_thin","nodes":[[1491.31738,1362.75732,148.021835,0.150000006],[1489.27051,1363.13037,148.020401,0.150000006]],"renderPriority":28,"startEndFade":[0.100000001,0.100000001],"textureLength":4}
{"class":"DecalRoad","persistentId":"8e09dc17-0574-4743-ba2b-f52928ef1523","__parent":"firestation","position":[1499.80872,1367.61145,148.025528],"decalBias":0.00150000001,"distanceFade":[80,40],"improvedSpline":true,"material":"italy_road_markings_line_thin","nodes":[[1499.80872,1367.61145,148.025528,0.150000006],[1504.20325,1366.7937,148.020981,0.150000006],[1506.80286,1366.12927,147.977524,0.150000006]],"renderPriority":28,"startEndFade":[0.100000001,0.100000001],"textureLength":4}
{"class":"DecalRoad","persistentId":"8e6f9643-b770-4fd8-9255-bcca9b1aa54c","__parent":"firestation","position":[1490.70459,1359.27991,148.021545],"decalBias":0.00150000001,"distanceFade":[80,40],"improvedSpline":true,"material":"italy_road_markings_line_thin","nodes":[[1490.70459,1359.27991,148.021545,0.150000006],[1488.64941,1359.63147,148.027039,0.150000006]],"renderPriority":28,"startEndFade":[0.100000001,0.100000001],"textureLength":4}
{"class":"DecalRoad","persistentId":"994dcb73-bc64-447b-ade5-8757962d8ab3","__parent":"firestation","position":[1460.29614,1366.1051,148.014038],"decalBias":0.00150000001,"distanceFade":[80,40],"improvedSpline":true,"material":"italy_road_markings_line_thin","nodes":[[1460.29614,1366.1051,148.014038,0.150000006],[1469.56555,1372.75354,148.019409,0.150000006]],"renderPriority":28,"startEndFade":[0.100000001,0.100000001],"textureLength":4}
{"class":"DecalRoad","persistentId":"9a1f9848-1ca9-415b-9493-32fedb11332f","__parent":"firestation","position":[1464.8656,1359.47925,148.015442],"decalBias":0.00150000001,"distanceFade":[80,40],"improvedSpline":true,"material":"italy_road_markings_line_thin","nodes":[[1464.8656,1359.47925,148.015442,0.150000006],[1471.78662,1364.40454,148.021042,0.150000006]],"renderPriority":28,"startEndFade":[0.100000001,0.100000001],"textureLength":4}
{"class":"DecalRoad","persistentId":"9d9e7d02-5ba3-4529-a94c-0c562a827745","__parent":"firestation","position":[1471.99707,1377.34167,148.024414],"decalBias":0.00150000001,"distanceFade":[80,40],"improvedSpline":true,"material":"italy_road_markings_line_thin","nodes":[[1471.99707,1377.34167,148.024414,0.150000006],[1473.41675,1375.31702,148.027039,0.150000006]],"renderPriority":28,"startEndFade":[0.100000001,0.100000001],"textureLength":4}
{"class":"DecalRoad","persistentId":"a08a0ff1-2675-4d34-ac0e-463b8c0738f7","__parent":"firestation","position":[1475.01245,1379.43433,148.023727],"decalBias":0.00150000001,"distanceFade":[80,40],"improvedSpline":true,"material":"italy_road_markings_line_thin","nodes":[[1475.01245,1379.43433,148.023727,0.150000006],[1476.42346,1377.40674,148.019409,0.150000006]],"renderPriority":28,"startEndFade":[0.100000001,0.100000001],"textureLength":4}
{"class":"DecalRoad","persistentId":"ad6a4eca-eea0-493c-ab34-0b4d996c9b6c","__parent":"firestation","position":[1468.42017,1353.12732,148.005127],"breakAngle":5,"decalBias":0.00150000001,"distanceFade":[80,40],"material":"italy_leaf_litter","nodes":[[1468.42017,1353.12732,148.005127,2.5],[1473.5813,1349.36743,148.002136,2.5]],"renderPriority":25,"startEndFade":[0.200000003,0.200000003],"textureLength":6}
{"class":"DecalRoad","persistentId":"b27447f3-4149-4a8e-9df2-1a771cd3b574","__parent":"firestation","position":[1467.13452,1356.12427,148.011856],"decalBias":0.00150000001,"distanceFade":[80,40],"improvedSpline":true,"material":"italy_road_markings_line_thin","nodes":[[1467.13452,1356.12427,148.011856,0.150000006],[1474.27319,1361.16638,148.024948,0.150000006]],"renderPriority":28,"startEndFade":[0.100000001,0.100000001],"textureLength":4}
{"class":"DecalRoad","persistentId":"b3d4147e-948c-41a9-a4b6-370494091c6a","__parent":"firestation","position":[1499.66309,1357.21704,148.022812],"decalBias":0.00150000001,"distanceFade":[80,40],"improvedSpline":true,"material":"italy_road_markings_line_thin","nodes":[[1499.66309,1357.21704,148.022812,0.150000006],[1499.76282,1357.75098,148.019501,0.150000006]],"renderPriority":28,"startEndFade":[0.100000001,0.100000001],"textureLength":4}
{"class":"DecalRoad","persistentId":"b48ed8a9-8a96-4351-a6a7-ea7d82e8b470","__parent":"firestation","position":[1498.73706,1361.46021,148.01741],"decalBias":0.00150000001,"distanceFade":[80,40],"improvedSpline":true,"material":"italy_road_markings_line_thin","nodes":[[1498.73706,1361.46021,148.01741,0.150000006],[1500.4137,1361.1853,148.022568,0.150000006]],"renderPriority":28,"startEndFade":[0.100000001,0.100000001],"textureLength":4}
{"class":"DecalRoad","persistentId":"b8979740-532c-4c1a-a274-9443dc365612","__parent":"firestation","position":[1499.45544,1366.04321,148.022552],"decalBias":0.00150000001,"distanceFade":[80,40],"improvedSpline":true,"material":"italy_road_markings_line_thin","nodes":[[1499.45544,1366.04321,148.022552,0.300000012],[1503.41687,1365.2937,148.021652,0.300000012]],"startEndFade":[0.100000001,0.100000001],"textureLength":4}
{"class":"DecalRoad","persistentId":"be167919-d4a3-432d-b5fb-c5f8d25c1222","__parent":"firestation","position":[1499.02051,1363.34741,148.019409],"decalBias":0.00150000001,"distanceFade":[80,40],"improvedSpline":true,"material":"italy_road_markings_line_thin","nodes":[[1499.02051,1363.34741,148.019409,0.150000006],[1502.11523,1362.75281,148.019409,0.150000006],[1506.01465,1361.86523,147.997101,0.150000006]],"renderPriority":28,"startEndFade":[0.100000001,0.100000001],"textureLength":4}
{"class":"DecalRoad","persistentId":"c1f17f5b-4056-49fe-9525-ff987fb0f73a","__parent":"firestation","position":[1489.89685,1354.84387,148.019409],"decalBias":0.00150000001,"distanceFade":[80,40],"improvedSpline":true,"material":"italy_road_markings_line_thin","nodes":[[1489.89685,1354.84387,148.019409,0.150000006],[1487.84998,1355.21692,148.019409,0.150000006]],"renderPriority":28,"startEndFade":[0.100000001,0.100000001],"textureLength":4}
{"class":"DecalRoad","persistentId":"c621ea98-58a8-4ae9-9c0b-68adeb5128ae","__parent":"firestation","position":[1472.88062,1375.06177,148.026566],"decalBias":0.00150000001,"distanceFade":[80,40],"improvedSpline":true,"material":"italy_road_markings_line_thin","nodes":[[1472.88062,1375.06177,148.026566,0.150000006],[1473.4176,1375.42908,148.026947,0.150000006]],"renderPriority":28,"startEndFade":[0.100000001,0.100000001],"textureLength":4}
{"class":"DecalRoad","persistentId":"d2c3aefc-1155-4111-82fa-b495250c002e","__parent":"firestation","position":[1460.66809,1363.50439,148.005463],"breakAngle":5,"decalBias":0.00150000001,"distanceFade":[80,40],"material":"italy_leaf_litter","nodes":[[1460.66809,1363.50439,148.005463,2.5],[1462.61975,1362.74597,148.01651,2.5],[1464.18896,1361.69141,148.019409,2.5],[1465.13513,1357.71753,148.009628,2.5]],"renderPriority":12,"startEndFade":[0.200000003,0.200000003],"textureLength":6}
{"class":"DecalRoad","persistentId":"d6b5a1b4-a4ea-461a-b5d7-b5c8e6d576b3","__parent":"firestation","position":[1498.82227,1361.8739,148.018051],"decalBias":0.00150000001,"distanceFade":[80,40],"improvedSpline":true,"material":"italy_road_markings_line_thin","nodes":[[1498.82227,1361.8739,148.018051,0.150000006],[1500.49988,1361.5719,148.023224,0.150000006]],"renderPriority":28,"startEndFade":[0.100000001,0.100000001],"textureLength":4}
{"class":"DecalRoad","persistentId":"de56a14d-dacd-4cd1-bd5e-f8a2560c37f1","__parent":"firestation","position":[1497.44543,1353.99573,148.022812],"decalBias":0.00150000001,"distanceFade":[80,40],"improvedSpline":true,"material":"italy_road_markings_line_thin","nodes":[[1497.44543,1353.99573,148.022812,0.150000006],[1499.12305,1353.69373,148.018463,0.150000006]],"renderPriority":28,"startEndFade":[0.100000001,0.100000001],"textureLength":4}
{"class":"DecalRoad","persistentId":"df9de361-45b9-4b4f-ba3b-80454f2d3b65","__parent":"firestation","position":[1503.505,1365.797,148.023254],"decalBias":0.00150000001,"distanceFade":[80,40],"improvedSpline":true,"material":"italy_road_markings_line_thin","nodes":[[1503.505,1365.797,148.023254,0.300000012],[1499.50806,1366.58032,148.019958,0.300000012]],"startEndFade":[0.100000001,0.100000001],"textureLength":4}
{"class":"DecalRoad","persistentId":"e24ce988-8af4-42bc-8b39-07e12e7a8b4a","__parent":"firestation","position":[1500.29883,1361.13184,148.021698],"decalBias":0.00150000001,"distanceFade":[80,40],"improvedSpline":true,"material":"italy_road_markings_line_thin","nodes":[[1500.29883,1361.13184,148.021698,0.150000006],[1500.39856,1361.66577,148.022446,0.150000006]],"renderPriority":28,"startEndFade":[0.100000001,0.100000001],"textureLength":4}
{"class":"DecalRoad","persistentId":"e3616995-b84b-406f-b568-f8c9e138983b","__parent":"firestation","position":[1478.78674,1348.8988,148.009384],"breakAngle":5,"decalBias":0.00150000001,"distanceFade":[80,40],"material":"italy_leaf_litter","nodes":[[1478.78674,1348.8988,148.009384,2.5],[1482.62952,1348.95959,148.016266,2.5],[1486.23645,1346.75903,148.002319,2.5]],"renderPriority":25,"startEndFade":[0.200000003,0.200000003],"textureLength":6}
{"class":"DecalRoad","persistentId":"e485d0b3-a5dc-49da-ad3c-d1228d411504","__parent":"firestation","position":[1476.46851,1357.7384,148.02298],"decalBias":0.00150000001,"distanceFade":[80,40],"improvedSpline":true,"material":"italy_road_markings_line_thin","nodes":[[1476.46851,1357.7384,148.02298,0.150000006],[1479.33679,1354.19922,148.018356,0.150000006],[1481.03406,1352.89014,148.012878,0.150000006],[1483.04517,1352.2821,148.019745,0.150000006],[1489.16956,1351.02234,148.027039,0.150000006]],"renderPriority":28,"startEndFade":[0.100000001,0.100000001],"textureLength":4}
{"class":"DecalRoad","persistentId":"e56655fa-3be7-4ae7-bea3-a0e248756351","__parent":"firestation","position":[1489.41443,1363.61792,148.024124],"decalBias":0.00150000001,"distanceFade":[80,40],"improvedSpline":true,"material":"italy_road_markings_line_thin","nodes":[[1489.41443,1363.61792,148.024124,0.150000006],[1489.31653,1363.04553,148.01976,0.150000006]],"renderPriority":28,"startEndFade":[0.100000001,0.100000001],"textureLength":4}
{"class":"DecalRoad","persistentId":"e95225ef-91b3-4b1c-918b-fbf72a2affad","__parent":"firestation","position":[1471.59229,1377.05261,148.023529],"decalBias":0.00150000001,"distanceFade":[80,40],"improvedSpline":true,"material":"italy_road_markings_line_thin","nodes":[[1471.59229,1377.05261,148.023529,0.150000006],[1473.0033,1375.02502,148.026871,0.150000006]],"renderPriority":28,"startEndFade":[0.100000001,0.100000001],"textureLength":4}
{"class":"DecalRoad","persistentId":"f160e583-1c2e-4d77-b8ac-f0e0124d9adf","__parent":"firestation","position":[1487.24646,1370.29578,148.021667],"decalBias":0.00150000001,"distanceFade":[80,40],"improvedSpline":true,"material":"italy_road_markings_line_thin","nodes":[[1487.24646,1370.29578,148.021667,0.150000006],[1495.56201,1368.34985,148.019409,0.150000006]],"renderPriority":28,"startEndFade":[0.100000001,0.100000001],"textureLength":4}
{"class":"DecalRoad","persistentId":"f2c588ae-d60d-464b-a210-188ff4a5c6d8","__parent":"firestation","position":[1499.64978,1367.08435,148.02272],"decalBias":0.00150000001,"distanceFade":[80,40],"improvedSpline":true,"material":"italy_road_markings_line_thin","nodes":[[1499.64978,1367.08435,148.02272,0.300000012],[1503.61121,1366.33484,148.021515,0.300000012]],"startEndFade":[0.100000001,0.100000001],"textureLength":4}
{"class":"DecalRoad","persistentId":"f2f56b90-96f2-4df1-8bb9-fc80495f7372","__parent":"firestation","position":[1462.56506,1362.75012,148.016083],"decalBias":0.00150000001,"distanceFade":[80,40],"improvedSpline":true,"material":"italy_road_markings_line_thin","nodes":[[1462.56506,1362.75012,148.016083,0.150000006],[1469.70374,1367.79224,148.019409,0.150000006]],"renderPriority":28,"startEndFade":[0.100000001,0.100000001],"textureLength":4}
{"class":"DecalRoad","persistentId":"f465ffb4-4822-4e77-b63d-2af43acaa29c","__parent":"firestation","position":[1498.25439,1349.27686,148.021347],"decalBias":0.00150000001,"distanceFade":[80,40],"improvedSpline":true,"material":"italy_road_markings_line_thin","nodes":[[1498.25439,1349.27686,148.021347,0.150000006],[1498.35413,1349.81079,148.02211,0.150000006]],"renderPriority":28,"startEndFade":[0.100000001,0.100000001],"textureLength":4}
{"class":"DecalRoad","persistentId":"f8c4ebfe-89bf-4f83-b666-e01acc9b521b","__parent":"firestation","position":[1488.74182,1359.6842,148.027039],"decalBias":0.00150000001,"distanceFade":[80,40],"improvedSpline":true,"material":"italy_road_markings_line_thin","nodes":[[1488.74182,1359.6842,148.027039,0.150000006],[1488.64392,1359.11182,148.027039,0.150000006]],"renderPriority":28,"startEndFade":[0.100000001,0.100000001],"textureLength":4}
{"class":"DecalRoad","persistentId":"fee2a8bc-ac86-4c9c-9c08-4b1fdf5edac0","__parent":"firestation","position":[1499.00061,1363.9718,148.019409],"decalBias":0.00150000001,"distanceFade":[80,40],"improvedSpline":true,"material":"italy_road_markings_line_thin","nodes":[[1499.00061,1363.9718,148.019409,0.300000012],[1502.96204,1363.22229,148.019409,0.300000012]],"startEndFade":[0.100000001,0.100000001],"textureLength":4}
