{"name":"obstacles_group","class":"SimGroup","persistentId":"57c5cd25-86ea-4efe-a38a-712aba9a7e46","groupPosition":"0 0 0"}
{"class":"TSStatic","persistentId":"01aa12ae-6b11-413e-ba17-ffeaaf56d4d6","__parent":"obstacles_group","position":[-128.056061,72.0495987,35.3608742],"isRenderEnabled":false,"rotationMatrix":[0.99999994,0,0,0,0.99984771,-0.0174524039,0,0.0174524058,0.999847651],"shapeName":"/art/shapes/race/s_concrete_race_barrier.dae"}
{"class":"TSStatic","persistentId":"228e306d-4765-4cb4-8bdd-88d4b128d873","__parent":"obstacles_group","position":[-288.217041,318.948822,35.9208221],"isRenderEnabled":false,"rotationMatrix":[-8.74227695e-08,-0.999999881,0,0.999999881,-8.74227695e-08,0,0,0,0.999999881],"shapeName":"/art/shapes/race/s_concrete_race_barrier.dae"}
{"class":"TSStatic","persistentId":"2843622d-7b2e-47b7-93e9-dd313fc51b3f","__parent":"obstacles_group","position":[-295.288849,183.851028,35.9208221],"isRenderEnabled":false,"rotationMatrix":[-8.74227695e-08,-0.999999881,0,0.999999881,-8.74227695e-08,0,0,0,0.999999881],"shapeName":"/art/shapes/race/s_concrete_race_barrier.dae"}
{"class":"TSStatic","persistentId":"41825c12-ba09-4359-bd12-aad8cbba4938","__parent":"obstacles_group","position":[-124.9468,72.0495987,35.3608742],"isRenderEnabled":false,"rotationMatrix":[0.99999994,0,0,0,0.99984771,-0.0174524039,0,0.0174524058,0.999847651],"shapeName":"/art/shapes/race/s_concrete_race_barrier.dae"}
{"class":"TSStatic","persistentId":"448b5e43-fae3-41bf-95d6-ee9ee7c24815","__parent":"obstacles_group","position":[-295.232971,186.959457,35.9208221],"isRenderEnabled":false,"rotationMatrix":[-8.74227695e-08,-0.999999881,0,0.999999881,-8.74227695e-08,0,0,0,0.999999881],"shapeName":"/art/shapes/race/s_concrete_race_barrier.dae"}
{"class":"TSStatic","persistentId":"68fc7ce2-5c3b-43f7-8f3c-e92f14f2d097","__parent":"obstacles_group","position":[-121.821808,72.0495987,35.3608742],"isRenderEnabled":false,"rotationMatrix":[0.99999994,0,0,0,0.99984771,-0.0174524039,0,0.0174524058,0.999847651],"shapeName":"/art/shapes/race/s_concrete_race_barrier.dae"}
{"class":"TSStatic","persistentId":"91362b49-aba8-4b39-ab84-52e0c94f9e25","__parent":"obstacles_group","position":[-295.221344,190.049911,35.9208221],"isRenderEnabled":false,"rotationMatrix":[-8.74227695e-08,-0.999999881,0,0.999999881,-8.74227695e-08,0,0,0,0.999999881],"shapeName":"/art/shapes/race/s_concrete_race_barrier.dae"}
{"class":"TSStatic","persistentId":"ae73fccb-1a80-4587-96a5-072d34c534e3","__parent":"obstacles_group","position":[-288.207214,321.991547,35.9208221],"isRenderEnabled":false,"rotationMatrix":[-8.74227695e-08,-0.999999881,0,0.999999881,-8.74227695e-08,0,0,0,0.999999881],"shapeName":"/art/shapes/race/s_concrete_race_barrier.dae"}
