{"name":"garageLightPropOff_1","class":"TSStatic","persistentId":"9d7ea90d-4cf0-4e10-b956-7d0a0c50f8dc","__parent":"garageMainLightPropsOff","position":[904.748474,-545.828247,169.550598],"decalType":"None","isRenderEnabled":false,"rotationMatrix":[0.125592917,0.992081881,0,-0.992081881,0.125592917,0,0,0,1],"shapeName":"/levels/west_coast_usa/art/shapes/objects/s_long_light_roof_off.dae","useInstanceRenderData":true}
{"name":"garageLightPropOff_2","class":"TSStatic","persistentId":"81afe845-31d0-432c-83dc-5a40f2c62618","__parent":"garageMainLightPropsOff","position":[909.875549,-546.477295,169.550598],"decalType":"None","isRenderEnabled":false,"rotationMatrix":[0.125592917,0.992081881,0,-0.992081881,0.125592917,0,0,0,1],"shapeName":"/levels/west_coast_usa/art/shapes/objects/s_long_light_roof_off.dae","useInstanceRenderData":true}
{"name":"garageLightPropOff_3","class":"TSStatic","persistentId":"94710c2a-6785-4217-a230-6716a4473330","__parent":"garageMainLightPropsOff","position":[914.90686,-547.114197,169.550598],"decalType":"None","isRenderEnabled":false,"rotationMatrix":[0.125592917,0.992081881,0,-0.992081881,0.125592917,0,0,0,1],"shapeName":"/levels/west_coast_usa/art/shapes/objects/s_long_light_roof_off.dae","useInstanceRenderData":true}
{"name":"garageLightPropOff_4","class":"TSStatic","persistentId":"c89c8d99-6214-44cb-a63f-e2808b2d0404","__parent":"garageMainLightPropsOff","position":[915.969055,-538.723816,169.550598],"decalType":"None","isRenderEnabled":false,"rotationMatrix":[0.125592917,0.992081881,0,-0.992081881,0.125592917,0,0,0,1],"shapeName":"/levels/west_coast_usa/art/shapes/objects/s_long_light_roof_off.dae","useInstanceRenderData":true}
{"name":"garageLightPropOff_5","class":"TSStatic","persistentId":"334f2ec1-df49-4261-a06c-54d4229999d8","__parent":"garageMainLightPropsOff","position":[910.937744,-538.086914,169.550598],"decalType":"None","isRenderEnabled":false,"rotationMatrix":[0.125592917,0.992081881,0,-0.992081881,0.125592917,0,0,0,1],"shapeName":"/levels/west_coast_usa/art/shapes/objects/s_long_light_roof_off.dae","useInstanceRenderData":true}
{"name":"garageLightPropOff_6","class":"TSStatic","persistentId":"8ebf0de9-72ce-4390-91f1-62d6fe99e492","__parent":"garageMainLightPropsOff","position":[905.262573,-540.534973,167.677628],"decalType":"None","isRenderEnabled":false,"rotationMatrix":[-0.992082,0.125592589,0,-0.0918457061,-0.725508332,0.682057261,0.0856613442,0.676656723,0.731298745],"shapeName":"/levels/west_coast_usa/art/shapes/objects/s_long_light_hanging_off.dae","useInstanceRenderData":true}
