{"name":"gap_plugs_red_zone","class":"Prefab","persistentId":"ebba1bbe-a1ae-4538-95bb-33f37596333e","__parent":"sidewalk_patches","filename":"/levels/west_coast_usa/art/prefabs/gap_plugs_red_zone.prefab"}
{"name":"patching_stairs_city_red","class":"Prefab","persistentId":"a5890e9b-27ca-4f8b-866f-aa40261c7961","__parent":"sidewalk_patches","filename":"/levels/west_coast_usa/art/prefabs/patching_stairs_city_red.prefab"}
{"name":"bluezone_gap_fills","class":"Prefab","persistentId":"88c63110-fc72-494b-8061-8372c03b953f","__parent":"sidewalk_patches","filename":"/levels/west_coast_usa/art/prefabs/bluezone_gap_fills.prefab"}
{"name":"bluezone_prefab","class":"Prefab","persistentId":"90c61e56-ffda-4cf8-a451-aabc82b11cf2","__parent":"sidewalk_patches","filename":"/levels/west_coast_usa/art/prefabs/bluezone.prefab"}
{"name":"city_patching_green2","class":"Prefab","persistentId":"7b6784b0-6f81-4a32-8205-afb6bfe152cf","__parent":"sidewalk_patches","filename":"levels/west_coast_usa/art/prefabs/city_patching_green2.prefab"}
