{"name":"fuel_trilobite_garage_KEVee_pump_icon_1","class":"BeamNGPointOfInterest","persistentId":"96cad4c0-4001-4017-a2a5-e45ffa0f3cab","__parent":"fs_1_pumps","position":[906.859619,-466.437592,164.064133]}
{"name":"fuel_trilobite_garage_KEVee_pump_area_1","class":"BeamNGGameplayArea","persistentId":"d33f5f25-9512-4d8b-8f70-955230ef58b6","__parent":"fs_1_pumps","position":[907.453369,-468.074738,161.778488],"rotationMatrix":[0.945379376,0.32597214,0,-0.32597214,0.945379376,0,0,0,1],"scale":[0.300000012,1.5,1]}
{"name":"fuel_trilobite_garage_KEVee_pump_area_2","class":"BeamNGGameplayArea","persistentId":"fd56e76c-5bfd-4df8-9e8f-34fea846abcc","__parent":"fs_1_pumps","position":[904.927795,-468.98053,161.778488],"rotationMatrix":[0.945379376,0.32597214,0,-0.32597214,0.945379376,0,0,0,1],"scale":[0.300000012,1.5,1]}
{"name":"fuel_trilobite_garage_KEVee_pump_icon_2","class":"BeamNGPointOfInterest","persistentId":"35ca4695-7db8-456a-a0b6-79e2856571b6","__parent":"fs_1_pumps","position":[904.290283,-467.23349,164.064133]}
{"name":"fuel_trilobite_garage_KEVee_pump_area_3","class":"BeamNGGameplayArea","persistentId":"ebee87ef-a229-454e-b75f-cf99d124d559","__parent":"fs_1_pumps","position":[902.281799,-469.914368,161.778488],"rotationMatrix":[0.945379376,0.32597214,0,-0.32597214,0.945379376,0,0,0,1],"scale":[0.300000012,1.5,1]}
{"name":"fuel_trilobite_garage_KEVee_pump_icon_3","class":"BeamNGPointOfInterest","persistentId":"7a9b7c1c-cf10-44f6-8a29-e45ef3d809b9","__parent":"fs_1_pumps","position":[901.624878,-468.077087,164.064133]}
{"name":"fuel_trilobite_garage_pump_icon_1","class":"BeamNGPointOfInterest","persistentId":"60414d7f-7f37-4712-96a9-c4b48b99bcbd","__parent":"fs_1_pumps","position":[913.865356,-479.607513,164.643265]}
{"name":"fuel_trilobite_garage_pump_area_1","class":"BeamNGGameplayArea","persistentId":"8995757f-ae18-4f63-96dd-cca552b7a842","__parent":"fs_1_pumps","position":[913.856995,-479.707092,162.827866],"rotationMatrix":[0.978112996,-0.208074525,0,0.208074525,0.978112996,0,0,0,1],"scale":[2.20000005,0.600000024,1]}
{"name":"fuel_trilobite_garage_pump_icon_2","class":"BeamNGPointOfInterest","persistentId":"24b4ee70-6de5-4bf7-97e4-49a8e0f63567","__parent":"fs_1_pumps","position":[912.660889,-485.20343,164.667191]}
{"name":"fuel_trilobite_garage_pump_area_2","class":"BeamNGGameplayArea","persistentId":"1317f65a-b88f-434b-9e90-1192d5f8f818","__parent":"fs_1_pumps","position":[912.679382,-485.27356,162.827866],"rotationMatrix":[0.972899795,-0.2312271,0,0.2312271,0.972899795,0,0,0,1],"scale":[2.20000005,0.600000024,1]}
{"name":"fuel_trilobite_garage_pump_icon_3","class":"BeamNGPointOfInterest","persistentId":"f09f1323-5e51-41e9-afad-a76fd61e826a","__parent":"fs_1_pumps","position":[920.616943,-486.901062,164.669907]}
{"name":"fuel_trilobite_garage_pump_area_3","class":"BeamNGGameplayArea","persistentId":"ce57b4bb-04d8-498e-aee7-84e418c3ed2b","__parent":"fs_1_pumps","position":[920.519165,-486.856995,162.827866],"rotationMatrix":[0.977667153,-0.210159361,0,0.210159361,0.977667153,0,0,0,1],"scale":[2.20000005,0.600000024,1]}
{"name":"fuel_trilobite_garage_pump_icon_4","class":"BeamNGPointOfInterest","persistentId":"aaa52952-6d83-4a08-ad5b-420849893bb0","__parent":"fs_1_pumps","position":[921.813782,-481.286835,164.661224]}
{"name":"fuel_trilobite_garage_pump_area_4","class":"BeamNGGameplayArea","persistentId":"811d63c9-a4d6-4d2c-802a-14c1893f0d10","__parent":"fs_1_pumps","position":[921.707825,-481.290985,162.827866],"rotationMatrix":[0.977886677,-0.209135339,0,0.209135339,0.977886677,0,0,0,1],"scale":[2.20000005,0.600000024,1]}
{"name":"fuel_trilobite_garage_pump_icon_5","class":"BeamNGPointOfInterest","persistentId":"8d096a87-0b55-42be-ae44-028eaaf219af","__parent":"fs_1_pumps","position":[928.355774,-488.575653,164.686737]}
{"name":"fuel_trilobite_garage_pump_area_5","class":"BeamNGGameplayArea","persistentId":"54d201e5-95e9-4eb0-aa33-dce7b66aca93","__parent":"fs_1_pumps","position":[928.323181,-488.592346,162.827866],"rotationMatrix":[0.97597158,-0.217897758,0,0.217897758,0.97597158,0,0,0,1],"scale":[2.20000005,0.600000024,1]}
{"name":"fuel_trilobite_garage_pump_icon_6","class":"BeamNGPointOfInterest","persistentId":"8aa3984d-915f-4bc9-84a8-1dd23a748d50","__parent":"fs_1_pumps","position":[929.532593,-482.962646,164.669098]}
{"name":"fuel_trilobite_garage_pump_area_6","class":"BeamNGGameplayArea","persistentId":"f37f5803-62e1-455d-b6a0-0096e5e64187","__parent":"fs_1_pumps","position":[929.549744,-482.828705,162.827866],"rotationMatrix":[0.97882396,-0.204703838,0,0.204703838,0.97882396,0,0,0,1],"scale":[2.20000005,0.600000024,1]}
