{"name":"p_refinery_units","internalName":"p_refinery_units","class":"Prefab","persistentId":"d1f33695-b0ae-418a-a1a0-05231fcf1330","__parent":"static","filename":"/levels/west_coast_usa/art/prefabs/p_refinery_units.prefab.json"}
{"class":"TSStatic","persistentId":"86eaaae1-49ae-44ac-bd24-3ebf894c2f88","__parent":"static","position":[-655,2090,72.9202881],"isRenderEnabled":false,"shapeName":"/levels/west_coast_usa/art/shapes/buildings/s_oil_ref_tank_sml.dae","useInstanceRenderData":true}
{"class":"TSStatic","persistentId":"8e8a4505-250c-44bb-819f-fbb045b742d2","__parent":"static","position":[-675.307007,2095,72.9202881],"isRenderEnabled":false,"shapeName":"/levels/west_coast_usa/art/shapes/buildings/s_oil_ref_tank_sml.dae","useInstanceRenderData":true}
{"class":"TSStatic","persistentId":"51ac9413-9841-4827-ad90-c112789f3e52","__parent":"static","position":[-410.256866,2156.48145,78.7519989],"isRenderEnabled":false,"rotationMatrix":[0.974369943,-0.224951044,0,0.224951044,0.974369943,0,0,0,0.999999881],"shapeName":"/levels/west_coast_usa/art/shapes/buildings/s_oil_ref_marine_terminal.dae","useInstanceRenderData":true}
{"class":"TSStatic","persistentId":"37a4f41f-2e76-4395-a8c1-c361d8f97c15","__parent":"static","position":[-558.688599,2191.47803,78.7519989],"isRenderEnabled":false,"rotationMatrix":[0.974369943,-0.224951044,0,0.224951044,0.974369943,0,0,0,0.999999881],"shapeName":"/levels/west_coast_usa/art/shapes/buildings/s_oil_ref_marine_terminal.dae","useInstanceRenderData":true}
{"class":"TSStatic","persistentId":"80168834-d89c-403d-a735-91456eb04e22","__parent":"static","position":[-489.381531,2147.94751,78.7968445],"isRenderEnabled":false,"rotationMatrix":[-0.97485745,0.222832337,0,-0.222832337,-0.97485745,0,0,0,1],"shapeName":"/levels/west_coast_usa/art/shapes/buildings/office_mobile3.dae","useInstanceRenderData":true}
{"class":"TSStatic","persistentId":"cded3fad-8122-44da-ae81-3587544ae1e0","__parent":"static","position":[-700,2000,70],"hidden":true,"isRenderEnabled":false,"rotationMatrix":[0.978147507,-0.207911685,0,0.207911685,0.978147507,0,0,0,0.999999881],"shapeName":"/levels/west_coast_usa/art/shapes/buildings/s_oil_ref_base.dae","useInstanceRenderData":true}
{"class":"TSStatic","persistentId":"ae62062f-d358-429e-8eaf-1b735f485307","__parent":"static","position":[-847.696655,2025.80078,81.8060989],"isRenderEnabled":false,"shapeName":"/levels/west_coast_usa/art/shapes/buildings/s_oil_ref_tank.dae","useInstanceRenderData":true}
{"class":"TSStatic","persistentId":"cae7c1eb-e830-4d24-b09d-43527597360d","__parent":"static","position":[-823.454529,2019.86536,81.8449097],"collisionType":"Visible Mesh Final","isRenderEnabled":false,"shapeName":"/levels/west_coast_usa/art/shapes/buildings/s_oil_ref_tank.dae","useInstanceRenderData":true}
{"class":"TSStatic","persistentId":"9babf72c-ef64-4c7b-8e91-81a3ccf380d7","__parent":"static","position":[-825.814514,2059.51489,78.8046036],"isRenderEnabled":false,"rotationMatrix":[0.966325402,-0.257323176,0,0.257323176,0.966325402,0,0,0,1],"shapeName":"/levels/west_coast_usa/art/shapes/buildings/s_oil_ref_tank_sml.dae","useInstanceRenderData":true}
{"class":"TSStatic","persistentId":"49371031-802a-4dea-8a29-1d0e5f496303","__parent":"static","position":[-836.796692,2063.78784,78.8046036],"isRenderEnabled":false,"rotationMatrix":[0.966325402,-0.257323176,0,0.257323176,0.966325402,0,0,0,1],"shapeName":"/levels/west_coast_usa/art/shapes/buildings/s_oil_ref_tank_sml.dae","useInstanceRenderData":true}
{"class":"TSStatic","persistentId":"c746cbf4-8a13-4dd9-a6f4-a99ccd752ea0","__parent":"static","position":[-813.023621,2080.65894,78.8180771],"isRenderEnabled":false,"rotationMatrix":[0.999987602,0.00497627258,0,-0.00497627258,0.999987602,0,0,0,1],"shapeName":"/levels/west_coast_usa/art/shapes/buildings/s_oil_ref_tank_sml.dae","useInstanceRenderData":true}
{"class":"TSStatic","persistentId":"13624cf4-3521-45a6-b472-f677583f18b4","__parent":"static","position":[-796.734253,2077.49268,78.7814636],"isRenderEnabled":false,"rotationMatrix":[0.999987602,0.00497627258,0,-0.00497627258,0.999987602,0,0,0,1],"shapeName":"/levels/west_coast_usa/art/shapes/buildings/s_oil_ref_tank_sml.dae","useInstanceRenderData":true}
{"class":"TSStatic","persistentId":"15ff0ea8-29e5-4788-8ab4-e3f59de17740","__parent":"static","position":[-756.556885,2068.52271,78.7602158],"isRenderEnabled":false,"rotationMatrix":[0.997117579,-0.0758715495,0,0.0758715495,0.997117579,0,0,0,1],"shapeName":"/levels/west_coast_usa/art/shapes/buildings/s_oil_ref_tank_sml.dae","useInstanceRenderData":true}
{"class":"TSStatic","persistentId":"15a82d72-57ea-4156-bed2-1b4fb33c87f9","__parent":"static","position":[-774.169067,2070.3186,78.79673],"isRenderEnabled":false,"rotationMatrix":[0.997117579,-0.0758715495,0,0.0758715495,0.997117579,0,0,0,1],"shapeName":"/levels/west_coast_usa/art/shapes/buildings/s_oil_ref_tank_sml.dae","useInstanceRenderData":true}
{"class":"TSStatic","persistentId":"9d554011-3bca-48c3-8520-00c28677b54f","__parent":"static","position":[-908.934326,1951.08081,87.7206116],"isRenderEnabled":false,"shapeName":"/levels/west_coast_usa/art/shapes/buildings/s_oil_ref_tank.dae","useInstanceRenderData":true}
{"class":"TSStatic","persistentId":"b9bf2c28-9d24-4e09-94dd-10bf1365d738","__parent":"static","position":[-873.909058,1941.15308,87.7752457],"isRenderEnabled":false,"shapeName":"/levels/west_coast_usa/art/shapes/buildings/s_oil_ref_tank.dae","useInstanceRenderData":true}
{"class":"TSStatic","persistentId":"ae197ed7-10ea-4dcd-9a0b-0634e2bda9cd","__parent":"static","position":[-822.199158,1927.70593,87.7797928],"isRenderEnabled":false,"shapeName":"/levels/west_coast_usa/art/shapes/buildings/s_oil_ref_tank.dae","useInstanceRenderData":true}
{"class":"TSStatic","persistentId":"13c7aa86-ad6b-405a-bf7c-ecbb6a4d3c08","__parent":"static","position":[-788.478577,1920.60205,87.7620926],"collisionType":"Visible Mesh Final","isRenderEnabled":false,"shapeName":"/levels/west_coast_usa/art/shapes/buildings/s_oil_ref_tank.dae","useInstanceRenderData":true}
{"class":"TSStatic","persistentId":"3e643105-123d-468b-bb37-b2eb279de48b","__parent":"static","position":[-870.501221,2025.80078,81.8579254],"isRenderEnabled":false,"shapeName":"/levels/west_coast_usa/art/shapes/buildings/s_oil_ref_tank.dae","useInstanceRenderData":true}
{"class":"TSStatic","persistentId":"2b40b427-f707-44ad-b99f-d6bb23e646d1","__parent":"static","position":[-924.370972,2053.48022,81.8220139],"isRenderEnabled":false,"rotationMatrix":[0.966325402,-0.257323176,0,0.257323176,0.966325402,0,0,0,1],"shapeName":"/levels/west_coast_usa/art/shapes/buildings/s_oil_ref_tank_sml.dae","useInstanceRenderData":true}
{"class":"TSStatic","persistentId":"9db93c78-4411-43d6-80ec-60b8f798306d","__parent":"static","position":[-908.99292,2011.63684,81.9741592],"isRenderEnabled":false,"rotationMatrix":[0.966325402,-0.257323176,0,0.257323176,0.966325402,0,0,0,1],"shapeName":"/levels/west_coast_usa/art/shapes/buildings/s_oil_ref_tank_sml.dae","useInstanceRenderData":true}
{"class":"TSStatic","persistentId":"3db767fe-adcf-4a4a-bc16-5823c2238b28","__parent":"static","position":[-814.33075,2055.64697,78.8046036],"isRenderEnabled":false,"rotationMatrix":[0.966325402,-0.257323176,0,0.257323176,0.966325402,0,0,0,1],"shapeName":"/levels/west_coast_usa/art/shapes/buildings/s_oil_ref_tank_sml.dae","useInstanceRenderData":true}
{"class":"TSStatic","persistentId":"b6021fcc-25ff-4b75-bd55-0167a885165d","__parent":"static","position":[-571.540955,2073.29468,73],"isRenderEnabled":false,"shapeName":"/levels/west_coast_usa/art/shapes/buildings/s_oil_ref_tank.dae","useInstanceRenderData":true}
{"class":"TSStatic","persistentId":"9915465a-6ca1-40e1-aae1-ed5c0b59a2ba","__parent":"static","position":[-605.187988,2080.62646,73],"isRenderEnabled":false,"shapeName":"/levels/west_coast_usa/art/shapes/buildings/s_oil_ref_tank.dae","useInstanceRenderData":true}
{"class":"TSStatic","persistentId":"1ecb8020-6318-438f-899a-ba6df991f03f","__parent":"static","position":[-637.039856,2089.24072,73],"isRenderEnabled":false,"shapeName":"/levels/west_coast_usa/art/shapes/buildings/s_oil_ref_tank.dae","useInstanceRenderData":true}
