{"name":"rc_linkb","class":"BeamNGWaypoint","persistentId":"6295ccfe-ef03-46c3-a70f-66342be5afe2","__parent":"waypoints","position":[18.0007992,141.026001,42.6011009],"cloneOrigin":"or_link_a7","directionalWaypoint":true,"rotationMatrix":[0.999392331,0.0348567963,0,-0.0348567963,0.999392331,0,0,0,1],"scale":[13.4495001,13.4495001,13.4495001]}
{"name":"or_link_a3","class":"BeamNGWaypoint","persistentId":"70dd13f5-d0b3-4561-8495-f8abfd1b0383","__parent":"waypoints","position":[-173.740005,-49.760601,40.3310013],"cloneOrigin":"or_link_a","scale":[8.45417976,8.45417976,8.45417976]}
{"name":"rc_linka","class":"BeamNGWaypoint","persistentId":"9b7aa3ab-099f-47c6-b234-f9c8860e20bb","__parent":"waypoints","position":[17.9971008,141.026001,42.6011009],"cloneOrigin":"or_link_a6","directionalWaypoint":true,"rotationMatrix":[-0.999392509,-0.0348465517,0,0.0348465517,-0.999392509,0,0,0,1],"scale":[13.4436998,13.4436998,13.4436998]}
