{"name":"garageOfficeLightPropOff_1","class":"TSStatic","persistentId":"b0ad2cdf-8ca4-42a6-9c49-de9ba2e0e08d","__parent":"garageOfficeLights","position":[902.049011,-536.885681,167.796036],"decalType":"None","isRenderEnabled":false,"rotationMatrix":[0.125592917,0.992081881,0,-0.992081881,0.125592917,0,0,0,1],"shapeName":"/levels/west_coast_usa/art/shapes/objects/s_long_light_hanging_off.dae","useInstanceRenderData":true}
{"name":"garageOfficeLightPropOff_2","class":"TSStatic","persistentId":"f50be6e8-d7b5-4e69-a7b4-759e2ac8a6bb","__parent":"garageOfficeLights","position":[905.832031,-537.364563,167.796036],"decalType":"None","isRenderEnabled":false,"rotationMatrix":[0.125592917,0.992081881,0,-0.992081881,0.125592917,0,0,0,1],"shapeName":"/levels/west_coast_usa/art/shapes/objects/s_long_light_hanging_off.dae","useInstanceRenderData":true}
{"name":"garageOfficeLightPropOn_1","class":"TSStatic","persistentId":"68322b59-57c1-4077-be35-f074741b06c4","__parent":"garageOfficeLights","position":[902.049011,-536.885681,167.796036],"decalType":"None","hidden":true,"isRenderEnabled":false,"rotationMatrix":[0.125592917,0.992081881,0,-0.992081881,0.125592917,0,0,0,1],"shapeName":"/levels/west_coast_usa/art/shapes/objects/s_long_light_hanging.dae","useInstanceRenderData":true}
{"name":"garageOfficeLightPropOn_2","class":"TSStatic","persistentId":"451682a3-3f88-481b-bd2c-8b65bd0466db","__parent":"garageOfficeLights","position":[905.832031,-537.364563,167.796036],"decalType":"None","hidden":true,"isRenderEnabled":false,"rotationMatrix":[0.125592917,0.992081881,0,-0.992081881,0.125592917,0,0,0,1],"shapeName":"/levels/west_coast_usa/art/shapes/objects/s_long_light_hanging.dae","useInstanceRenderData":true}
{"name":"garageOfficeLight_1","class":"SpotLight","persistentId":"24a3f562-d259-4124-8f08-883d0b4183db","__parent":"garageOfficeLights","position":[902.012085,-536.791565,167.587585],"castShadows":true,"innerAngle":50,"isEnabled":false,"outerAngle":80,"overDarkFactor":[20000,10000,5000,100],"rotationMatrix":[1,0,0,0,-1.1920929e-07,-0.999999821,0,0.999999821,-1.1920929e-07],"shadowDarkenColor":[0,0,0,0],"shadowSoftness":1,"texSize":1024}
{"name":"garageOfficeLight_2","class":"SpotLight","persistentId":"97a96cdf-04cc-4120-ba3f-2541767ca213","__parent":"garageOfficeLights","position":[905.74231,-537.359558,167.587585],"castShadows":true,"innerAngle":50,"isEnabled":false,"outerAngle":80,"overDarkFactor":[20000,10000,5000,100],"rotationMatrix":[1,0,0,0,-1.1920929e-07,-0.999999821,0,0.999999821,-1.1920929e-07],"shadowDarkenColor":[0,0,0,0],"shadowSoftness":1,"texSize":256}
{"name":"garageOfficeLight_3","class":"PointLight","persistentId":"802f66e5-f020-443a-b7a7-4e75dad82ad2","__parent":"garageOfficeLights","position":[903.950073,-536.741699,165.842819],"isEnabled":false,"radius":4,"shadowDarkenColor":[0,0,0,0],"shadowType":"DualParaboloid"}
