{"name":"garageOfficeLightsTrigger","class":"BeamNGTrigger","persistentId":"0bc16037-adae-4998-a818-917ec38d5b7b","__parent":"garageLights","position":[903.987244,-537.253662,165.639084],"luaFunction":"onBeamNGTrigger","rotationMatrix":[0.125592902,0.992081821,0,-0.992081821,0.125592902,0,0,0,0.999999881],"scale":[5.65810251,7.42971373,4.0895505],"tickPeriod":500,"ticking":true}
{"name":"garageBenchLightsTrigger","class":"BeamNGTrigger","persistentId":"f767c56a-dad5-4522-a999-acddda0f9448","__parent":"garageLights","position":[909.299988,-536.527466,161.233231],"luaFunction":"onBeamNGTrigger","rotationMatrix":[0.125592902,0.992081821,0,-0.992081821,0.125592902,0,0,0,0.999999881],"scale":[4.7798233,2.54505372,3.4360106],"tickPeriod":500,"ticking":true}
{"name":"garageLightsMainTrigger_1","class":"BeamNGTrigger","persistentId":"78af10f8-255f-48d5-82d1-a656c9ae2a36","__parent":"garageLights","position":[907.971741,-546.638977,165.694717],"luaFunction":"onBeamNGTrigger","rotationMatrix":[0.125592902,0.992081821,0,-0.992081821,0.125592902,0,0,0,0.999999881],"scale":[11.6997967,20.7748013,7.77758169],"tickPeriod":500,"ticking":true,"triggerMode":"Overlaps","triggerTestType":"Bounding box"}
{"name":"garageLightsMainTrigger_2","class":"BeamNGTrigger","persistentId":"2d09be72-c8c2-44e1-9742-6a4a3c6445e1","__parent":"garageLights","position":[913.713074,-537.094421,165.694717],"luaFunction":"onBeamNGTrigger","rotationMatrix":[0.125592902,0.992081821,0,-0.992081821,0.125592902,0,0,0,0.999999881],"scale":[9.09104252,11.6644735,7.77758169],"tickPeriod":500,"ticking":true,"triggerMode":"Overlaps","triggerTestType":"Bounding box"}
{"name":"garageExteriorLights","class":"SimGroup","persistentId":"9ba84e31-ef8c-4cfa-bfa7-596eb70433c6","__parent":"garageLights"}
{"name":"garageMainLights","class":"SimGroup","persistentId":"0acfed49-6fa0-4623-8702-aebb771b153a","__parent":"garageLights"}
{"name":"garageBounceLights","class":"SimGroup","persistentId":"5e74ce5d-ff20-4bc9-ae3e-7bb61f3dc165","__parent":"garageLights"}
{"name":"garageBenchLights","class":"SimGroup","persistentId":"b078c103-bdb0-4d5b-b059-999c23301af3","__parent":"garageLights"}
{"name":"garageOfficeLights","class":"SimGroup","persistentId":"d219600d-8897-428e-8107-ecaf4bdff7fd","__parent":"garageLights"}
