{"name":"garageDealership_icon_1","class":"BeamNGPointOfInterest","persistentId":"76d0aaa4-0216-4f0b-9a63-de2de6c3e9cf","__parent":"dealership_interaction","position":[828.969116,-529.32605,165.635056]}
{"name":"garageDealership_area_1","class":"BeamNGGameplayArea","persistentId":"d2edb232-a5fe-4b63-8329-c3331496c418","__parent":"dealership_interaction","position":[830.226318,-529.367188,165.163498],"scale":[1.5695312,1.18847656,1.42131352]}
{"name":"jerryRigs_icon_1","class":"BeamNGPointOfInterest","persistentId":"5555cb20-f293-4145-b302-07008f43fc89","__parent":"dealership_interaction","position":[-84.1818008,-19.956295,120.355293]}
{"name":"jerryRigs_area_1","class":"BeamNGGameplayArea","persistentId":"8d2203f1-906a-4478-91a0-b13ac7eef683","__parent":"dealership_interaction","position":[-83.4676514,-19.4141254,119.830246],"rotationMatrix":[0.607901156,-0.794012785,0,0.794012785,0.607901156,0,0,0,1],"scale":[1.29857659,1.58990932,2.21054697]}
{"name":"belascoAuto_icon_1","class":"BeamNGPointOfInterest","persistentId":"1b19a1c8-48fc-4c39-9ab0-861ce2b0457c","__parent":"dealership_interaction","position":[-707.903625,819.994446,75.0109253]}
{"name":"belascoAuto_area_1","class":"BeamNGGameplayArea","persistentId":"361c158e-7679-4205-9524-f96cd2a6d27c","__parent":"dealership_interaction","position":[-707.296265,819.817932,75.0139084],"rotationMatrix":[0.693745732,-0.720220089,0,0.720220089,0.693745732,0,0,0,1],"scale":[1.39259279,1.65572083,2.1656251]}
{"name":"jeffersonmotors_area","class":"BeamNGGameplayArea","persistentId":"33553508-70f5-47a1-8307-437577aa03be","__parent":"dealership_interaction","position":[-402.313934,174.045135,100.614189],"rotationMatrix":[0.950850368,0.30965066,0,-0.30965066,0.950850368,0,0,0,1],"scale":[2.26982427,1.97193146,2.05547523]}
{"name":"jeffersonmotors_icon","class":"BeamNGPointOfInterest","persistentId":"4cbad5d7-7d89-418d-b42b-d805e3154639","__parent":"dealership_interaction","position":[-402.581299,174.756241,100.916809],"rotationMatrix":[0.339279652,-0.940685689,0,0.940685689,0.339279652,0,0,0,1]}
{"name":"richsmotorcompany_area_1","class":"BeamNGGameplayArea","persistentId":"566b51cb-f1fa-4716-b5fb-a96b51a768f1","__parent":"dealership_interaction","position":[-821.347839,910.130066,75.3060303],"rotationMatrix":[0.999907851,0.0135735599,0,-0.0135735599,0.999907851,0,0,0,1],"scale":[2.10942388,1.59729207,1.91022182]}
{"name":"richsmotorcompany_icon_1","class":"BeamNGPointOfInterest","persistentId":"f47ac706-533e-4012-83e1-10724d38d1be","__parent":"dealership_interaction","position":[-821.962646,910.514893,75.3086548],"rotationMatrix":[0.339279652,-0.940685689,0,0.940685689,0.339279652,0,0,0,1]}
{"name":"richsmotorcompany_icon_2","class":"BeamNGPointOfInterest","persistentId":"fdb7917a-5b56-40b2-a069-899ef1e6fa4e","__parent":"dealership_interaction","position":[-841.479553,895.74762,75.445549],"rotationMatrix":[0.339279652,-0.940685689,0,0.940685689,0.339279652,0,0,0,1]}
{"name":"richsmotorcompany_area_2","class":"BeamNGGameplayArea","persistentId":"6ff1daf8-1858-4688-98b0-3d23dd807d94","__parent":"dealership_interaction","position":[-841.424194,894.687744,75.0396729],"rotationMatrix":[0.999907851,0.0135735599,0,-0.0135735599,0.999907851,0,0,0,1],"scale":[2.10942388,1.59729207,1.91022182]}
