{"name":"flagTrigger","class":"BeamNGTrigger","persistentId":"47251fd3-c375-4cb2-96d4-7049353795ea","__parent":"flag6_group","position":[338.398987,203.416916,54.5192795],"scale":[2,2,35],"triggerMode":"Overlaps","triggerTestType":"Bounding box"}
{"name":"flag6_group","class":"SimGroup","persistentId":"6c719f2c-3fb3-4d03-8ac6-5cf9a4d6b00b","groupPosition":"0 0 0"}
{"name":"flag6TSStatic","class":"TSStatic","persistentId":"4007b504-df02-46d4-a912-2c679edf350c","__parent":"flag6_group","position":[338.398987,203.416916,43.5407104],"instanceColor":[0,0.0227570534,1,1],"instanceColor1":[0,0.0238099098,1,1],"isRenderEnabled":false,"scale":[10,10,6],"shapeName":"/art/shapes/interface/single_faded_column.dae","useInstanceRenderData":true}
