{"name":"flagTrigger","class":"BeamNGTrigger","persistentId":"47251fd3-c375-4cb2-96d4-7049353795ea","__parent":"flag3_group","position":[326.033478,221.516876,55.8665009],"scale":[2,2,35],"triggerMode":"Overlaps","triggerTestType":"Bounding box"}
{"name":"flag3_group","class":"SimGroup","persistentId":"3009bc8c-5be4-4308-a67c-870e1bd6dc06","groupPosition":"0 0 0"}
{"name":"flag3TSStatic","class":"TSStatic","persistentId":"4007b504-df02-46d4-a912-2c679edf350c","__parent":"flag3_group","position":[326.033478,221.516876,44.8879318],"instanceColor":[0,0.0227570534,1,1],"instanceColor1":[0,0.0238099098,1,1],"isRenderEnabled":false,"scale":[10,10,6],"shapeName":"/art/shapes/interface/single_faded_column.dae","useInstanceRenderData":true}
