{"name":"flagTrigger","class":"BeamNGTrigger","persistentId":"47251fd3-c375-4cb2-96d4-7049353795ea","__parent":"flag4_group","position":[265.646088,225.346786,60.0404358],"scale":[2,2,35],"triggerMode":"Overlaps","triggerTestType":"Bounding box"}
{"name":"flag4_group","class":"SimGroup","persistentId":"0720e8c1-950b-4b07-a374-f36c79207933","groupPosition":"0 0 0"}
{"name":"flag4TSStatic","class":"TSStatic","persistentId":"4007b504-df02-46d4-a912-2c679edf350c","__parent":"flag4_group","position":[265.646088,225.346786,49.0618668],"instanceColor":[0,0.0227570534,1,1],"instanceColor1":[0,0.0238099098,1,1],"isRenderEnabled":false,"scale":[10,10,6],"shapeName":"/art/shapes/interface/single_faded_column.dae","useInstanceRenderData":true}
