{"name":"flagTrigger","class":"BeamNGTrigger","persistentId":"47251fd3-c375-4cb2-96d4-7049353795ea","__parent":"flag5_group","position":[305.948883,152.648788,56.3593445],"scale":[2,2,35],"triggerMode":"Overlaps","triggerTestType":"Bounding box"}
{"name":"flag5_group","class":"SimGroup","persistentId":"06328b99-bb18-4ab9-b00f-ce0e7b1f919a","groupPosition":"0 0 0"}
{"name":"flag5TSStatic","class":"TSStatic","persistentId":"4007b504-df02-46d4-a912-2c679edf350c","__parent":"flag5_group","position":[305.948883,152.648788,45.3807755],"instanceColor":[0,0.0227570534,1,1],"instanceColor1":[0,0.0238099098,1,1],"isRenderEnabled":false,"scale":[10,10,6],"shapeName":"/art/shapes/interface/single_faded_column.dae","useInstanceRenderData":true}
