{"name":"goalTrigger","class":"BeamNGTrigger","persistentId":"aa701e69-c16c-4042-8e5a-89742299de47","__parent":"goal5_group","position":[361.442261,104.861511,53.983223],"rotationMatrix":[0.99984771,-0.0174524058,0,0.0174524058,0.99984771,0,0,0,1],"scale":[6,6,35],"triggerMode":"Overlaps","triggerTestType":"Bounding box"}
{"name":"goal5_group","class":"SimGroup","persistentId":"c7a9e376-4787-4c06-8a7e-0907b31a0321","groupPosition":"0 0 0"}
{"name":"goal5TSStatic","class":"TSStatic","persistentId":"6704a469-c916-4cdf-957a-291edc476233","__parent":"goal5_group","position":[361.442261,104.861511,19.8333244],"instanceColor":[0,1,0.00179100037,1],"isRenderEnabled":false,"rotationMatrix":[0.99984771,-0.0174524058,0,0.0174524058,0.99984771,0,0,0,1],"scale":[30,30,7],"shapeName":"/art/shapes/interface/single_faded_column.dae","useInstanceRenderData":true}
