{"class":"TSStatic","persistentId":"4a9a4887-f766-47e4-b036-d6340b96e1c4","__parent":"movie_studio","position":[-807.394165,-602.149658,104.461067],"isRenderEnabled":false,"rotationMatrix":[0.763225138,-0.646132588,0,0.646132588,0.763225138,0,0,0,1],"shapeName":"/levels/west_coast_usa/art/shapes/objects/sign_stop.dae","useInstanceRenderData":true}
{"class":"TSStatic","persistentId":"62d42762-b0f4-4c58-b081-ec18a39331c9","__parent":"movie_studio","position":[-891.797363,-684.164368,107.074837],"isRenderEnabled":false,"rotationMatrix":[-0.778892636,0.627157092,0,-0.627157092,-0.778892636,0,0,0,1],"shapeName":"/levels/west_coast_usa/art/shapes/objects/sign_stop.dae","useInstanceRenderData":true}
{"class":"TSStatic","persistentId":"ac7fe542-74d6-4251-bd9d-290a8caa1c18","__parent":"movie_studio","position":[-818.024109,-594.275635,102.477943],"isRenderEnabled":false,"rotationMatrix":[-0.636701822,-0.771110296,0,0.771110296,-0.636701822,0,0,0,1],"shapeName":"/levels/west_coast_usa/art/shapes/objects/pole_light_single.dae","useInstanceRenderData":true}
{"class":"TSStatic","persistentId":"7808ba23-2797-4cf6-b417-0e4431041956","__parent":"movie_studio","position":[-848.624268,-706.214905,106.670677],"isRenderEnabled":false,"rotationMatrix":[0.642839491,0.766000867,0,-0.766000867,0.642839491,0,0,0,1],"shapeName":"/levels/west_coast_usa/art/shapes/objects/dumpster.dae","useInstanceRenderData":true}
{"class":"TSStatic","persistentId":"07b59626-5562-413e-a222-f1bb0901429b","__parent":"movie_studio","position":[-779.352173,-537.793945,100.921524],"annotation":"OBSTACLES","decalType":"None","isRenderEnabled":false,"rotationMatrix":[0.762325585,-0.64711827,0.0098852627,0.647183955,0.762309074,-0.00614727894,-0.00355761033,0.0110838115,0.99993223],"shapeName":"/levels/west_coast_usa/art/shapes/objects/bollard_yellow.dae","useInstanceRenderData":true}
{"class":"TSStatic","persistentId":"55484149-0f46-4a7f-8d6c-221c5189174d","__parent":"movie_studio","position":[-783.507568,-541.671509,100.949722],"annotation":"OBSTACLES","decalType":"None","isRenderEnabled":false,"rotationMatrix":[0.762325585,-0.64711827,0.0098852627,0.647183955,0.762309074,-0.00614727894,-0.00355761033,0.0110838115,0.99993223],"shapeName":"/levels/west_coast_usa/art/shapes/objects/bollard_yellow.dae","useInstanceRenderData":true}
{"class":"TSStatic","persistentId":"d674af39-1f62-4358-8ece-b03bdd457016","__parent":"movie_studio","position":[-781.46228,-539.804016,100.936287],"annotation":"OBSTACLES","decalType":"None","isRenderEnabled":false,"rotationMatrix":[0.762325585,-0.64711827,0.0098852627,0.647183955,0.762309074,-0.00614727894,-0.00355761033,0.0110838115,0.99993223],"shapeName":"/levels/west_coast_usa/art/shapes/objects/bollard_yellow.dae","useInstanceRenderData":true}
{"class":"TSStatic","persistentId":"d1cdc186-d362-44fc-bac7-c91428264cc1","__parent":"movie_studio","position":[-785.608398,-543.616882,100.963806],"annotation":"OBSTACLES","decalType":"None","isRenderEnabled":false,"rotationMatrix":[0.762325585,-0.64711827,0.0098852627,0.647183955,0.762309074,-0.00614727894,-0.00355761033,0.0110838115,0.99993223],"shapeName":"/levels/west_coast_usa/art/shapes/objects/bollard_yellow.dae","useInstanceRenderData":true}
{"class":"TSStatic","persistentId":"eda9ab82-0989-482d-abfd-554f62396afe","__parent":"movie_studio","position":[-787.600586,-545.478271,100.977356],"annotation":"OBSTACLES","decalType":"None","isRenderEnabled":false,"rotationMatrix":[0.762325585,-0.64711827,0.0098852627,0.647183955,0.762309074,-0.00614727894,-0.00355761033,0.0110838115,0.99993223],"shapeName":"/levels/west_coast_usa/art/shapes/objects/bollard_yellow.dae","useInstanceRenderData":true}
{"class":"TSStatic","persistentId":"ee75c281-b37a-4425-80d8-60888e159aed","__parent":"movie_studio","position":[-789.565918,-547.417175,100.991852],"annotation":"OBSTACLES","decalType":"None","isRenderEnabled":false,"rotationMatrix":[0.762325585,-0.64711827,0.0098852627,0.647183955,0.762309074,-0.00614727894,-0.00355761033,0.0110838115,0.99993223],"shapeName":"/levels/west_coast_usa/art/shapes/objects/bollard_yellow.dae","useInstanceRenderData":true}
{"class":"TSStatic","persistentId":"a4a7d152-8944-4664-b2dd-a64df5714eb7","__parent":"movie_studio","position":[-779.056335,-564.82428,101.222183],"annotation":"OBSTACLES","decalType":"None","isRenderEnabled":false,"rotationMatrix":[0.762325585,-0.64711827,0.00988526177,0.647183955,0.762309074,-0.00614727847,-0.00355760963,0.0110838097,0.99993223],"shapeName":"/levels/west_coast_usa/art/shapes/objects/bollard_yellow.dae","useInstanceRenderData":true}
{"class":"TSStatic","persistentId":"11075847-0d7e-4ef1-8a00-8721dc7d97f2","__parent":"movie_studio","position":[-859.687256,-626.461975,104.419937],"annotation":"OBSTACLES","decalType":"None","isRenderEnabled":false,"rotationMatrix":[0.762325585,-0.64711827,0.00988526177,0.647183955,0.762309074,-0.00614727847,-0.00355760963,0.0110838097,0.99993223],"shapeName":"/levels/west_coast_usa/art/shapes/objects/bollard_yellow.dae","useInstanceRenderData":true}
{"class":"TSStatic","persistentId":"575a388e-d17d-41ac-96ba-3ffae5a689b4","__parent":"movie_studio","position":[-862.081787,-624.42926,104.388893],"annotation":"OBSTACLES","decalType":"None","isRenderEnabled":false,"rotationMatrix":[0.762325585,-0.64711827,0.00988526177,0.647183955,0.762309074,-0.00614727847,-0.00355760963,0.0110838097,0.99993223],"shapeName":"/levels/west_coast_usa/art/shapes/objects/bollard_yellow.dae","useInstanceRenderData":true}
{"class":"TSStatic","persistentId":"a2ca7056-6eeb-4e02-a481-5b198d7742e6","__parent":"movie_studio","position":[-864.304688,-622.542236,104.360069],"annotation":"OBSTACLES","decalType":"None","isRenderEnabled":false,"rotationMatrix":[0.762325585,-0.64711827,0.00988526177,0.647183955,0.762309074,-0.00614727847,-0.00355760963,0.0110838097,0.99993223],"shapeName":"/levels/west_coast_usa/art/shapes/objects/bollard_yellow.dae","useInstanceRenderData":true}
{"class":"TSStatic","persistentId":"2c77f3a7-294b-4212-b62b-99ef5f7a4ce7","__parent":"movie_studio","position":[-866.548157,-620.637756,104.330971],"annotation":"OBSTACLES","decalType":"None","isRenderEnabled":false,"rotationMatrix":[0.762325585,-0.64711827,0.00988526177,0.647183955,0.762309074,-0.00614727847,-0.00355760963,0.0110838097,0.99993223],"shapeName":"/levels/west_coast_usa/art/shapes/objects/bollard_yellow.dae","useInstanceRenderData":true}
{"class":"TSStatic","persistentId":"cf758446-1312-48e0-8901-7617124787c1","__parent":"movie_studio","position":[-868.743103,-618.774536,104.302513],"annotation":"OBSTACLES","decalType":"None","isRenderEnabled":false,"rotationMatrix":[0.762325585,-0.64711827,0.00988526177,0.647183955,0.762309074,-0.00614727847,-0.00355760963,0.0110838097,0.99993223],"shapeName":"/levels/west_coast_usa/art/shapes/objects/bollard_yellow.dae","useInstanceRenderData":true}
{"class":"TSStatic","persistentId":"95d5b14a-14cb-4b99-a495-a33abd4b5ca3","__parent":"movie_studio","position":[-858.921204,-638.30658,104.553978],"annotation":"OBSTACLES","decalType":"None","isRenderEnabled":false,"rotationMatrix":[-0.647184372,-0.762308836,0.00614727568,0.762325287,-0.647118688,0.00988526456,-0.00355760823,0.0110838115,0.99993223],"shapeName":"/levels/west_coast_usa/art/shapes/objects/bollard_yellow.dae","useInstanceRenderData":true}
{"class":"TSStatic","persistentId":"6c626b4d-c313-4f01-b5e7-7070be383f80","__parent":"movie_studio","position":[-860.784668,-640.501465,104.571671],"annotation":"OBSTACLES","decalType":"None","isRenderEnabled":false,"rotationMatrix":[-0.647184372,-0.762308836,0.00614727568,0.762325287,-0.647118688,0.00988526456,-0.00355760823,0.0110838115,0.99993223],"shapeName":"/levels/west_coast_usa/art/shapes/objects/bollard_yellow.dae","useInstanceRenderData":true}
{"class":"TSStatic","persistentId":"6f3c806b-8c67-421e-b828-9e815841d323","__parent":"movie_studio","position":[-862.689331,-642.744873,104.589767],"annotation":"OBSTACLES","decalType":"None","isRenderEnabled":false,"rotationMatrix":[-0.647184372,-0.762308836,0.00614727568,0.762325287,-0.647118688,0.00988526456,-0.00355760823,0.0110838115,0.99993223],"shapeName":"/levels/west_coast_usa/art/shapes/objects/bollard_yellow.dae","useInstanceRenderData":true}
{"class":"TSStatic","persistentId":"8eeabf9a-6fba-4498-b1bf-7d94255769b7","__parent":"movie_studio","position":[-864.576538,-644.967773,104.607689],"annotation":"OBSTACLES","decalType":"None","isRenderEnabled":false,"rotationMatrix":[-0.647184372,-0.762308836,0.00614727568,0.762325287,-0.647118688,0.00988526456,-0.00355760823,0.0110838115,0.99993223],"shapeName":"/levels/west_coast_usa/art/shapes/objects/bollard_yellow.dae","useInstanceRenderData":true}
{"class":"TSStatic","persistentId":"c176ba3a-0a56-4b6d-9ccf-0901085fa5ce","__parent":"movie_studio","position":[-880.37085,-665.932922,105.888069],"annotation":"OBSTACLES","isRenderEnabled":false,"rotationMatrix":[0.642787635,0.766044378,0,-0.766044378,0.642787635,0,0,0,1],"shapeName":"/levels/west_coast_usa/art/shapes/buildings/s_moviestudio_parking.dae","useInstanceRenderData":true}
{"class":"TSStatic","persistentId":"02164b23-5e13-4336-a35f-58decbeb4735","__parent":"movie_studio","position":[-868.450134,-620.287292,104.798988],"annotation":"OBSTACLES","isRenderEnabled":false,"rotationMatrix":[0.766044497,-0.642787516,0,0.642787516,0.766044497,0,0,0,1],"shapeName":"/levels/west_coast_usa/art/shapes/objects/planterbox.dae","useInstanceRenderData":true}
{"class":"TSStatic","persistentId":"afdc2758-31de-45be-b158-57503a3295f9","__parent":"movie_studio","position":[-868.170654,-631.180115,104.798988],"annotation":"OBSTACLES","isRenderEnabled":false,"rotationMatrix":[0.766044497,-0.642787516,0,0.642787516,0.766044497,0,0,0,1],"shapeName":"/levels/west_coast_usa/art/shapes/objects/planterbox.dae","useInstanceRenderData":true}
{"class":"TSStatic","persistentId":"ce4c7474-1e8a-4122-ba18-e3aa6401c23e","__parent":"movie_studio","position":[-878.093079,-643.005188,104.798988],"annotation":"OBSTACLES","isRenderEnabled":false,"rotationMatrix":[0.766044497,-0.642787516,0,0.642787516,0.766044497,0,0,0,1],"shapeName":"/levels/west_coast_usa/art/shapes/objects/planterbox.dae","useInstanceRenderData":true}
{"class":"TSStatic","persistentId":"4c86f0f8-513d-4887-9658-b06f55ce8601","__parent":"movie_studio","position":[-877.457764,-680.928284,105.202217],"annotation":"OBSTACLES","isRenderEnabled":false,"rotationMatrix":[-0.987969875,0.15460439,-0.00357226795,-0.154645666,-0.987706184,0.0228218064,1.16415322e-10,0.0230996944,0.99973315],"shapeName":"/levels/west_coast_usa/art/shapes/buildings/s_moviestudio_signwarn_004.dae","useInstanceRenderData":true}
{"class":"TSStatic","persistentId":"e0621e08-a24a-4f25-a16e-61710790dd0a","__parent":"movie_studio","position":[-877.54895,-686.157104,105.508385],"annotation":"OBSTACLES","isRenderEnabled":false,"shapeName":"/levels/west_coast_usa/art/shapes/buildings/s_moviestudio_signwarn_004.dae","useInstanceRenderData":true}
{"class":"TSStatic","persistentId":"a70c9c8c-c956-47d4-b885-4cd3a6e4dac8","__parent":"movie_studio","position":[-813.553406,-606.016418,103.118286],"annotation":"OBSTACLES","isRenderEnabled":false,"rotationMatrix":[-0.995379329,0.0958425999,-0.00586777739,-0.0960220546,-0.993519068,0.0608262718,-2.32830644e-10,0.0611086413,0.998131096],"shapeName":"/levels/west_coast_usa/art/shapes/buildings/s_moviestudio_signwarn_004.dae","useInstanceRenderData":true}
{"class":"TSStatic","persistentId":"e0b99944-d148-4991-927d-738b43625065","__parent":"movie_studio","position":[-832.23645,-589.508057,104.594841],"isRenderEnabled":false,"rotationMatrix":[0.500000119,-0.866025209,0,0.866025209,0.500000119,0,0,0,1],"shapeName":"/levels/west_coast_usa/art/shapes/objects/spool.dae","useInstanceRenderData":true}
{"class":"TSStatic","persistentId":"9fa431e4-b73b-4656-9765-20498fbf6ef9","__parent":"movie_studio","position":[-834.213196,-585.421509,105.378548],"isRenderEnabled":false,"rotationMatrix":[1,0,0,0,5.96046448e-08,0.999999821,0,-0.999999821,5.96046448e-08],"shapeName":"/levels/west_coast_usa/art/shapes/objects/spool.dae","useInstanceRenderData":true}
{"class":"TSStatic","persistentId":"91e47171-db00-46e1-8db5-5714a0d82b8d","__parent":"movie_studio","position":[-834.24823,-585.421509,106.838463],"isRenderEnabled":false,"rotationMatrix":[0.998937368,-0.0460884422,-1.86264515e-09,9.31322575e-09,5.96046448e-08,1.00000012,-0.0460884422,-0.998937488,5.96046448e-08],"shapeName":"/levels/west_coast_usa/art/shapes/objects/spool.dae","useInstanceRenderData":true}
{"class":"TSStatic","persistentId":"65b00ac1-9a8b-4344-b6a5-689d209eb16c","__parent":"movie_studio","position":[-837.414612,-584.534546,106.828156],"isRenderEnabled":false,"rotationMatrix":[0.994762421,0.102214217,3.7252903e-09,-1.86264515e-08,-1.1920929e-07,1.00000036,0.102214217,-0.994762719,-1.1920929e-07],"shapeName":"/levels/west_coast_usa/art/shapes/objects/spool.dae","useInstanceRenderData":true}
{"class":"TSStatic","persistentId":"2e3314a7-1e8e-4767-ae92-a1cd9edea65d","__parent":"movie_studio","position":[-837.213196,-584.721497,105.378548],"isRenderEnabled":false,"rotationMatrix":[1,0,0,0,5.96046448e-08,0.999999821,0,-0.999999821,5.96046448e-08],"shapeName":"/levels/west_coast_usa/art/shapes/objects/spool.dae","useInstanceRenderData":true}
{"class":"TSStatic","persistentId":"dee3840c-a453-4d68-b9ad-39a4bb18497c","__parent":"movie_studio","position":[-771.056641,-544.74408,101.156837],"decalType":"None","isRenderEnabled":false,"rotationMatrix":[-0.791577816,-0.611068666,0,0.611068666,-0.791577816,0,0,0,1],"shapeName":"/levels/west_coast_usa/art/shapes/objects/hydrant1.dae","useInstanceRenderData":true}
{"class":"TSStatic","persistentId":"ea5e1a2d-e289-4c57-88e9-b26ec12f08d9","__parent":"movie_studio","position":[-799.76416,-541.311829,100.51091],"isRenderEnabled":false,"rotationMatrix":[0.258819163,-0.965925694,0,0.965925694,0.258819163,0,0,0,1],"shapeName":"/levels/west_coast_usa/art/shapes/objects/pole_light_single.dae","useInstanceRenderData":true}
{"class":"TSStatic","persistentId":"6fb19641-ba4a-40c5-8039-9cc79a6d1257","__parent":"movie_studio","position":[-784.181519,-596.420898,102.17379],"isRenderEnabled":false,"rotationMatrix":[0.70710659,0.707107008,0,-0.707107008,0.70710659,0,0,0,1],"shapeName":"/levels/west_coast_usa/art/shapes/objects/pole_light_single.dae","useInstanceRenderData":true}
{"class":"TSStatic","persistentId":"4c9a77bf-60a4-41cd-a0c7-f0e81881c565","__parent":"movie_studio","position":[-818.197083,-569.112244,100.497749],"isRenderEnabled":false,"shapeName":"/levels/west_coast_usa/art/shapes/objects/pole_light_single.dae","useInstanceRenderData":true}
{"class":"TSStatic","persistentId":"6d8755a5-d854-449e-a560-4cd329fc951e","__parent":"movie_studio","position":[-768.316467,-556.010437,112.329315],"isRenderEnabled":false,"rotationMatrix":[0.74206984,0.670322478,0,-0.670322478,0.74206984,0,0,0,1],"shapeName":"/levels/west_coast_usa/art/shapes/objects/light_city.dae","useInstanceRenderData":true}
{"class":"TSStatic","persistentId":"b7871d51-7a1c-4332-b289-74bd120357c9","__parent":"movie_studio","position":[-753.433289,-592.236328,112.329315],"isRenderEnabled":false,"rotationMatrix":[-0.670322776,0.742069483,0,-0.742069483,-0.670322776,0,0,0,0.999999881],"shapeName":"/levels/west_coast_usa/art/shapes/objects/light_city.dae","useInstanceRenderData":true}
{"class":"TSStatic","persistentId":"52219bb7-640d-4858-aaff-f8d6255627cc","__parent":"movie_studio","position":[-776.196594,-567.03656,112.329315],"isRenderEnabled":false,"rotationMatrix":[-0.670322776,0.742069483,0,-0.742069483,-0.670322776,0,0,0,0.999999881],"shapeName":"/levels/west_coast_usa/art/shapes/objects/light_city.dae","useInstanceRenderData":true}
{"class":"TSStatic","persistentId":"489398d4-b416-43e5-a5b4-6ee23a190c6f","__parent":"movie_studio","position":[-793.455078,-631.032104,114.649292],"isRenderEnabled":false,"rotationMatrix":[0.769287944,-0.638902247,0,0.638902247,0.769287944,0,0,0,1],"shapeName":"/levels/west_coast_usa/art/shapes/objects/light_city.dae","useInstanceRenderData":true}
{"class":"TSStatic","persistentId":"151d4007-7c9e-48e0-9359-44d4077c7b2c","__parent":"movie_studio","position":[-840.645081,-618.358276,114.649292],"isRenderEnabled":false,"rotationMatrix":[-0.63890183,-0.769288242,0,0.769288242,-0.63890183,0,0,0,1],"shapeName":"/levels/west_coast_usa/art/shapes/objects/light_city.dae","useInstanceRenderData":true}
{"class":"TSStatic","persistentId":"fd79592a-cd9e-4637-9da6-c45eebef402b","__parent":"movie_studio","position":[-851.773743,-701.408936,114.649292],"isRenderEnabled":false,"rotationMatrix":[-0.769288421,0.63890183,0,-0.63890183,-0.769288421,0,0,0,1],"shapeName":"/levels/west_coast_usa/art/shapes/objects/light_city.dae","useInstanceRenderData":true}
{"class":"TSStatic","persistentId":"cdac36e6-31ab-4fb8-b3fc-fb9f73f1013e","__parent":"movie_studio","position":[-831.085022,-677.124207,114.649292],"isRenderEnabled":false,"rotationMatrix":[0.76928848,-0.638901532,0,0.638901532,0.76928848,0,0,0,1],"shapeName":"/levels/west_coast_usa/art/shapes/objects/light_city.dae","useInstanceRenderData":true}
{"class":"TSStatic","persistentId":"ed500b2f-46f2-48c3-b706-e16395e4f978","__parent":"movie_studio","position":[-813.759094,-655.636292,114.649292],"isRenderEnabled":false,"rotationMatrix":[-0.769288421,0.63890183,0,-0.63890183,-0.769288421,0,0,0,1],"shapeName":"/levels/west_coast_usa/art/shapes/objects/light_city.dae","useInstanceRenderData":true}
{"class":"TSStatic","persistentId":"15527c73-59f0-4469-a02a-c0cab77f5aad","__parent":"movie_studio","position":[-890.381653,-678.169922,105.24929],"decalType":"None","isRenderEnabled":false,"rotationMatrix":[-0.723920107,0.689883888,0,-0.689883888,-0.723920107,0,0,0,1],"shapeName":"/levels/west_coast_usa/art/shapes/objects/lamp1.dae","useInstanceRenderData":true}
{"class":"TSStatic","persistentId":"d59c1d6b-294d-4e15-88f1-438744269ece","__parent":"movie_studio","position":[-901.924805,-657.709351,105.24929],"decalType":"None","isRenderEnabled":false,"rotationMatrix":[0.667903185,0.744248092,0,-0.744248092,0.667903185,0,0,0,1],"shapeName":"/levels/west_coast_usa/art/shapes/objects/lamp1.dae","useInstanceRenderData":true}
{"class":"TSStatic","persistentId":"442e0b37-045a-46a1-ae5a-768465dd0180","__parent":"movie_studio","position":[-890.971191,-645.503662,105.24929],"decalType":"None","isRenderEnabled":false,"rotationMatrix":[0.667903185,0.744248092,0,-0.744248092,0.667903185,0,0,0,1],"shapeName":"/levels/west_coast_usa/art/shapes/objects/lamp1.dae","useInstanceRenderData":true}
{"class":"TSStatic","persistentId":"ce9ddc32-8ce0-427a-997b-cb699848160f","__parent":"movie_studio","position":[-862.957153,-690.301147,114.649292],"isRenderEnabled":false,"rotationMatrix":[0.638901949,0.769288003,0,-0.769288003,0.638901949,0,0,0,0.999999881],"shapeName":"/levels/west_coast_usa/art/shapes/objects/light_city.dae","useInstanceRenderData":true}
{"class":"TSStatic","persistentId":"585f572e-7105-4735-854d-9f80672b5098","__parent":"movie_studio","position":[-844.096497,-667.747986,114.649292],"isRenderEnabled":false,"rotationMatrix":[0.638901949,0.769288003,0,-0.769288003,0.638901949,0,0,0,0.999999881],"shapeName":"/levels/west_coast_usa/art/shapes/objects/light_city.dae","useInstanceRenderData":true}
{"class":"TSStatic","persistentId":"1e2561e5-17b1-4d40-8f2c-9c7a4c3033a5","__parent":"movie_studio","position":[-806.581238,-621.950562,114.649292],"isRenderEnabled":false,"rotationMatrix":[0.638901949,0.769288003,0,-0.769288003,0.638901949,0,0,0,0.999999881],"shapeName":"/levels/west_coast_usa/art/shapes/objects/light_city.dae","useInstanceRenderData":true}
{"class":"TSStatic","persistentId":"093ecc5d-3392-4235-9ad8-5508710859a5","__parent":"movie_studio","position":[-859.637085,-606.844727,104.949295],"decalType":"None","isRenderEnabled":false,"rotationMatrix":[0.667903185,0.744248092,0,-0.744248092,0.667903185,0,0,0,1],"shapeName":"/levels/west_coast_usa/art/shapes/objects/lamp1.dae","useInstanceRenderData":true}
{"class":"TSStatic","persistentId":"9459fae5-1c0b-4fae-99a3-9fe4215510c0","__parent":"movie_studio","position":[-868.520203,-616.743225,104.949295],"decalType":"None","isRenderEnabled":false,"rotationMatrix":[0.667903185,0.744248092,0,-0.744248092,0.667903185,0,0,0,1],"shapeName":"/levels/west_coast_usa/art/shapes/objects/lamp1.dae","useInstanceRenderData":true}
{"class":"TSStatic","persistentId":"9859e98c-9ee3-4f21-9970-17ee70f8916b","__parent":"movie_studio","position":[-825.237183,-644.413757,114.649292],"isRenderEnabled":false,"rotationMatrix":[0.638901949,0.769288003,0,-0.769288003,0.638901949,0,0,0,0.999999881],"shapeName":"/levels/west_coast_usa/art/shapes/objects/light_city.dae","useInstanceRenderData":true}
{"class":"TSStatic","persistentId":"597712d8-5e78-44cc-8abb-1b7003492772","__parent":"movie_studio","position":[-871.704834,-645.595093,105.049294],"decalType":"None","isRenderEnabled":false,"rotationMatrix":[0.667903185,0.744248092,0,-0.744248092,0.667903185,0,0,0,1],"shapeName":"/levels/west_coast_usa/art/shapes/objects/lamp1.dae","useInstanceRenderData":true}
{"class":"TSStatic","persistentId":"2dbca958-97ce-4d92-a497-27cfbe540d41","__parent":"movie_studio","position":[-791.787476,-640.37616,104.314491],"isRenderEnabled":false,"rotationMatrix":[0.994935691,0.100513488,0,-0.100513488,0.994935691,0,0,0,1],"shapeName":"/levels/west_coast_usa/art/shapes/objects/greenscreen_8x4.dae","useInstanceRenderData":true}
{"class":"TSStatic","persistentId":"1e713d57-1641-42c0-a2a7-6298ff8ed1d3","__parent":"movie_studio","position":[-798.827332,-649.736633,104.31218],"isRenderEnabled":false,"rotationMatrix":[0.515807509,-0.856704473,0,0.856704473,0.515807509,0,0,0,1],"shapeName":"/levels/west_coast_usa/art/shapes/objects/greenscreen_8x4.dae","useInstanceRenderData":true}
{"class":"TSStatic","persistentId":"2589777d-5c49-4f22-be91-2a0521c702e3","__parent":"movie_studio","position":[-871.351807,-697.515198,105.649292],"decalType":"None","isRenderEnabled":false,"rotationMatrix":[-0.795122147,0.606449127,0,-0.606449127,-0.795122147,0,0,0,1],"shapeName":"/levels/west_coast_usa/art/shapes/objects/hydrant1.dae","useInstanceRenderData":true}
{"class":"TSStatic","persistentId":"4b39f974-f483-451a-8c91-cbf11c783b45","__parent":"movie_studio","position":[-865.123413,-650.008972,104.649292],"decalType":"None","isRenderEnabled":false,"rotationMatrix":[0.829072475,-0.559141159,0,0.559141159,0.829072475,0,0,0,1],"shapeName":"/levels/west_coast_usa/art/shapes/objects/hydrant1.dae","useInstanceRenderData":true}
{"class":"TSStatic","persistentId":"c898e836-cdf1-48a0-97b6-92b8d41056d6","__parent":"movie_studio","position":[-828.110657,-645.603149,104.049294],"decalType":"None","isRenderEnabled":false,"rotationMatrix":[-0.795122147,0.606449127,0,-0.606449127,-0.795122147,0,0,0,1],"shapeName":"/levels/west_coast_usa/art/shapes/objects/hydrant1.dae","useInstanceRenderData":true}
{"class":"TSStatic","persistentId":"c1a2d551-40e5-49e8-afe6-fffd7b507a79","__parent":"movie_studio","position":[-797.032715,-645.737976,104.315437],"isRenderEnabled":false,"rotationMatrix":[0.515807509,-0.856704473,0,0.856704473,0.515807509,0,0,0,1],"shapeName":"/levels/west_coast_usa/art/shapes/objects/greenscreen_8x4.dae","useInstanceRenderData":true}
{"class":"TSStatic","persistentId":"7dd67919-e22f-4c1b-8df3-bc375278e7f0","__parent":"movie_studio","position":[-774.755371,-539.248962,102.285034],"isRenderEnabled":false,"rotationMatrix":[0.718294919,0.695738792,1.16415322e-10,-0.695731163,0.718286991,-0.00469528139,-0.0032666889,0.00337259681,0.999988973],"shapeName":"/levels/west_coast_usa/art/shapes/objects/dumpster.dae","useInstanceRenderData":true}
{"class":"TSStatic","persistentId":"0e98d68d-3b2c-4399-8e86-ae4741f80943","__parent":"movie_studio","position":[-850.519409,-712.598816,105.714966],"isRenderEnabled":false,"shapeName":"/art/shapes/garage_and_dealership/Clutter/ind_metal_scraps_c.DAE","useInstanceRenderData":true}
{"class":"TSStatic","persistentId":"7422bd67-76bf-4ee1-9def-d211f5509413","__parent":"movie_studio","position":[-851.707275,-710.548035,105.714973],"isRenderEnabled":false,"rotationMatrix":[0.762317419,-0.647203326,0,0.647203326,0.762317419,0,0,0,1],"shapeName":"/art/shapes/garage_and_dealership/Clutter/ind_metal_scraps_b.DAE","useInstanceRenderData":true}
{"class":"TSStatic","persistentId":"a5576dce-b5d7-4ee8-b0ab-bbceced4b497","__parent":"movie_studio","position":[-849.085693,-711.161011,105.717056],"isRenderEnabled":false,"shapeName":"/art/shapes/garage_and_dealership/Clutter/ind_metal_scraps_a.DAE","useInstanceRenderData":true}
{"class":"TSStatic","persistentId":"da159ef7-2582-4d02-8e71-145228336318","__parent":"movie_studio","position":[-852.445618,-711.762634,105.714966],"isRenderEnabled":false,"rotationMatrix":[-0.947461724,0.319868267,0,-0.319868267,-0.947461724,0,0,0,1],"shapeName":"/art/shapes/garage_and_dealership/Clutter/ind_clutter_mix.DAE","useInstanceRenderData":true}
{"name":"sb_movie_studio","class":"SimGroup","persistentId":"2403826c-fabd-4293-8236-7b51b03261e5","__parent":"movie_studio"}
{"name":"movie_studio_decalroads","class":"SimGroup","persistentId":"294692c2-4279-4772-af93-6c43765b0be9","__parent":"movie_studio"}
{"class":"TSStatic","persistentId":"2889c8a4-e5d9-4b08-8d73-616f0799c6e2","__parent":"movie_studio","collisionType":"None","decalType":"None","isRenderEnabled":false,"shapeName":"/levels/west_coast_usa/art/shapes/buildings/s_cables_moviestudio.dae","useInstanceRenderData":true}
{"class":"TSStatic","persistentId":"123b74be-2d38-4186-acb9-5bad314d41fc","__parent":"movie_studio","collisionType":"Visible Mesh Final","decalType":"Visible Mesh Final","isRenderEnabled":false,"shapeName":"/levels/west_coast_usa/art/shapes/roads/s_sidewalk_moviestudio.dae","useInstanceRenderData":true}
{"class":"TSStatic","persistentId":"5cebe72c-c035-43db-852d-67ba5814c991","__parent":"movie_studio","position":[-859.101868,-632.997864,104.306686],"annotation":"BUILDINGS","isRenderEnabled":false,"rotationMatrix":[0.637661755,0.770316482,0,-0.770316482,0.637661755,0,0,0,1],"shapeName":"/levels/west_coast_usa/art/shapes/buildings/s_moviestudio_watertower.dae","useInstanceRenderData":true}
{"class":"TSStatic","persistentId":"edeee2d5-8f0e-40d7-937d-6ffbad84c648","__parent":"movie_studio","position":[-789.433289,-538.086548,102.106628],"annotation":"BUILDINGS","isRenderEnabled":false,"rotationMatrix":[-0.733310699,-0.679893315,0,0.679893315,-0.733310699,0,0,0,1],"shapeName":"/levels/west_coast_usa/art/shapes/buildings/office_mobile4_reverse.dae","useInstanceRenderData":true}
{"class":"TSStatic","persistentId":"438d860d-ce2c-4f91-80d0-2c1cca16d83b","__parent":"movie_studio","position":[-834.011719,-632.655457,104.584679],"annotation":"OBSTACLES","isRenderEnabled":false,"rotationMatrix":[0.802032232,-0.597280681,0,0.597280681,0.802032232,0,0,0,1],"shapeName":"/levels/west_coast_usa/art/shapes/buildings/s_movie_studio_logo.dae","useInstanceRenderData":true}
{"class":"TSStatic","persistentId":"8ad8496f-81f2-43fc-a0be-403157a1083f","__parent":"movie_studio","position":[-875.575317,-631.327087,104.732658],"annotation":"BUILDINGS","isRenderEnabled":false,"rotationMatrix":[0.652481914,0.757804275,0,-0.757804275,0.652481914,0,0,0,1],"shapeName":"/levels/west_coast_usa/art/shapes/buildings/s_movie_studio_visitor_center.dae","useInstanceRenderData":true}
{"class":"TSStatic","persistentId":"e4d8ba59-83b1-4964-b12b-69e6d2c3adfb","__parent":"movie_studio","annotation":"BUILDINGS","isRenderEnabled":false,"rotationMatrix":[0.99999994,0,0,0,0.99999994,0,0,0,0.999999881],"shapeName":"/levels/west_coast_usa/art/shapes/buildings/s_building_stage_03.dae","useInstanceRenderData":true}
{"class":"TSStatic","persistentId":"8d35c89c-bad8-4f0d-882e-25b41c3c7926","__parent":"movie_studio","position":[-877.128662,-683.813171,105.729828],"annotation":"BUILDINGS","isRenderEnabled":false,"rotationMatrix":[0.76114136,-0.648585975,0,0.648585975,0.76114136,0,0,0,1],"shapeName":"/levels/west_coast_usa/art/shapes/buildings/guardhouse.dae","useInstanceRenderData":true}
{"class":"TSStatic","persistentId":"8fadf831-e1cb-4a23-8e56-8526e8d86576","__parent":"movie_studio","position":[-817.027527,-567.104309,100.515816],"annotation":"BUILDINGS","isRenderEnabled":false,"rotationMatrix":[0.749182701,-0.66236341,0,0.66236341,0.749182701,0,0,0,1],"shapeName":"/levels/west_coast_usa/art/shapes/buildings/guardhouse.dae","useInstanceRenderData":true}
{"class":"TSStatic","persistentId":"316436a2-38c5-4514-83bd-84aaea1fa4b8","__parent":"movie_studio","position":[-757.545044,-573.871155,101.439606],"annotation":"BUILDINGS","isRenderEnabled":false,"rotationMatrix":[-0.670325875,0.742066562,0,-0.742066562,-0.670325875,0,0,0,1],"shapeName":"/levels/west_coast_usa/art/shapes/buildings/s_building_moviestudio_delivery.dae","useInstanceRenderData":true}
{"class":"TSStatic","persistentId":"417d9253-fe84-40c3-8e7f-02018921aa85","__parent":"movie_studio","annotation":"OBSTACLES","collisionType":"Visible Mesh Final","decalType":"Visible Mesh Final","isRenderEnabled":false,"shapeName":"/levels/west_coast_usa/art/shapes/buildings/s_movie_studio_fences.dae","useInstanceRenderData":true}
{"class":"TSStatic","persistentId":"ca930bfd-6fed-4136-b5cb-36b7e63cba40","__parent":"movie_studio","annotation":"OBSTACLES","decalType":"Visible Mesh Final","isRenderEnabled":false,"shapeName":"/levels/west_coast_usa/art/shapes/buildings/s_movie_studio_flooring.dae","useInstanceRenderData":true}
{"class":"TSStatic","persistentId":"1896f481-5d4b-4cff-a8ce-ad47d96e53d3","__parent":"movie_studio","position":[-839.651428,-598.97998,104.236504],"annotation":"BUILDINGS","isRenderEnabled":false,"rotationMatrix":[-0.652480245,-0.757805526,0,0.757805526,-0.652480245,0,0,0,1],"shapeName":"/levels/west_coast_usa/art/shapes/buildings/s_building_stage_02.dae","useInstanceRenderData":true}
{"class":"TSStatic","persistentId":"0e6407a5-cad9-4643-9c38-5cd786113479","__parent":"movie_studio","position":[-805.327332,-641.892334,103.911133],"annotation":"BUILDINGS","decalType":"Visible Mesh Final","isRenderEnabled":false,"rotationMatrix":[0.638902605,0.769287527,0,-0.769287527,0.638902605,0,0,0,1],"shapeName":"/levels/west_coast_usa/art/shapes/buildings/s_building_stage_01.dae","useInstanceRenderData":true}
{"class":"TSStatic","persistentId":"ddc60afe-37db-4502-b961-1a77c8b7592e","__parent":"movie_studio","position":[-831.051208,-657.685547,104.310966],"annotation":"BUILDINGS","isRenderEnabled":false,"rotationMatrix":[-0.771999955,0.635621727,0,-0.635621727,-0.771999955,0,0,0,1],"shapeName":"/levels/west_coast_usa/art/shapes/buildings/guardhouse.dae","useInstanceRenderData":true}
{"class":"TSStatic","persistentId":"fd230edb-1058-45dc-8221-651e2f6ecb39","__parent":"movie_studio","position":[-813.985168,-608.128357,103.55114],"annotation":"BUILDINGS","isRenderEnabled":false,"rotationMatrix":[-0.772000432,0.635622561,0,-0.635622561,-0.772000432,0,0,0,1],"shapeName":"/levels/west_coast_usa/art/shapes/buildings/guardhouse.dae","useInstanceRenderData":true}
