{"name":"Amb_2D","class":"SimGroup","persistentId":"c4df5229-5b7f-43e2-8d9a-22915a00ded2","__parent":"Audio"}
{"name":"Amb_3D","class":"SimGroup","persistentId":"952e3bca-1c11-4e98-a714-9baeaa3b2ab4","__parent":"Audio"}
{"name":"Snapshots","class":"SimGroup","persistentId":"3c04b53a-abda-4fca-a473-05615904f936","__parent":"Audio"}
{"name":"Wind","class":"SimGroup","persistentId":"303848a5-acdc-4674-b348-e059dcc0cd81","__parent":"Audio"}
{"name":"Generic_Air","class":"SFXEmitter","persistentId":"40a0c918-fc64-4636-9a17-8d9b669d752d","__parent":"Audio","position":[-404.129395,118.444885,169.397598],"fadeInTime":0,"fadeOutTime":0,"is3D":false,"isLooping":false,"maxDistance":20,"rotationMatrix":[1,0,0,0,0.999999762,-0.000690533896,0,0.000690533896,0.999999762],"scale":[20,20,20],"track":"event:>Ambient>2D>Generic_Air","useTrackDescriptionOnly":true}
{"name":"Reverb_Generic","class":"SFXEmitter","persistentId":"80119cb8-0384-489b-9b12-172c0a072252","__parent":"Audio","position":[-404.129395,118.444885,169.397598],"fadeInTime":0,"fadeOutTime":0,"is3D":false,"isLooping":false,"maxDistance":0.00999999978,"referenceDistance":0,"rotationMatrix":[1,0,0,0,0.999999762,-0.000690533896,0,0.000690533896,0.999999762],"scale":[0.00999999978,0.00999999978,0.00999999978],"track":"snapshot:>Reberb_IS_Open","useTrackDescriptionOnly":true}
{"name":"Reverb_Port","class":"SFXSpace","persistentId":"0aa478b2-de1b-4d49-844f-65d2d3c7ad87","__parent":"Audio","position":[-590.196106,-198.143372,24.9630547],"rotationMatrix":[-0.00564680528,0.999983907,0,-0.999983907,-0.00564680528,0,0,0,1],"scale":[332.863922,657.891724,165.688004],"soundAmbience":"Reverb_IS_Port"}
