{"class":"ForestWindEmitter","persistentId":"35132e0a-10d8-47a6-ac54-3f6f8523d2b2","__parent":"vegetation","position":[-77.7248993,204.464996,104.431],"gustYawFrequency":0.100000001,"hasMount":"0","strength":0.200000003}
{"name":"WeedDry","class":"GroundCover","persistentId":"01720a4d-e632-4c8b-9f40-bf20cb489177","__parent":"vegetation","position":[-474.12085,192.668716,219.181213],"Types":[{"billboardUVs":[0.675779998,0.335938007,0.324220002,0.320313007],"layer":"dirt_grass","maxClumpCount":3,"minClumpCount":2,"probability":1,"sizeExponent":2,"sizeMax":0.699999988,"sizeMin":0.300000012,"windScale":0.200000003},{"billboardUVs":[0.671876013,0.667968988,0.328123987,0.324218005],"layer":"dirt_grass","maxClumpCount":3,"minClumpCount":null,"probability":1,"sizeExponent":1.5,"sizeMax":0.400000006,"sizeMin":0.200000003,"windScale":0.200000003},{"billboardUVs":[0.34375,0.339843988,0.335938007,0.316406995],"layer":"dirt_grass","maxClumpCount":3,"minClumpCount":null,"probability":1,"sizeExponent":2,"sizeMax":0.699999988,"sizeMin":0.400000006,"windScale":0.200000003},{"billboardUVs":[0.339843988,0.683593988,0.339843005,0.316406012],"layer":"dirt_grass","maxClumpCount":5,"minClumpCount":3,"probability":1,"sizeExponent":2,"sizeMax":0.400000006,"sizeMin":0.200000003,"windScale":0.200000003},{"billboardUVs":[0.683592975,0.33593899,0.253906995,0.226560995],"layer":"dirt","maxClumpCount":5,"minClumpCount":2,"probability":1,"sizeExponent":null,"sizeMax":0.5,"sizeMin":0.300000012,"windScale":0.300000012},{"billboardUVs":[0.347656012,0.359375,0.328125,0.261718988],"layer":"dirt","maxClumpCount":5,"minClumpCount":3,"probability":1,"sizeExponent":null,"sizeMax":0.5,"sizeMin":0.300000012,"windScale":0.300000012},{"billboardUVs":null,"maxClumpCount":null,"minClumpCount":null,"probability":null,"sizeExponent":null,"sizeMax":null,"sizeMin":null,"windScale":null},{"billboardUVs":null,"maxClumpCount":null,"minClumpCount":null,"probability":null,"sizeExponent":null,"sizeMax":null,"sizeMin":null,"windScale":null}],"material":"dry_grass","maxBillboardTiltAngle":40,"maxElements":480000,"radius":80,"shapeCullRadius":80,"windGustLength":1.70000005,"windGustStrength":0.200000003,"windTurbulenceFrequency":0.300000012}
{"name":"LongGrassDry","class":"GroundCover","persistentId":"0bc0fc72-7c67-4c8f-8c01-ba51ef1c1b84","__parent":"vegetation","position":[-436,176,269],"Types":[{"billboardUVs":[0.335938007,0.664065003,0.339843988,0.308591008],"clumpRadius":0.5,"layer":"Grass","maxClumpCount":5,"minClumpCount":3,"probability":0.200000003,"sizeMax":0.300000012,"sizeMin":0.100000001,"windScale":0.200000003},{"billboardUVs":[0,0.339843988,0.371093988,0.300781012],"clumpRadius":null,"layer":"Grass","maxClumpCount":4,"minClumpCount":3,"probability":0.5,"sizeMax":0.400000006,"sizeMin":0.200000003,"windScale":0.200000003},{"billboardUVs":[0,0.671875,0.34375,0.308593988],"clumpRadius":null,"layer":"Grass","maxClumpCount":4,"minClumpCount":3,"probability":0.200000003,"sizeMax":0.400000006,"sizeMin":0.200000003,"windScale":0.200000003},{"billboardUVs":[0,0.335936993,0.332031012,0.320313007],"clumpRadius":2,"layer":"dirt","maxClumpCount":6,"minClumpCount":3,"probability":1,"sizeMax":0.899999976,"sizeMin":0.5,"windScale":0.200000003},{"billboardUVs":[0.347656012,0.332031012,0.34375,0.324220002],"clumpRadius":null,"layer":"dirt_grass","maxClumpCount":6,"minClumpCount":2,"probability":1,"sizeMax":0.699999988,"sizeMin":0.400000006,"windScale":0.300000012},{"billboardUVs":[0.371093988,0.335936993,0.308593988,0.3125],"clumpRadius":0.5,"layer":"Grass","maxClumpCount":5,"minClumpCount":3,"probability":1,"sizeMax":0.400000006,"sizeMin":0.200000003,"windScale":0.300000012},{"billboardUVs":null,"clumpRadius":null,"maxClumpCount":null,"minClumpCount":null,"probability":null,"sizeMax":null,"sizeMin":null,"windScale":null},{"billboardUVs":null,"clumpRadius":null,"maxClumpCount":null,"minClumpCount":null,"probability":null,"sizeMax":null,"sizeMin":null,"windScale":null}],"gridSize":6,"material":"dry_grass","maxBillboardTiltAngle":40,"maxElements":350000,"radius":80,"seed":2,"shapeCullRadius":80,"windGustLength":1.70000005,"windGustStrength":0.200000003,"windTurbulenceFrequency":0.300000012}
{"name":"WetWeed","class":"GroundCover","persistentId":"1f146555-f910-48b9-a4ba-ae0ae32d4df1","__parent":"vegetation","position":[307.759949,-164.48671,169.431427],"Types":[{"billboardUVs":[0,0.324218988,0.648437977,0.667967975],"clumpExponent":2,"clumpRadius":null,"layer":"dirt_loose","maxClumpCount":2,"minClumpCount":null,"probability":1,"sizeExponent":null,"sizeMax":1.5,"sizeMin":0.899999976,"windScale":0.200000003},{"billboardUVs":[0,0,0.34375,0.3125],"clumpExponent":null,"clumpRadius":null,"layer":"dirt_loose","maxClumpCount":5,"minClumpCount":2,"probability":1.5,"sizeExponent":null,"sizeMax":1.39999998,"sizeMin":0.800000012,"windScale":0.200000003},{"billboardUVs":[0.285156012,0.0273438003,0.433593988,0.324218988],"clumpExponent":null,"clumpRadius":null,"layer":"dirt_loose","maxClumpCount":6,"minClumpCount":3,"probability":null,"sizeExponent":null,"sizeMax":1.20000005,"sizeMin":0.899999976,"windScale":0.200000003},{"billboardUVs":[0.511718988,0,0.160155997,0.171875],"clumpExponent":null,"clumpRadius":3,"layer":"Grass2","maxClumpCount":6,"minClumpCount":3,"probability":null,"sizeExponent":null,"sizeMax":0.600000024,"sizeMin":0.300000012,"windScale":0.200000003},{"billboardUVs":[0.0585935004,0.015625,0.222656995,0.191405997],"clumpExponent":null,"clumpRadius":null,"layer":"Grass2","maxClumpCount":5,"minClumpCount":2,"probability":null,"sizeExponent":null,"sizeMax":0.800000012,"sizeMin":0.5,"windScale":0.200000003},{"billboardUVs":[0,0.589843988,0.285156012,0.257813007],"clumpExponent":null,"clumpRadius":null,"layer":"dirt_grass","maxClumpCount":3,"minClumpCount":2,"probability":null,"sizeExponent":2,"sizeMax":0.800000012,"sizeMin":0.5,"windScale":0.200000003},{"billboardUVs":[0.046875,0,0.234375,0.273438007],"clumpExponent":null,"clumpRadius":null,"layer":"dirt_grass","maxClumpCount":5,"minClumpCount":4,"probability":null,"sizeExponent":2,"sizeMax":0.699999988,"sizeMin":0.400000006,"windScale":null},{"billboardUVs":null,"clumpExponent":null,"clumpRadius":null,"maxClumpCount":null,"minClumpCount":null,"probability":null,"sizeExponent":null,"sizeMax":null,"sizeMin":null,"windScale":null}],"dissolveRadius":60,"gridSize":5,"material":"GrassMix","maxBillboardTiltAngle":40,"maxElements":350000,"radius":100,"seed":3,"shapeCullRadius":100,"windGustLength":1.70000005,"windGustStrength":0.200000003,"windTurbulenceFrequency":0.300000012}
{"name":"WetWeed1","class":"GroundCover","persistentId":"427b7739-2f0f-4ae0-82d2-e4c3d6633fb6","__parent":"vegetation","position":[458.989868,109.439621,173.384247],"Types":[{"billboardUVs":[0.371091992,0.250001997,0.628907979,0.667966008],"clumpExponent":null,"clumpRadius":null,"layer":"dirt_loose","maxClumpCount":5,"minClumpCount":3,"probability":1,"sizeExponent":null,"sizeMax":1.29999995,"sizeMin":0.800000012,"windScale":0.200000003},{"billboardUVs":[0,0.585937977,0.332031012,0.332031012],"clumpExponent":3,"clumpRadius":0.5,"layer":"Grass2","maxClumpCount":3,"minClumpCount":2,"probability":null,"sizeExponent":null,"sizeMax":null,"sizeMin":0.699999988,"windScale":0.200000003},{"billboardUVs":[0.253906012,0.527343988,0.417968988,0.414063007],"clumpExponent":2,"clumpRadius":0.100000001,"layer":"Grass2","maxClumpCount":4,"minClumpCount":3,"probability":null,"sizeExponent":null,"sizeMax":null,"sizeMin":0.699999988,"windScale":0.200000003},{"billboardUVs":[0.511718988,0,0.160155997,0.171875],"clumpExponent":null,"clumpRadius":3,"layer":"Grass2","maxClumpCount":6,"minClumpCount":3,"probability":null,"sizeExponent":null,"sizeMax":0.600000024,"sizeMin":0.300000012,"windScale":0.200000003},{"billboardUVs":[0.0585935004,0.015625,0.222656995,0.191405997],"clumpExponent":null,"clumpRadius":null,"layer":"Grass2","maxClumpCount":5,"minClumpCount":2,"probability":null,"sizeExponent":null,"sizeMax":0.800000012,"sizeMin":0.5,"windScale":0.200000003},{"billboardUVs":[0,0.589843988,0.285156012,0.257813007],"clumpExponent":null,"clumpRadius":null,"layer":"dirt_grass","maxClumpCount":3,"minClumpCount":2,"probability":null,"sizeExponent":2,"sizeMax":0.800000012,"sizeMin":0.5,"windScale":0.200000003},{"billboardUVs":[0.046875,0,0.234375,0.273438007],"clumpExponent":null,"clumpRadius":null,"layer":"dirt_grass","maxClumpCount":5,"minClumpCount":4,"probability":null,"sizeExponent":2,"sizeMax":0.699999988,"sizeMin":0.400000006,"windScale":null},{"billboardUVs":null,"clumpExponent":null,"clumpRadius":null,"maxClumpCount":null,"minClumpCount":null,"probability":null,"sizeExponent":null,"sizeMax":null,"sizeMin":null,"windScale":null}],"dissolveRadius":60,"gridSize":4,"material":"GrassMix","maxBillboardTiltAngle":40,"maxElements":150000,"radius":100,"seed":4,"shapeCullRadius":100,"windGustLength":1.70000005,"windGustStrength":0.200000003,"windTurbulenceFrequency":0.300000012}
{"name":"SmallGrass","class":"GroundCover","persistentId":"470d9c80-0a31-4a0c-bf5f-36f125022623","__parent":"vegetation","position":[514,226,155],"Types":[{"billboardUVs":[0.496093988,0,0.503906012,0.47656101],"clumpRadius":2,"layer":"Grass","maxClumpCount":6,"minClumpCount":null,"probability":0.699999988,"sizeMax":0.699999988,"sizeMin":0.5,"windScale":0.200000003},{"billboardUVs":[0,0,0.507812023,0.488281012],"clumpRadius":null,"layer":"Grass","maxClumpCount":4,"minClumpCount":2,"probability":0.200000003,"sizeMax":0.699999988,"sizeMin":0.5,"windScale":0.200000003},{"billboardUVs":[0,0.50781101,0.5,0.49218899],"clumpRadius":null,"layer":"Grass","maxClumpCount":4,"minClumpCount":3,"probability":0.200000003,"sizeMax":0.5,"sizeMin":0.400000006,"windScale":0.200000003},{"billboardUVs":[0.5,0.503906012,0.5,0.496093988],"clumpRadius":0.5,"layer":"Grass","maxClumpCount":6,"minClumpCount":3,"probability":0.5,"sizeMax":0.5,"sizeMin":0.400000006,"windScale":0.200000003},{"billboardUVs":[0,0.585937023,0.496093988,0.332029998],"clumpRadius":null,"layer":"dirt_grass","maxClumpCount":6,"minClumpCount":5,"probability":0.200000003,"sizeMax":0.5,"sizeMin":0.300000012,"windScale":0.300000012},{"billboardUVs":[0,0.113280997,0.511718988,0.378906012],"clumpRadius":null,"layer":"dirt_grass","maxClumpCount":3,"minClumpCount":2,"probability":0.200000003,"sizeMax":0.5,"sizeMin":0.300000012,"windScale":0.300000012},{"billboardUVs":null,"clumpRadius":null,"maxClumpCount":null,"minClumpCount":null,"probability":null,"sizeMax":null,"sizeMin":null,"windScale":null},{"billboardUVs":null,"clumpRadius":null,"maxClumpCount":null,"minClumpCount":null,"probability":null,"sizeMax":null,"sizeMin":null,"windScale":null}],"dissolveRadius":25,"gridSize":8,"material":"GrassMiddle","maxBillboardTiltAngle":40,"maxElements":600000,"radius":50,"seed":5,"shapeCullRadius":50,"windGustLength":1.70000005,"windGustStrength":0.200000003,"windTurbulenceFrequency":0.300000012}
{"name":"Flower","class":"GroundCover","persistentId":"5ab314da-30b6-4e9f-9626-5e4f1888ecca","__parent":"vegetation","position":[316.130005,227.626007,123.824997],"Types":[{"billboardUVs":[0,0,0.191406995,0.183593005],"clumpExponent":null,"clumpRadius":1.20000005,"layer":"Grass","maxClumpCount":4,"minClumpCount":2,"probability":1,"sizeExponent":2,"sizeMax":0.449999988,"sizeMin":0.25,"windScale":0.200000003},{"billboardUVs":[0.132811993,0.136719003,0.203125,0.183594003],"clumpExponent":null,"clumpRadius":1.5,"layer":"Grass","maxClumpCount":4,"minClumpCount":2,"probability":0.100000001,"sizeExponent":null,"sizeMax":0.600000024,"sizeMin":0.300000012,"windScale":0.200000003},{"billboardUVs":[0.40625,0.632812023,0.59375,0.367188007],"clumpExponent":2,"clumpRadius":0.100000001,"layer":"Grass2","maxClumpCount":4,"minClumpCount":3,"probability":null,"sizeExponent":null,"sizeMax":null,"sizeMin":0.699999988,"windScale":0.200000003},{"billboardUVs":[0.511718988,0,0.160155997,0.171875],"clumpExponent":null,"clumpRadius":3,"layer":"Grass2","maxClumpCount":6,"minClumpCount":3,"probability":null,"sizeExponent":null,"sizeMax":0.600000024,"sizeMin":0.300000012,"windScale":0.200000003},{"billboardUVs":[0,0,0.585937977,0.417968988],"clumpExponent":null,"clumpRadius":null,"layer":"Grass2","maxClumpCount":5,"minClumpCount":2,"probability":null,"sizeExponent":null,"sizeMax":0.800000012,"sizeMin":0.5,"windScale":0.200000003},{"billboardUVs":null,"clumpExponent":null,"clumpRadius":null,"maxClumpCount":null,"minClumpCount":null,"probability":null,"sizeExponent":null,"sizeMax":null,"sizeMin":null,"windScale":null},{"billboardUVs":null,"clumpExponent":null,"clumpRadius":null,"maxClumpCount":null,"minClumpCount":null,"probability":null,"sizeExponent":null,"sizeMax":null,"sizeMin":null,"windScale":null},{"billboardUVs":null,"clumpExponent":null,"clumpRadius":null,"maxClumpCount":null,"minClumpCount":null,"probability":null,"sizeExponent":null,"sizeMax":null,"sizeMin":null,"windScale":null}],"dissolveRadius":60,"gridSize":3,"material":"dry_grass","maxBillboardTiltAngle":40,"maxElements":85000,"radius":100,"seed":6,"shapeCullRadius":100,"windGustLength":1.70000005,"windGustStrength":0.200000003,"windTurbulenceFrequency":0.300000012}
{"name":"Weed1","class":"GroundCover","persistentId":"5aefae4c-ecf9-4781-9424-a0319a31e57b","__parent":"vegetation","position":[-447,232,279],"Types":[{"billboardUVs":[0.671873987,0,0.328126013,0.300781995],"clumpRadius":1.5,"layer":"Forest","maxClumpCount":3,"minClumpCount":null,"probability":0.100000001,"sizeExponent":2,"sizeMax":0.899999976,"sizeMin":0.600000024,"windScale":0.200000003},{"billboardUVs":[0.671876013,0,0.328123987,0.214843005],"clumpRadius":4,"layer":"forest_floor","maxClumpCount":5,"minClumpCount":3,"probability":1,"sizeExponent":1.5,"sizeMax":0.800000012,"sizeMin":0.400000006,"windScale":0.200000003},{"billboardUVs":[0.339843988,0,0.335938007,0.316406995],"clumpRadius":3,"layer":"forest_floor","maxClumpCount":4,"minClumpCount":2,"probability":1,"sizeExponent":2,"sizeMax":0.699999988,"sizeMin":0.400000006,"windScale":0.200000003},{"billboardUVs":[0.691407025,0,0.308593005,0.199219003],"clumpRadius":null,"layer":"Forest","maxClumpCount":5,"minClumpCount":3,"probability":0.300000012,"sizeExponent":2,"sizeMax":0.800000012,"sizeMin":0.600000024,"windScale":0.200000003},{"billboardUVs":[0.328123987,0,0.355468988,0.30468601],"clumpRadius":null,"layer":"Forest","maxClumpCount":5,"minClumpCount":2,"probability":0.300000012,"sizeExponent":null,"sizeMax":0.800000012,"sizeMin":0.600000024,"windScale":0.300000012},{"billboardUVs":null,"clumpRadius":null,"maxClumpCount":null,"minClumpCount":null,"probability":null,"sizeExponent":null,"sizeMax":null,"sizeMin":null,"windScale":null},{"billboardUVs":null,"clumpRadius":null,"maxClumpCount":null,"minClumpCount":null,"probability":null,"sizeExponent":null,"sizeMax":null,"sizeMin":null,"windScale":null},{"billboardUVs":null,"clumpRadius":null,"maxClumpCount":null,"minClumpCount":null,"probability":null,"sizeExponent":null,"sizeMax":null,"sizeMin":null,"windScale":null}],"dissolveRadius":70,"gridSize":6,"material":"dry_grass","maxBillboardTiltAngle":40,"maxElements":350000,"radius":90,"seed":7,"windGustLength":1.70000005,"windGustStrength":0.200000003,"windTurbulenceFrequency":0.300000012}
{"name":"SmallGrass2","class":"GroundCover","persistentId":"831cbcd0-2a14-424e-8f88-6dda8e65faaf","__parent":"vegetation","position":[-365,354,206],"Types":[{"billboardUVs":[0,0.52343899,0.503906012,0.47656101],"clumpRadius":2,"layer":"forest_floor","maxClumpCount":6,"minClumpCount":null,"probability":null,"sizeMax":0.5,"sizeMin":0.300000012,"windScale":0.200000003},{"billboardUVs":[0,0,0.507812023,0.488281012],"clumpRadius":null,"layer":"Grass2","maxClumpCount":4,"minClumpCount":2,"probability":1,"sizeMax":0.5,"sizeMin":0.300000012,"windScale":0.200000003},{"billboardUVs":[0,0.50781101,0.5,0.49218899],"clumpRadius":null,"layer":"Grass2","maxClumpCount":4,"minClumpCount":3,"probability":0.200000003,"sizeMax":0.300000012,"sizeMin":0.200000003,"windScale":0.200000003},{"billboardUVs":[0.5,0.503906012,0.5,0.496093988],"clumpRadius":0.5,"layer":"Grass2","maxClumpCount":6,"minClumpCount":3,"probability":null,"sizeMax":0.300000012,"sizeMin":0.200000003,"windScale":0.200000003},{"billboardUVs":[0,0.507812977,0.492188007,0.492186993],"clumpRadius":null,"layer":"Grass2","maxClumpCount":6,"minClumpCount":5,"probability":null,"sizeMax":0.400000006,"sizeMin":0.200000003,"windScale":0.300000012},{"billboardUVs":null,"clumpRadius":null,"maxClumpCount":null,"minClumpCount":null,"probability":null,"sizeMax":null,"sizeMin":null,"windScale":null},{"billboardUVs":null,"clumpRadius":null,"maxClumpCount":null,"minClumpCount":null,"probability":null,"sizeMax":null,"sizeMin":null,"windScale":null},{"billboardUVs":null,"clumpRadius":null,"maxClumpCount":null,"minClumpCount":null,"probability":null,"sizeMax":null,"sizeMin":null,"windScale":null}],"dissolveRadius":30,"gridSize":6,"material":"GrassMiddle","maxBillboardTiltAngle":40,"maxElements":350000,"radius":50,"seed":8,"shapeCullRadius":50,"windGustLength":1.70000005,"windGustStrength":0.200000003,"windTurbulenceFrequency":0.300000012}
{"name":"WeedDry1","class":"GroundCover","persistentId":"8b86ecd3-c12f-4107-b993-20bd48d34ea0","__parent":"vegetation","position":[-562.831543,136.429214,241.314224],"Types":[{"billboardUVs":[0.675779998,0.335938007,0.324220002,0.292968988],"clumpRadius":2.5,"layer":"Grass","maxClumpCount":3,"minClumpCount":2,"probability":1,"sizeExponent":2,"sizeMax":0.699999988,"sizeMin":0.300000012,"windScale":0.200000003},{"billboardUVs":[0.671876013,0.667968988,0.328123987,0.296873987],"clumpRadius":2.5,"layer":"Grass","maxClumpCount":3,"minClumpCount":null,"probability":1,"sizeExponent":1.5,"sizeMax":0.400000006,"sizeMin":0.200000003,"windScale":0.200000003},{"billboardUVs":[0.34375,0.339843988,0.335938007,0.316406995],"clumpRadius":null,"layer":"dirt_grass","maxClumpCount":3,"minClumpCount":null,"probability":null,"sizeExponent":2,"sizeMax":0.699999988,"sizeMin":0.400000006,"windScale":0.200000003},{"billboardUVs":[0.339843988,0.683593988,0.339843005,0.316406012],"clumpRadius":null,"layer":"dirt_grass","maxClumpCount":5,"minClumpCount":3,"probability":null,"sizeExponent":2,"sizeMax":0.400000006,"sizeMin":0.200000003,"windScale":0.200000003},{"billboardUVs":[0.683592975,0.33593899,0.316406995,0.312498987],"clumpRadius":null,"layer":"dirt_grass","maxClumpCount":5,"minClumpCount":2,"probability":null,"sizeExponent":null,"sizeMax":0.5,"sizeMin":0.300000012,"windScale":0.300000012},{"billboardUVs":null,"clumpRadius":null,"maxClumpCount":null,"minClumpCount":null,"probability":null,"sizeExponent":null,"sizeMax":null,"sizeMin":null,"windScale":null},{"billboardUVs":null,"clumpRadius":null,"maxClumpCount":null,"minClumpCount":null,"probability":null,"sizeExponent":null,"sizeMax":null,"sizeMin":null,"windScale":null},{"billboardUVs":null,"clumpRadius":null,"maxClumpCount":null,"minClumpCount":null,"probability":null,"sizeExponent":null,"sizeMax":null,"sizeMin":null,"windScale":null}],"dissolveRadius":60,"gridSize":4,"material":"dry_grass","maxBillboardTiltAngle":40,"maxElements":150000,"radius":100,"seed":9,"shapeCullRadius":100,"windGustLength":1.70000005,"windGustStrength":0.200000003,"windTurbulenceFrequency":0.300000012}
{"name":"Nettles","class":"GroundCover","persistentId":"c907522d-b532-4005-8e16-73438fcb2268","__parent":"vegetation","position":[-178.386963,277.954895,204.750473],"Types":[{"billboardUVs":[0.359375,0.128905997,0.269531012,0.242186993],"clumpRadius":1.5,"layer":"forest_floor","maxClumpCount":4,"minClumpCount":2,"probability":1,"sizeMax":0.699999988,"sizeMin":0.5,"windScale":0.0500000007},{"billboardUVs":[0.355468988,0.125000998,0.273438007,0.242185995],"clumpRadius":1.5,"layer":"forest_floor","maxClumpCount":5,"minClumpCount":null,"probability":0.699999988,"sizeMax":1.10000002,"sizeMin":0.699999988,"windScale":0.0500000007},{"billboardUVs":[0.355468988,0.128904998,0.277343988,0.234375998],"clumpRadius":1.5,"layer":"Forest","maxClumpCount":4,"minClumpCount":2,"probability":0.200000003,"sizeMax":0.699999988,"sizeMin":0.5,"windScale":0.0500000007},{"billboardUVs":[0.335936993,0.375,0.32031101,0.308593988],"clumpRadius":1.5,"layer":"Forest","maxClumpCount":5,"minClumpCount":null,"probability":0.100000001,"sizeMax":null,"sizeMin":0.699999988,"windScale":0.0500000007},{"billboardUVs":[0,0.710937023,0.160156995,0.191406995],"clumpRadius":3,"layer":"dirt_grass","maxClumpCount":2,"minClumpCount":null,"probability":null,"sizeMax":0.800000012,"sizeMin":0.600000024,"windScale":0.0500000007},{"billboardUVs":null,"clumpRadius":null,"maxClumpCount":null,"minClumpCount":null,"probability":null,"sizeMax":null,"sizeMin":null,"windScale":null},{"billboardUVs":null,"clumpRadius":null,"maxClumpCount":null,"minClumpCount":null,"probability":null,"sizeMax":null,"sizeMin":null,"windScale":null},{"billboardUVs":null,"clumpRadius":null,"maxClumpCount":null,"minClumpCount":null,"probability":null,"sizeMax":null,"sizeMin":null,"windScale":null}],"dissolveRadius":60,"material":"Groundcover_spring","maxBillboardTiltAngle":40,"maxElements":480000,"radius":100,"seed":10,"shapeCullRadius":100,"windGustFrequency":10,"windTurbulenceFrequency":0.300000012,"windTurbulenceStrength":0.600000024}
{"name":"LongGrass","class":"GroundCover","persistentId":"dea8cf9f-2b78-4bc6-99ae-1d619c4daa60","__parent":"vegetation","position":[-367.135498,107.813599,204.559265],"Types":[{"billboardUVs":[0,0.117187999,0.507812023,0.347654015],"clumpRadius":2,"layer":"Grass2","maxClumpCount":3,"minClumpCount":2,"probability":1.20000005,"sizeMax":0.699999988,"sizeMin":0.400000006,"windScale":0.200000003},{"billboardUVs":[0.484375,0.621093988,0.515625,0.363281012],"clumpRadius":2,"layer":"Grass2","maxClumpCount":3,"minClumpCount":2,"probability":1,"sizeMax":0.600000024,"sizeMin":0.300000012,"windScale":0.200000003},{"billboardUVs":[0,0.578125,0.503906012,0.414063007],"clumpRadius":2,"layer":"Grass2","maxClumpCount":5,"minClumpCount":4,"probability":0.200000003,"sizeMax":null,"sizeMin":0.699999988,"windScale":0.200000003},{"billboardUVs":[0.00390625,0.0625,0.480468005,0.410156012],"clumpRadius":2,"layer":"forest_floor","maxClumpCount":6,"minClumpCount":3,"probability":null,"sizeMax":0.600000024,"sizeMin":0.300000012,"windScale":0.200000003},{"billboardUVs":[0.5,0.0117188003,0.5,0.484376013],"clumpRadius":1.5,"layer":"forest_floor","maxClumpCount":6,"minClumpCount":2,"probability":null,"sizeMax":0.600000024,"sizeMin":0.300000012,"windScale":0.300000012},{"billboardUVs":[0.492186993,0.507812023,0.507812977,0.488281012],"clumpRadius":null,"layer":"Grass","maxClumpCount":4,"minClumpCount":2,"probability":null,"sizeMax":0.699999988,"sizeMin":0.300000012,"windScale":0.300000012},{"billboardUVs":null,"clumpRadius":null,"maxClumpCount":null,"minClumpCount":null,"probability":null,"sizeMax":null,"sizeMin":null,"windScale":null},{"billboardUVs":null,"clumpRadius":null,"maxClumpCount":null,"minClumpCount":null,"probability":null,"sizeMax":null,"sizeMin":null,"windScale":null}],"dissolveRadius":60,"gridSize":8,"material":"GrassDry","maxBillboardTiltAngle":40,"maxElements":600000,"radius":100,"seed":11,"shapeCullRadius":100,"windGustLength":1.70000005,"windGustStrength":0.200000003,"windTurbulenceFrequency":0.300000012}
{"name":"theForest","class":"Forest","persistentId":"1acda816-9f86-4554-9013-5eaa77f4b451","__parent":"vegetation","locked":true,"lodReflectScalar":0.150000006}
