{"name":"p_jerseybarrier_fence1","internalName":"p_jerseybarrier_fence1","class":"Prefab","persistentId":"5799ccd4-ed2c-4ec7-9231-307c3b75e026","__parent":"port","position":[421.59024,1737.68506,74.6383591],"filename":"/levels/west_coast_usa/art/prefabs/p_jerseybarrier_fence.prefab.json","rotationMatrix":[-0.99987781,-0.0154303452,-0.00246462738,0.0154262604,-0.999879599,0.00166787137,-0.00249006646,0.0016296478,0.999995589]}
{"name":"p_jerseybarrier_fence3","internalName":"p_jerseybarrier_fence3","class":"Prefab","persistentId":"1fe4d1b8-d830-414e-bc0a-b640fd4cf06b","__parent":"port","position":[421.668396,1734.63916,74.6384048],"filename":"/levels/west_coast_usa/art/prefabs/p_jerseybarrier_fence.prefab.json","rotationMatrix":[-0.999316752,-0.0369524993,-0.000680754601,0.036958769,-0.999147236,-0.0184067152,0,-0.0184192993,0.999830246]}
{"name":"p_jerseybarrier_fence4","internalName":"p_jerseybarrier_fence4","class":"Prefab","persistentId":"fe6875dc-e462-4feb-81c7-7988345f33fe","__parent":"port","position":[421.794098,1731.56458,74.6387405],"filename":"/levels/west_coast_usa/art/prefabs/p_jerseybarrier_fence.prefab.json","rotationMatrix":[-0.996665239,-0.081555672,-0.00269423076,0.0815555081,-0.996668935,0.000168503117,-0.0026989982,-5.17881817e-05,0.999996364]}
{"name":"p_jerseybarrier_fence5","internalName":"p_jerseybarrier_fence5","class":"Prefab","persistentId":"6c12c14d-c56e-46a3-a4af-c50fed52d5e8","__parent":"port","position":[422.040771,1728.5094,74.6392593],"filename":"/levels/west_coast_usa/art/prefabs/p_jerseybarrier_fence.prefab.json","rotationMatrix":[-0.996818662,-0.0796437636,-0.00306034251,0.0796436444,-0.996823311,0.000158617579,-0.00306325383,-8.56238912e-05,0.999995291]}
{"name":"p_jerseybarrier_fence6","internalName":"p_jerseybarrier_fence6","class":"Prefab","persistentId":"64a3d771-cfb1-4ce8-912c-0339547de731","__parent":"port","position":[422.279388,1725.46863,74.6397171],"filename":"/levels/west_coast_usa/art/prefabs/p_jerseybarrier_fence.prefab.json","rotationMatrix":[-0.996898651,-0.0786228701,-0.00338486326,0.0786228105,-0.996904373,0.00015012738,-0.00338618853,-0.000116465657,0.999994278]}
{"name":"p_jerseybarrier_fence7","internalName":"p_jerseybarrier_fence7","class":"Prefab","persistentId":"8cd67d1a-2658-4d39-9e8d-3dae97db8cef","__parent":"port","position":[422.508118,1722.42712,74.6401215],"filename":"/levels/west_coast_usa/art/prefabs/p_jerseybarrier_fence.prefab.json","rotationMatrix":[-0.997087717,-0.0727542713,-0.0228634272,0.0724861845,-0.997292995,0.0123445773,-0.023699658,0.0106513454,0.999662399]}
{"name":"p_jerseybarrier_fence8","internalName":"p_jerseybarrier_fence8","class":"Prefab","persistentId":"bf0c3d39-7dba-42e9-9760-6ae9993a8f46","__parent":"port","position":[422.700989,1719.38342,74.6304245],"filename":"/levels/west_coast_usa/art/prefabs/p_jerseybarrier_fence.prefab.json","rotationMatrix":[-0.998099566,-0.061402712,-0.005174038,0.0614730604,-0.997999549,-0.0147580588,-0.00425750297,-0.0150480783,0.999877691]}
{"name":"p_jerseybarrier_fence9","internalName":"p_jerseybarrier_fence9","class":"Prefab","persistentId":"6a1e357e-cfa0-4dba-8e76-00a3574fe30a","__parent":"port","position":[422.85199,1716.33691,74.6329651],"filename":"/levels/west_coast_usa/art/prefabs/p_jerseybarrier_fence.prefab.json","rotationMatrix":[-0.999047637,-0.0432531983,-0.00573845021,0.0432450995,-0.999063373,0.00152779045,-0.00579915661,0.00127817574,0.999982357]}
{"name":"p_jerseybarrier_fence10","internalName":"p_jerseybarrier_fence10","class":"Prefab","persistentId":"bd3d2ccb-b52d-46cc-89eb-280e58f5c46d","__parent":"port","position":[422.983063,1713.28955,74.6377716],"filename":"/levels/west_coast_usa/art/prefabs/p_jerseybarrier_fence.prefab.json","rotationMatrix":[-0.999174476,-0.0404433422,-0.00381033449,0.0404296108,-0.999175787,0.00361503987,-0.00395339867,0.00345800538,0.999986231]}
{"name":"p_jerseybarrier_fence11","internalName":"p_jerseybarrier_fence11","class":"Prefab","persistentId":"0f443e18-f667-4511-b736-dbe9069cfbfc","__parent":"port","position":[423.106384,1710.24194,74.6493301],"filename":"/levels/west_coast_usa/art/prefabs/p_jerseybarrier_fence.prefab.json","rotationMatrix":[-0.999165297,-0.0408455394,-0.000752495835,0.0408435948,-0.999162674,0.00244431547,-0.000851705088,0.00241154036,0.999996722]}
{"name":"p_jerseybarrier_fence12","internalName":"p_jerseybarrier_fence12","class":"Prefab","persistentId":"87d346a9-10fa-45e2-811d-fb6d48c250d6","__parent":"port","position":[423.230957,1707.19421,74.6567154],"filename":"/levels/west_coast_usa/art/prefabs/p_jerseybarrier_fence.prefab.json","rotationMatrix":[-0.99915576,-0.0408322811,0.00451126834,0.0408435911,-0.999162436,0.0024443157,0.00440768385,0.00262650847,0.999986827]}
{"name":"p_jerseybarrier_fence13","internalName":"p_jerseybarrier_fence13","class":"Prefab","persistentId":"a16b02b9-39c8-41e7-957c-f001f78795f2","__parent":"port","position":[423.35495,1704.14661,74.6809769],"filename":"/levels/west_coast_usa/art/prefabs/p_jerseybarrier_fence.prefab.json","rotationMatrix":[-0.999120951,-0.0405176878,0.0107441414,0.0406021848,-0.99914515,0.00776654901,0.010420274,0.0081959581,0.999912143]}
{"name":"p_jerseybarrier_fence14","internalName":"p_jerseybarrier_fence14","class":"Prefab","persistentId":"cfac539f-b2f8-4cd9-be89-d258359c1838","__parent":"port","position":[423.477875,1701.099,74.6952362],"filename":"/levels/west_coast_usa/art/prefabs/p_jerseybarrier_fence.prefab.json","rotationMatrix":[-0.999201059,-0.0396738946,0.00482445909,0.0396872684,-0.99920845,0.00270790281,0.00471320702,0.00289720902,0.999984682]}
{"name":"p_jerseybarrier_fence15","internalName":"p_jerseybarrier_fence15","class":"Prefab","persistentId":"13e649d8-8ec8-4913-9671-08efc0459765","__parent":"port","position":[423.598907,1698.05127,74.7035675],"filename":"/levels/west_coast_usa/art/prefabs/p_jerseybarrier_fence.prefab.json","rotationMatrix":[-0.999199867,-0.0396731161,0.00509494217,0.0396872722,-0.999208689,0.00270790281,0.00498347869,0.00290794019,0.99998337]}
{"name":"p_jerseybarrier_fence16","internalName":"p_jerseybarrier_fence16","class":"Prefab","persistentId":"ca4776a6-d434-48b5-9e48-fd2b251b10d5","__parent":"port","position":[423.721527,1695.00354,74.7129669],"filename":"/levels/west_coast_usa/art/prefabs/p_jerseybarrier_fence.prefab.json","rotationMatrix":[-0.999163985,-0.0403836705,0.00636016717,0.0404017232,-0.99917984,0.00273566041,0.00624447456,0.00299033523,0.999976039]}
{"name":"p_jerseybarrier_fence17","internalName":"p_jerseybarrier_fence17","class":"Prefab","persistentId":"b455cb96-f1ff-4894-a145-f48c6b89b256","__parent":"port","position":[423.845276,1691.95581,74.7199783],"filename":"/levels/west_coast_usa/art/prefabs/p_jerseybarrier_fence.prefab.json","rotationMatrix":[-0.999040604,-0.0429921113,0.00832569692,0.0429633223,-0.999070048,-0.00360626192,0.00847299676,-0.00324510294,0.999958813]}
{"name":"p_jerseybarrier_fence18","internalName":"p_jerseybarrier_fence18","class":"Prefab","persistentId":"22337c57-f46e-43bd-90d4-bcfd2a133d1c","__parent":"port","position":[423.976349,1688.90845,74.715332],"filename":"/levels/west_coast_usa/art/prefabs/p_jerseybarrier_fence.prefab.json","rotationMatrix":[-0.99887383,-0.0430270508,0.019993091,0.042963326,-0.999070168,-0.00360626192,0.0201296676,-0.0027432309,0.999793589]}
{"name":"p_jerseybarrier_fence19","internalName":"p_jerseybarrier_fence19","class":"Prefab","persistentId":"965f3f56-480c-4c6f-b43b-31e85951658a","__parent":"port","position":[424.117828,1685.86157,74.6868134],"filename":"/levels/west_coast_usa/art/prefabs/p_jerseybarrier_fence.prefab.json","rotationMatrix":[-0.998676538,-0.0488385856,0.0161281154,0.048733063,-0.998788238,-0.0068724528,0.0164442137,-0.00607738458,0.999846339]}
{"name":"p_jerseybarrier_fence20","internalName":"p_jerseybarrier_fence20","class":"Prefab","persistentId":"5d0aaf43-3625-4dda-bfdb-d4beb8ff6700","__parent":"port","position":[424.272644,1682.81543,74.6745987],"filename":"/levels/west_coast_usa/art/prefabs/p_jerseybarrier_fence.prefab.json","rotationMatrix":[-0.998530746,-0.0540365875,0.0040665539,0.054023996,-0.998534679,-0.00314445444,0.00423051044,-0.00292014261,0.999986768]}
{"name":"p_jerseybarrier_fence21","internalName":"p_jerseybarrier_fence21","class":"Prefab","persistentId":"4dd91bb0-1536-44c6-b3a9-f9a2d739c1c2","__parent":"port","position":[424.437622,1679.76965,74.6650085],"filename":"/levels/west_coast_usa/art/prefabs/p_jerseybarrier_fence.prefab.json","rotationMatrix":[-0.998527884,-0.0542035401,-0.00197840482,0.0542060211,-0.998528957,-0.00122457684,-0.00190911826,-0.0013300156,0.999997318]}
{"name":"p_jerseybarrier_fence22","internalName":"p_jerseybarrier_fence22","class":"Prefab","persistentId":"ce1b3125-32dd-4331-be6e-bc810d662ae5","__parent":"port","position":[424.598602,1676.72375,74.6640625],"filename":"/levels/west_coast_usa/art/prefabs/p_jerseybarrier_fence.prefab.json","rotationMatrix":[-0.998792887,-0.0490755104,-0.00212744996,0.0490755551,-0.998795152,3.16480327e-05,-0.00212643947,-7.27959414e-05,0.999997735]}
{"name":"p_jerseybarrier_fence23","internalName":"p_jerseybarrier_fence23","class":"Prefab","persistentId":"dfb37e23-b2c2-4c6f-88d9-e022fb66410d","__parent":"port","position":[424.746582,1673.67712,74.6643753],"filename":"/levels/west_coast_usa/art/prefabs/p_jerseybarrier_fence.prefab.json","rotationMatrix":[-0.999069571,-0.0430913456,-0.00180827221,0.0430916212,-0.99907124,-0.000114027731,-0.00180167891,-0.000191843021,0.999998331]}
{"name":"p_jerseybarrier_fence24","internalName":"p_jerseybarrier_fence24","class":"Prefab","persistentId":"9368373d-efdc-4a49-9993-7e87778b4c14","__parent":"port","position":[424.878021,1670.62976,74.664032],"filename":"/levels/west_coast_usa/art/prefabs/p_jerseybarrier_fence.prefab.json","rotationMatrix":[-0.999069095,-0.0430913009,-0.00202915003,0.0430916212,-0.999071121,-0.000114027731,-0.00202235137,-0.000201360934,0.999997914]}
{"name":"p_jerseybarrier_fence25","internalName":"p_jerseybarrier_fence25","class":"Prefab","persistentId":"02be6a33-43b5-441a-ab80-7f9d1db69665","__parent":"port","position":[425.003387,1667.58215,74.6629181],"filename":"/levels/west_coast_usa/art/prefabs/p_jerseybarrier_fence.prefab.json","rotationMatrix":[-0.999054432,-0.040271394,-0.0163884517,0.0402855203,-0.999188185,-0.000532452017,-0.0163537022,-0.00119216577,0.999865532]}
{"name":"p_jerseybarrier_fence26","internalName":"p_jerseybarrier_fence26","class":"Prefab","persistentId":"099a609f-b4da-4e5d-a6bc-0d032a85295c","__parent":"port","position":[425.126038,1664.53442,74.6609192],"filename":"/levels/west_coast_usa/art/prefabs/p_jerseybarrier_fence.prefab.json","rotationMatrix":[-0.999199748,-0.039950747,-0.00193091063,0.0399526767,-0.999201059,-0.000973264745,-0.00189048541,-0.00104963104,0.999997675]}
{"name":"p_jerseybarrier_fence27","internalName":"p_jerseybarrier_fence27","class":"Prefab","persistentId":"32c15624-2f99-4244-9e79-5e79b8a852cd","__parent":"port","position":[425.247894,1661.48669,74.657959],"filename":"/levels/west_coast_usa/art/prefabs/p_jerseybarrier_fence.prefab.json","rotationMatrix":[-0.999200702,-0.0399512574,-0.00144132588,0.0399526805,-0.999201179,-0.000973264745,-0.00140129135,-0.00103007152,0.99999851]}
{"name":"p_jerseybarrier_fence28","internalName":"p_jerseybarrier_fence28","class":"Prefab","persistentId":"1629208e-e170-4697-890c-262e55779fcc","__parent":"port","position":[425.373688,1658.43909,74.654129],"filename":"/levels/west_coast_usa/art/prefabs/p_jerseybarrier_fence.prefab.json","rotationMatrix":[-0.999120712,-0.0418476351,-0.00255986769,0.0418508612,-0.999123096,-0.00121844281,-0.00250663422,-0.00132450415,0.999996006]}
{"name":"p_jerseybarrier_fence29","internalName":"p_jerseybarrier_fence29","class":"Prefab","persistentId":"6671a3fa-2a11-4f9e-9033-94e678478de7","__parent":"port","position":[425.502869,1655.3916,74.6510925],"filename":"/levels/west_coast_usa/art/prefabs/p_jerseybarrier_fence.prefab.json","rotationMatrix":[-0.998980999,-0.0447760075,-0.00565929711,0.0447785035,-0.998996854,-0.000315363461,-0.00563949905,-0.000568456948,0.999983907]}
{"name":"p_jerseybarrier_fence30","internalName":"p_jerseybarrier_fence30","class":"Prefab","persistentId":"ece57ce1-ae2a-4dd4-9895-2ad527962339","__parent":"port","position":[425.639465,1652.34448,74.6501312],"filename":"/levels/west_coast_usa/art/prefabs/p_jerseybarrier_fence.prefab.json","rotationMatrix":[-0.99895668,-0.0447738692,-0.00898297504,0.0447785035,-0.998996854,-0.000315363432,-0.00895984471,-0.000717278686,0.999959588]}
{"name":"p_jerseybarrier_fence31","internalName":"p_jerseybarrier_fence31","class":"Prefab","persistentId":"9266a017-86e5-4d7d-be6b-e16825d6dd4c","__parent":"port","position":[425.778351,1649.29749,74.6476517],"filename":"/levels/west_coast_usa/art/prefabs/p_jerseybarrier_fence.prefab.json","rotationMatrix":[-0.998882294,-0.0461194217,-0.0103589846,0.046132423,-0.998934865,-0.00101927319,-0.0103009427,-0.00149601884,0.999945819]}
{"name":"p_jerseybarrier_fence32","internalName":"p_jerseybarrier_fence32","class":"Prefab","persistentId":"3994bebf-7270-49bb-b9e0-c6cd6972c102","__parent":"port","position":[425.919067,1646.25049,74.644928],"filename":"/levels/west_coast_usa/art/prefabs/p_jerseybarrier_fence.prefab.json","rotationMatrix":[-0.998883009,-0.0461195409,-0.0102779726,0.0461324155,-0.998934746,-0.00101927319,-0.0102200164,-0.00149228238,0.999946654]}
{"name":"p_jerseybarrier_fence33","internalName":"p_jerseybarrier_fence33","class":"Prefab","persistentId":"caa87b67-695e-40df-93a6-52a664ca3a21","__parent":"port","position":[426.061371,1643.20361,74.6415253],"filename":"/levels/west_coast_usa/art/prefabs/p_jerseybarrier_fence.prefab.json","rotationMatrix":[-0.998855472,-0.0467252508,-0.0102173034,0.0467369705,-0.998906732,-0.000910868344,-0.0101635735,-0.00138735166,0.999947369]}
{"name":"p_jerseybarrier_fence34","internalName":"p_jerseybarrier_fence34","class":"Prefab","persistentId":"38983511-0f1b-44a5-9300-5e18326a4bec","__parent":"port","position":[426.203796,1640.15686,74.6398315],"filename":"/levels/west_coast_usa/art/prefabs/p_jerseybarrier_fence.prefab.json","rotationMatrix":[-0.998835325,-0.0466396324,-0.0123502752,0.0466330834,-0.998911619,0.000818165892,-0.0123749943,0.000241281639,0.999923408]}
{"name":"p_jerseybarrier_fence2","internalName":"p_jerseybarrier_fence2","class":"Prefab","persistentId":"4145ac65-37e9-4470-ac45-6224ea038cd5","__parent":"port","position":[427.49057,1610.70776,74.6398315],"filename":"/levels/west_coast_usa/art/prefabs/p_jerseybarrier_fence.prefab.json","rotationMatrix":[-0.998835325,-0.0466396324,-0.0123502752,0.0466330834,-0.998911619,0.000818165892,-0.0123749943,0.000241281639,0.999923408]}
{"name":"p_jerseybarrier_fence35","internalName":"p_jerseybarrier_fence35","class":"Prefab","persistentId":"ff2d4ee1-5f04-4d22-b687-08972cab9239","__parent":"port","position":[427.632019,1607.67749,74.6423187],"filename":"/levels/west_coast_usa/art/prefabs/p_jerseybarrier_fence.prefab.json","rotationMatrix":[-0.998835325,-0.0466396324,-0.0123502752,0.0466330834,-0.998911619,0.000818165892,-0.0123749943,0.000241281639,0.999923408]}
{"name":"p_jerseybarrier_fence36","internalName":"p_jerseybarrier_fence36","class":"Prefab","persistentId":"d8cff245-40fc-487c-9be3-ba8c638560c6","__parent":"port","position":[427.773254,1604.65125,74.6447983],"filename":"/levels/west_coast_usa/art/prefabs/p_jerseybarrier_fence.prefab.json","rotationMatrix":[-0.998835325,-0.0466396324,-0.0123502752,0.0466330834,-0.998911619,0.000818165892,-0.0123749943,0.000241281639,0.999923408]}
{"name":"p_jerseybarrier_fence37","internalName":"p_jerseybarrier_fence37","class":"Prefab","persistentId":"8f020a48-6972-4966-9df2-37b0d2e3b633","__parent":"port","position":[427.914856,1601.61719,74.6472855],"filename":"/levels/west_coast_usa/art/prefabs/p_jerseybarrier_fence.prefab.json","rotationMatrix":[-0.998835325,-0.0466396324,-0.0123502752,0.0466330834,-0.998911619,0.000818165892,-0.0123749943,0.000241281639,0.999923408]}
{"name":"p_jerseybarrier_fence38","internalName":"p_jerseybarrier_fence38","class":"Prefab","persistentId":"c62be9fa-716c-42ba-a1e2-ae8348ded055","__parent":"port","position":[428.057617,1598.55896,74.6497955],"filename":"/levels/west_coast_usa/art/prefabs/p_jerseybarrier_fence.prefab.json","rotationMatrix":[-0.998835325,-0.0466396324,-0.0123502752,0.0466330834,-0.998911619,0.000818165892,-0.0123749943,0.000241281639,0.999923408]}
{"name":"p_jerseybarrier_fence39","internalName":"p_jerseybarrier_fence39","class":"Prefab","persistentId":"924340b6-14b1-4677-8c08-5606be29b705","__parent":"port","position":[428.19928,1595.52441,74.6522827],"filename":"/levels/west_coast_usa/art/prefabs/p_jerseybarrier_fence.prefab.json","rotationMatrix":[-0.998835325,-0.0466396324,-0.0123502752,0.0466330834,-0.998911619,0.000818165892,-0.0123749943,0.000241281639,0.999923408]}
{"name":"p_jerseybarrier_fence40","internalName":"p_jerseybarrier_fence40","class":"Prefab","persistentId":"2cdf81b3-e186-4708-8993-ed5d1085ada0","__parent":"port","position":[429.659454,1603.24622,74.7384949],"filename":"/levels/west_coast_usa/art/prefabs/p_jerseybarrier_fence.prefab.json","rotationMatrix":[0.0466336608,-0.99891156,0.000818170141,0.998835266,0.0466402173,0.0123502724,-0.0123749916,0.000241280068,0.999923408]}
{"name":"p_jerseybarrier_fence41","internalName":"p_jerseybarrier_fence41","class":"Prefab","persistentId":"719c0a8e-743f-40f3-b2db-f311bada34f1","__parent":"port","position":[432.701752,1603.34143,74.7384949],"filename":"/levels/west_coast_usa/art/prefabs/p_jerseybarrier_fence.prefab.json","rotationMatrix":[0.0466336608,-0.99891156,0.000818170141,0.998835266,0.0466402173,0.0123502724,-0.0123749916,0.000241280068,0.999923408]}
{"name":"p_jerseybarrier_fence42","internalName":"p_jerseybarrier_fence42","class":"Prefab","persistentId":"9a60204c-e581-493e-be03-1fcac5cddde6","__parent":"port","position":[435.744141,1603.53052,74.6522293],"filename":"/levels/west_coast_usa/art/prefabs/p_jerseybarrier_fence.prefab.json","rotationMatrix":[0.0466336608,-0.99891156,0.000818170141,0.998835266,0.0466402173,0.0123502724,-0.0123749916,0.000241280068,0.999923408]}
{"name":"p_jerseybarrier_fence43","internalName":"p_jerseybarrier_fence43","class":"Prefab","persistentId":"6fff0ef8-e38c-4c86-8cf1-d09e55ea26c7","__parent":"port","position":[438.802673,1603.67334,74.6917801],"filename":"/levels/west_coast_usa/art/prefabs/p_jerseybarrier_fence.prefab.json","rotationMatrix":[0.0466336608,-0.99891156,0.000818170141,0.998835266,0.0466402173,0.0123502724,-0.0123749916,0.000241280068,0.999923408]}
{"name":"p_jerseybarrier_fence44","internalName":"p_jerseybarrier_fence44","class":"Prefab","persistentId":"add0bc2d-663f-4dac-900f-72652daf122e","__parent":"port","position":[441.815369,1604.27271,74.6898727],"filename":"/levels/west_coast_usa/art/prefabs/p_jerseybarrier_fence.prefab.json","rotationMatrix":[0.303562462,-0.952803254,0.00398677913,0.952731252,0.30358851,0.0117176883,-0.0123749916,0.000241277274,0.999923408]}
{"name":"p_jerseybarrier_fence45","internalName":"p_jerseybarrier_fence45","class":"Prefab","persistentId":"6ce4affc-8758-48f4-9799-73a648e076a1","__parent":"port","position":[444.772522,1605.18994,74.6898499],"filename":"/levels/west_coast_usa/art/prefabs/p_jerseybarrier_fence.prefab.json","rotationMatrix":[0.303562462,-0.952803254,0.00398677913,0.952731252,0.30358851,0.0117176883,-0.0123749916,0.000241277274,0.999923408]}
{"name":"p_jerseybarrier_fence46","internalName":"p_jerseybarrier_fence46","class":"Prefab","persistentId":"6e55ab72-e623-422e-9e94-e63b6d05138a","__parent":"port","position":[447.687408,1606.13403,74.6898193],"filename":"/levels/west_coast_usa/art/prefabs/p_jerseybarrier_fence.prefab.json","rotationMatrix":[0.303562462,-0.952803254,0.00398677913,0.952731252,0.30358851,0.0117176883,-0.0123749916,0.000241277274,0.999923408]}
{"name":"p_jerseybarrier_fence47","internalName":"p_jerseybarrier_fence47","class":"Prefab","persistentId":"37a85e1a-9713-491b-9ee9-b374e315e90f","__parent":"port","position":[450.638,1607.07422,74.6897888],"filename":"/levels/west_coast_usa/art/prefabs/p_jerseybarrier_fence.prefab.json","rotationMatrix":[0.303562462,-0.952803254,0.00398677913,0.952731252,0.30358851,0.0117176883,-0.0123749916,0.000241277274,0.999923408]}
{"name":"p_jerseybarrier_fence48","internalName":"p_jerseybarrier_fence48","class":"Prefab","persistentId":"4e56adef-3f4f-4f3a-a1a2-881809690152","__parent":"port","position":[453.57309,1608.0354,74.6897659],"filename":"/levels/west_coast_usa/art/prefabs/p_jerseybarrier_fence.prefab.json","rotationMatrix":[0.303562462,-0.952803254,0.00398677913,0.952731252,0.30358851,0.0117176883,-0.0123749916,0.000241277274,0.999923408]}
{"name":"p_jerseybarrier_fence49","internalName":"p_jerseybarrier_fence49","class":"Prefab","persistentId":"8694ea5d-7082-491c-abbc-64d872b27064","__parent":"port","position":[456.561493,1608.98755,74.689743],"filename":"/levels/west_coast_usa/art/prefabs/p_jerseybarrier_fence.prefab.json","rotationMatrix":[0.303562462,-0.952803254,0.00398677913,0.952731252,0.30358851,0.0117176883,-0.0123749916,0.000241277274,0.999923408]}
{"name":"p_jerseybarrier_fence50","internalName":"p_jerseybarrier_fence50","class":"Prefab","persistentId":"76d8493d-6af9-4606-9417-37498b94da1f","__parent":"port","position":[459.503418,1609.92493,74.6897354],"filename":"/levels/west_coast_usa/art/prefabs/p_jerseybarrier_fence.prefab.json","rotationMatrix":[0.303562462,-0.952803254,0.00398677913,0.952731252,0.30358851,0.0117176883,-0.0123749916,0.000241277274,0.999923408]}
{"name":"p_jerseybarrier_fence51","internalName":"p_jerseybarrier_fence51","class":"Prefab","persistentId":"c48ca169-e0f7-48a4-aa06-1fff09721156","__parent":"port","position":[461.344849,1611.43591,74.6744614],"filename":"/levels/west_coast_usa/art/prefabs/p_jerseybarrier_fence.prefab.json","rotationMatrix":[0.998835385,0.0466405153,0.0123502696,-0.0466339663,0.998911738,-0.000818172994,-0.0123749888,0.00024127803,0.999923408]}
{"name":"p_jerseybarrier_fence52","internalName":"p_jerseybarrier_fence52","class":"Prefab","persistentId":"cd92b51f-6de7-4f2d-91b8-a552b3c16c44","__parent":"port","position":[461.60434,1738.75513,74.6329651],"filename":"/levels/west_coast_usa/art/prefabs/p_jerseybarrier_fence.prefab.json","rotationMatrix":[0.99999994,0,0,0,0.99999994,0,0,0,0.999999881]}
{"name":"p_jerseybarrier_fence53","internalName":"p_jerseybarrier_fence53","class":"Prefab","persistentId":"2374de1d-019f-49a7-8086-a096f424a315","__parent":"port","position":[463.404968,1739.99536,74.6329651],"filename":"/levels/west_coast_usa/art/prefabs/p_jerseybarrier_fence.prefab.json","rotationMatrix":[-1.1920929e-07,0.999999821,0,-0.999999821,-1.1920929e-07,0,0,0,1]}
{"name":"p_jerseybarrier_fence54","internalName":"p_jerseybarrier_fence54","class":"Prefab","persistentId":"560d2a30-40ea-464e-980a-0b5b081d9030","__parent":"port","position":[466.445343,1739.99536,74.6329651],"filename":"/levels/west_coast_usa/art/prefabs/p_jerseybarrier_fence.prefab.json","rotationMatrix":[-1.1920929e-07,0.999999821,0,-0.999999821,-1.1920929e-07,0,0,0,1]}
{"name":"p_jerseybarrier_fence55","internalName":"p_jerseybarrier_fence55","class":"Prefab","persistentId":"2252a096-6e39-4a22-9d1a-3a28a2979ac0","__parent":"port","position":[469.488983,1739.99536,74.6329651],"filename":"/levels/west_coast_usa/art/prefabs/p_jerseybarrier_fence.prefab.json","rotationMatrix":[-1.1920929e-07,0.999999821,0,-0.999999821,-1.1920929e-07,0,0,0,1]}
{"name":"p_jerseybarrier_fence56","internalName":"p_jerseybarrier_fence56","class":"Prefab","persistentId":"6554d7fc-c265-4ed3-a3c8-c730399e37ea","__parent":"port","position":[472.552246,1739.99536,74.6329651],"filename":"/levels/west_coast_usa/art/prefabs/p_jerseybarrier_fence.prefab.json","rotationMatrix":[-1.1920929e-07,0.999999821,0,-0.999999821,-1.1920929e-07,0,0,0,1]}
{"name":"p_jerseybarrier_fence57","internalName":"p_jerseybarrier_fence57","class":"Prefab","persistentId":"e999241f-bc2c-4ca7-976a-bbd91d5e8256","__parent":"port","position":[393.473816,1732.5343,74.8859024],"filename":"/levels/west_coast_usa/art/prefabs/p_jerseybarrier_fence.prefab.json","rotationMatrix":[0.99987793,0.0154300192,-0.00246462738,-0.0154259345,0.999879599,0.00166787137,0.00249006599,-0.0016296485,0.999995589]}
{"name":"p_jerseybarrier_fence58","internalName":"p_jerseybarrier_fence58","class":"Prefab","persistentId":"b970d4a6-f499-4ca4-bf09-3a162f9a8b5e","__parent":"port","position":[393.39566,1735.5802,74.8859482],"filename":"/levels/west_coast_usa/art/prefabs/p_jerseybarrier_fence.prefab.json","rotationMatrix":[0.999316812,0.0369521677,-0.000680754485,-0.0369584411,0.999147296,-0.0184067115,5.99538907e-09,0.0184192955,0.999830365]}
{"name":"p_jerseybarrier_fence59","internalName":"p_jerseybarrier_fence59","class":"Prefab","persistentId":"874a602a-e18b-4334-b60a-c81cc84d654e","__parent":"port","position":[393.269958,1738.65479,74.8862839],"filename":"/levels/west_coast_usa/art/prefabs/p_jerseybarrier_fence.prefab.json","rotationMatrix":[0.99666518,0.0815553293,-0.00269423006,-0.0815551654,0.996668816,0.000168503073,0.0026989975,5.17872795e-05,0.999996364]}
{"name":"p_jerseybarrier_fence60","internalName":"p_jerseybarrier_fence60","class":"Prefab","persistentId":"ac592458-c6bd-4e6f-9c4b-7acd1759fbbe","__parent":"port","position":[393.023285,1741.70996,74.8868027],"filename":"/levels/west_coast_usa/art/prefabs/p_jerseybarrier_fence.prefab.json","rotationMatrix":[0.994416416,0.105482906,-0.00306034437,-0.105482921,0.994421124,0.000158617651,0.00306000258,0.000165081903,0.999995291]}
{"name":"p_jerseybarrier_fence61","internalName":"p_jerseybarrier_fence61","class":"Prefab","persistentId":"aba133dd-e304-454a-99c1-33fdf4bc0fd9","__parent":"port","position":[392.784668,1744.75073,74.8872604],"filename":"/levels/west_coast_usa/art/prefabs/p_jerseybarrier_fence.prefab.json","rotationMatrix":[0.998427272,0.0559604131,-0.00338486489,-0.0559602268,0.998432994,0.000150127453,0.003387962,3.95263705e-05,0.999994278]}
{"name":"p_jerseybarrier_fence62","internalName":"p_jerseybarrier_fence62","class":"Prefab","persistentId":"bfb80663-4543-464f-a027-dbec88047f03","__parent":"port","position":[392.555939,1747.79224,74.8876648],"filename":"/levels/west_coast_usa/art/prefabs/p_jerseybarrier_fence.prefab.json","rotationMatrix":[0.996156693,0.0845522285,-0.0228634365,-0.0842865855,0.99636507,0.012344582,0.023824092,-0.0103700589,0.999662399]}
{"name":"p_jerseybarrier_fence63","internalName":"p_jerseybarrier_fence63","class":"Prefab","persistentId":"bb699436-8e1a-4102-b4cc-a927de983c9f","__parent":"port","position":[392.363068,1750.83594,74.8779678],"filename":"/levels/west_coast_usa/art/prefabs/p_jerseybarrier_fence.prefab.json","rotationMatrix":[0.998099685,0.0614023842,-0.00517403753,-0.0614727326,0.997999668,-0.0147580579,0.00425750716,0.0150480755,0.999877691]}
{"name":"p_jerseybarrier_fence64","internalName":"p_jerseybarrier_fence64","class":"Prefab","persistentId":"404f8eb9-2956-4b22-89d7-732a78cbce41","__parent":"port","position":[392.212067,1753.88245,74.8805084],"filename":"/levels/west_coast_usa/art/prefabs/p_jerseybarrier_fence.prefab.json","rotationMatrix":[0.999047697,0.0432528667,-0.00573844975,-0.0432447679,0.999063313,0.00152779021,0.00579915615,-0.00127817737,0.999982357]}
{"name":"p_jerseybarrier_fence65","internalName":"p_jerseybarrier_fence65","class":"Prefab","persistentId":"6d47054f-1351-4857-ae83-84966291f8a1","__parent":"port","position":[392.080994,1756.92981,74.8853149],"filename":"/levels/west_coast_usa/art/prefabs/p_jerseybarrier_fence.prefab.json","rotationMatrix":[0.999174595,0.0404430144,-0.00381033425,-0.0404292829,0.999175847,0.00361503963,0.00395339727,-0.00345800654,0.999986231]}
{"name":"p_jerseybarrier_fence66","internalName":"p_jerseybarrier_fence66","class":"Prefab","persistentId":"ab2887ab-8004-4eea-95f3-b6dcad191136","__parent":"port","position":[391.957672,1759.97754,74.8666687],"filename":"/levels/west_coast_usa/art/prefabs/p_jerseybarrier_fence.prefab.json","rotationMatrix":[0.999165177,0.0408452041,-0.00075249566,-0.0408432595,0.999162555,0.00244431524,0.000851704099,-0.00241154013,0.999996722]}
{"name":"p_jerseybarrier_fence67","internalName":"p_jerseybarrier_fence67","class":"Prefab","persistentId":"60dd13a0-0577-47ce-af7c-89e5162539e9","__parent":"port","position":[391.83316,1763.02527,74.8883667],"filename":"/levels/west_coast_usa/art/prefabs/p_jerseybarrier_fence.prefab.json","rotationMatrix":[0.999155819,0.0408319607,0.00451126881,-0.0408432707,0.999162555,0.0024443157,-0.00440768432,-0.00262650708,0.999986827]}
{"name":"p_jerseybarrier_fence71","internalName":"p_jerseybarrier_fence71","class":"Prefab","persistentId":"132079cf-6430-404f-82f8-ed74f1f71e7b","__parent":"port","position":[391.331085,1773.95398,74.8768463],"filename":"/levels/west_coast_usa/art/prefabs/p_jerseybarrier_fence.prefab.json","rotationMatrix":[0.99987793,0.0154300192,-0.00246462738,-0.0154259345,0.999879599,0.00166787137,0.00249006599,-0.0016296485,0.999995589]}
{"name":"p_jerseybarrier_fence72","internalName":"p_jerseybarrier_fence72","class":"Prefab","persistentId":"a57d61d6-8df2-42cd-b6e3-7fb405d1c18e","__parent":"port","position":[391.280182,1777.05676,74.9000168],"filename":"/levels/west_coast_usa/art/prefabs/p_jerseybarrier_fence.prefab.json","rotationMatrix":[0.999316812,0.0369521677,-0.000680754485,-0.0369584411,0.999147296,-0.0184067115,5.99538907e-09,0.0184192955,0.999830365]}
{"name":"p_jerseybarrier_fence73","internalName":"p_jerseybarrier_fence73","class":"Prefab","persistentId":"1019a802-e41a-4faa-9faf-fbad80ee3732","__parent":"port","position":[390.092041,1805.97461,74.8791199],"filename":"/levels/west_coast_usa/art/prefabs/p_jerseybarrier_fence.prefab.json","rotationMatrix":[0.99666518,0.0815553293,-0.00269423006,-0.0815551654,0.996668816,0.000168503073,0.0026989975,5.17872795e-05,0.999996364]}
{"name":"p_jerseybarrier_fence74","internalName":"p_jerseybarrier_fence74","class":"Prefab","persistentId":"b902f219-667c-408d-8d19-569f055dd01b","__parent":"port","position":[389.845367,1809.02979,74.8796387],"filename":"/levels/west_coast_usa/art/prefabs/p_jerseybarrier_fence.prefab.json","rotationMatrix":[0.996818721,0.0796434358,-0.00306034251,-0.0796433166,0.99682343,0.000158617564,0.00306325383,8.56228871e-05,0.999995291]}
{"name":"p_jerseybarrier_fence75","internalName":"p_jerseybarrier_fence75","class":"Prefab","persistentId":"28d51e58-ad4a-44fd-b52e-20e846fb3106","__parent":"port","position":[389.60675,1812.07056,74.8800964],"filename":"/levels/west_coast_usa/art/prefabs/p_jerseybarrier_fence.prefab.json","rotationMatrix":[0.996898711,0.0786225349,-0.00338486303,-0.0786224753,0.996904433,0.00015012738,0.0033861883,0.000116464551,0.999994278]}
{"name":"p_jerseybarrier_fence76","internalName":"p_jerseybarrier_fence76","class":"Prefab","persistentId":"e06cc335-eece-4cb2-89a0-1b1586b3377c","__parent":"port","position":[389.378021,1815.11206,74.8805008],"filename":"/levels/west_coast_usa/art/prefabs/p_jerseybarrier_fence.prefab.json","rotationMatrix":[0.997087836,0.0727539435,-0.0228634272,-0.0724858567,0.997293055,0.0123445773,0.0236996543,-0.0106513528,0.999662399]}
{"name":"p_jerseybarrier_fence77","internalName":"p_jerseybarrier_fence77","class":"Prefab","persistentId":"a046dfd0-9222-4912-8f1a-2ed70f217184","__parent":"port","position":[389.18515,1818.15576,74.8708038],"filename":"/levels/west_coast_usa/art/prefabs/p_jerseybarrier_fence.prefab.json","rotationMatrix":[0.998099685,0.0614023842,-0.00517403753,-0.0614727326,0.997999668,-0.0147580579,0.00425750716,0.0150480755,0.999877691]}
{"name":"p_jerseybarrier_fence78","internalName":"p_jerseybarrier_fence78","class":"Prefab","persistentId":"f2993fd7-a683-41bb-9e02-82b87ebe3173","__parent":"port","position":[389.034149,1821.20227,74.8733444],"filename":"/levels/west_coast_usa/art/prefabs/p_jerseybarrier_fence.prefab.json","rotationMatrix":[0.999047697,0.0432528667,-0.00573844975,-0.0432447679,0.999063313,0.00152779021,0.00579915615,-0.00127817737,0.999982357]}
{"name":"p_jerseybarrier_fence79","internalName":"p_jerseybarrier_fence79","class":"Prefab","persistentId":"01c3414b-c7d4-4b69-b7d6-62e72c66b653","__parent":"port","position":[388.903076,1824.24963,74.8781509],"filename":"/levels/west_coast_usa/art/prefabs/p_jerseybarrier_fence.prefab.json","rotationMatrix":[0.999174595,0.0404430144,-0.00381033425,-0.0404292829,0.999175847,0.00361503963,0.00395339727,-0.00345800654,0.999986231]}
{"name":"p_jerseybarrier_fence80","internalName":"p_jerseybarrier_fence80","class":"Prefab","persistentId":"6906fd6b-0f94-4e5a-815a-b0e6ee92948d","__parent":"port","position":[388.779755,1827.29724,74.8897095],"filename":"/levels/west_coast_usa/art/prefabs/p_jerseybarrier_fence.prefab.json","rotationMatrix":[0.999165177,0.0408452041,-0.00075249566,-0.0408432595,0.999162555,0.00244431524,0.000851704099,-0.00241154013,0.999996722]}
{"name":"p_jerseybarrier_fence81","internalName":"p_jerseybarrier_fence81","class":"Prefab","persistentId":"869482cc-7d47-4abe-81b0-605612b753c9","__parent":"port","position":[388.655182,1830.34497,74.8970947],"filename":"/levels/west_coast_usa/art/prefabs/p_jerseybarrier_fence.prefab.json","rotationMatrix":[0.999155819,0.0408319607,0.00451126881,-0.0408432707,0.999162555,0.0024443157,-0.00440768432,-0.00262650708,0.999986827]}
{"name":"p_jerseybarrier_fence82","internalName":"p_jerseybarrier_fence82","class":"Prefab","persistentId":"c6cbb97a-5675-480a-95a0-f41ff5fffd95","__parent":"port","position":[388.937195,1804.09949,74.8791199],"filename":"/levels/west_coast_usa/art/prefabs/p_jerseybarrier_fence.prefab.json","rotationMatrix":[0.0815553665,-0.99666512,-0.00269422936,0.996668816,0.0815551877,0.000168503146,5.17871231e-05,-0.00269899657,0.999996364]}
{"name":"p_jerseybarrier_fence83","internalName":"p_jerseybarrier_fence83","class":"Prefab","persistentId":"c57a05a8-d72f-4c9d-863c-27cc3c025e10","__parent":"port","position":[391.209473,1780.22388,74.8950195],"filename":"/levels/west_coast_usa/art/prefabs/p_jerseybarrier_fence.prefab.json","rotationMatrix":[0.999165177,0.0408452041,-0.00075249566,-0.0408432595,0.999162555,0.00244431524,0.000851704099,-0.00241154013,0.999996722]}
{"name":"p_jerseybarrier_fence84","internalName":"p_jerseybarrier_fence84","class":"Prefab","persistentId":"62e45eec-200d-4b67-8be4-bcf1c8d5f7e6","__parent":"port","position":[391.073578,1783.32947,74.9024811],"filename":"/levels/west_coast_usa/art/prefabs/p_jerseybarrier_fence.prefab.json","rotationMatrix":[0.999155819,0.0408319607,0.00451126881,-0.0408432707,0.999162555,0.0024443157,-0.00440768432,-0.00262650708,0.999986827]}
{"name":"p_jerseybarrier_fence85","internalName":"p_jerseybarrier_fence85","class":"Prefab","persistentId":"5d278519-a388-4e4d-9763-61a3615f87ff","__parent":"port","position":[390.96106,1786.50293,74.8915482],"filename":"/levels/west_coast_usa/art/prefabs/p_jerseybarrier_fence.prefab.json","rotationMatrix":[0.99912107,0.0405173637,0.0107441405,-0.0406018607,0.99914521,0.00776654901,-0.0104202768,-0.00819595531,0.999912143]}
{"name":"p_jerseybarrier_fence87","internalName":"p_jerseybarrier_fence87","class":"Prefab","persistentId":"5c892a00-950a-4d1a-9852-b78ad8a3fef5","__parent":"port","position":[390.836456,1789.53101,74.9296646],"filename":"/levels/west_coast_usa/art/prefabs/p_jerseybarrier_fence.prefab.json","rotationMatrix":[0.99920851,0.0396864563,-0.00270790351,-0.0396723002,0.999199748,0.00509493845,0.00290793669,-0.00498347683,0.99998337]}
{"name":"p_jerseybarrier_fence86","internalName":"p_jerseybarrier_fence86","class":"Prefab","persistentId":"ae677c5d-3dc6-4735-8255-637238770792","__parent":"port","position":[387.3396,1832.11816,74.9066849],"filename":"/levels/west_coast_usa/art/prefabs/p_jerseybarrier_fence.prefab.json","rotationMatrix":[-0.0432530642,0.999047518,-0.00573844882,-0.999063134,-0.0432449579,0.00152778975,0.00127817504,0.00579915568,0.999982357]}
{"name":"p_jerseybarrier_fence88","internalName":"p_jerseybarrier_fence88","class":"Prefab","persistentId":"d85ddc16-00f9-45a1-8b2e-da3f6028bd92","__parent":"port","position":[384.292236,1831.98706,74.9114914],"filename":"/levels/west_coast_usa/art/prefabs/p_jerseybarrier_fence.prefab.json","rotationMatrix":[-0.0404429436,0.999174237,-0.00381033332,-0.999175549,-0.0404292345,0.00361503894,0.00345800468,0.00395339727,0.999986231]}
{"name":"p_jerseybarrier_fence89","internalName":"p_jerseybarrier_fence89","class":"Prefab","persistentId":"13eab2e2-a559-4285-b4a7-58ed43a5c78c","__parent":"port","position":[381.244537,1831.86389,74.8968201],"filename":"/levels/west_coast_usa/art/prefabs/p_jerseybarrier_fence.prefab.json","rotationMatrix":[-0.0408452749,0.999164939,-0.000752495427,-0.999162316,-0.0408433676,0.0024443143,0.0024115392,0.000851704564,0.999996722]}
{"name":"p_jerseybarrier_fence90","internalName":"p_jerseybarrier_fence90","class":"Prefab","persistentId":"1396c6c2-5b9a-4ef9-bcbf-6bb10b12616d","__parent":"port","position":[378.196808,1831.73926,74.9042053],"filename":"/levels/west_coast_usa/art/prefabs/p_jerseybarrier_fence.prefab.json","rotationMatrix":[-0.0408321619,0.99915576,0.00451126741,-0.999162436,-0.0408434868,0.00244431524,0.00262650778,-0.00440768246,0.999986827]}
{"name":"p_jerseybarrier_fence91","internalName":"p_jerseybarrier_fence91","class":"Prefab","persistentId":"76f8b2fe-ea89-48f4-924f-3a002f283323","__parent":"port","position":[375.157532,1831.625,74.8620148],"filename":"/levels/west_coast_usa/art/prefabs/p_jerseybarrier_fence.prefab.json","rotationMatrix":[-0.0432530642,0.999047518,-0.00573844882,-0.999063134,-0.0432449579,0.00152778975,0.00127817504,0.00579915568,0.999982357]}
{"name":"p_jerseybarrier_fence92","internalName":"p_jerseybarrier_fence92","class":"Prefab","persistentId":"ced3566d-63da-4695-933c-52ce3ca134f7","__parent":"port","position":[372.110168,1831.4939,74.8668213],"filename":"/levels/west_coast_usa/art/prefabs/p_jerseybarrier_fence.prefab.json","rotationMatrix":[-0.0404429436,0.999174237,-0.00381033332,-0.999175549,-0.0404292345,0.00361503894,0.00345800468,0.00395339727,0.999986231]}
{"name":"p_jerseybarrier_fence93","internalName":"p_jerseybarrier_fence93","class":"Prefab","persistentId":"5b0fdb5a-ae44-48e5-8f4f-99c7950cc279","__parent":"port","position":[369.062561,1831.37061,74.8783798],"filename":"/levels/west_coast_usa/art/prefabs/p_jerseybarrier_fence.prefab.json","rotationMatrix":[-0.0408452749,0.999164939,-0.000752495427,-0.999162316,-0.0408433676,0.0024443143,0.0024115392,0.000851704564,0.999996722]}
{"name":"p_jerseybarrier_fence94","internalName":"p_jerseybarrier_fence94","class":"Prefab","persistentId":"25e02f50-bd8d-4763-93a0-9fb60abd6485","__parent":"port","position":[366.014832,1831.24597,74.8857651],"filename":"/levels/west_coast_usa/art/prefabs/p_jerseybarrier_fence.prefab.json","rotationMatrix":[-0.0408321619,0.99915576,0.00451126741,-0.999162436,-0.0408434868,0.00244431524,0.00262650778,-0.00440768246,0.999986827]}
{"name":"p_jerseybarrier_fence95","internalName":"p_jerseybarrier_fence95","class":"Prefab","persistentId":"8beb39a5-257a-4265-8a5f-fb16bf7e20f7","__parent":"port","position":[362.997284,1831.13171,74.8995132],"filename":"/levels/west_coast_usa/art/prefabs/p_jerseybarrier_fence.prefab.json","rotationMatrix":[-0.0432530642,0.999047518,-0.00573844882,-0.999063134,-0.0432449579,0.00152778975,0.00127817504,0.00579915568,0.999982357]}
{"name":"p_jerseybarrier_fence96","internalName":"p_jerseybarrier_fence96","class":"Prefab","persistentId":"56156f91-ddb7-4744-9606-ad0b51dc29b4","__parent":"port","position":[359.949951,1831.00061,74.9067688],"filename":"/levels/west_coast_usa/art/prefabs/p_jerseybarrier_fence.prefab.json","rotationMatrix":[-0.0404429436,0.999174237,-0.00381033332,-0.999175549,-0.0404292345,0.00361503894,0.00345800468,0.00395339727,0.999986231]}
{"name":"p_jerseybarrier_fence97","internalName":"p_jerseybarrier_fence97","class":"Prefab","persistentId":"aa010568-4f8b-4b35-a5dc-2e361f88f25f","__parent":"port","position":[356.902313,1830.87732,74.9086838],"filename":"/levels/west_coast_usa/art/prefabs/p_jerseybarrier_fence.prefab.json","rotationMatrix":[-0.0408452749,0.999164939,-0.000752495427,-0.999162316,-0.0408433676,0.0024443143,0.0024115392,0.000851704564,0.999996722]}
{"name":"p_jerseybarrier_fence98","internalName":"p_jerseybarrier_fence98","class":"Prefab","persistentId":"2ac7d7ad-57fb-4e70-bbb2-a7a5a305baa4","__parent":"port","position":[353.854584,1830.75269,74.916069],"filename":"/levels/west_coast_usa/art/prefabs/p_jerseybarrier_fence.prefab.json","rotationMatrix":[-0.0408321619,0.99915576,0.00451126741,-0.999162436,-0.0408434868,0.00244431524,0.00262650778,-0.00440768246,0.999986827]}
{"name":"p_jerseybarrier_fence99","internalName":"p_jerseybarrier_fence99","class":"Prefab","persistentId":"60756ce6-8058-4bc6-ab22-ab9e4bada30c","__parent":"port","position":[350.826355,1830.57141,74.9006424],"filename":"/levels/west_coast_usa/art/prefabs/p_jerseybarrier_fence.prefab.json","rotationMatrix":[-0.0432530642,0.999047518,-0.00573844882,-0.999063134,-0.0432449579,0.00152778975,0.00127817504,0.00579915568,0.999982357]}
{"name":"p_jerseybarrier_fence100","internalName":"p_jerseybarrier_fence100","class":"Prefab","persistentId":"44ac35e3-e838-41c5-b0a5-4fa8ed3b84e1","__parent":"port","position":[347.778992,1830.44031,74.9054489],"filename":"/levels/west_coast_usa/art/prefabs/p_jerseybarrier_fence.prefab.json","rotationMatrix":[-0.0404429436,0.999174237,-0.00381033332,-0.999175549,-0.0404292345,0.00361503894,0.00345800468,0.00395339727,0.999986231]}
{"name":"p_jerseybarrier_fence101","internalName":"p_jerseybarrier_fence101","class":"Prefab","persistentId":"342c1810-a8dc-4a57-b18c-8fd3e4c27751","__parent":"port","position":[344.731384,1830.31702,74.9170074],"filename":"/levels/west_coast_usa/art/prefabs/p_jerseybarrier_fence.prefab.json","rotationMatrix":[-0.0408452749,0.999164939,-0.000752495427,-0.999162316,-0.0408433676,0.0024443143,0.0024115392,0.000851704564,0.999996722]}
{"name":"p_jerseybarrier_fence102","internalName":"p_jerseybarrier_fence102","class":"Prefab","persistentId":"17b9611f-2578-4ebc-a0ac-f1d15b68b9bb","__parent":"port","position":[341.683655,1830.19238,74.9243927],"filename":"/levels/west_coast_usa/art/prefabs/p_jerseybarrier_fence.prefab.json","rotationMatrix":[-0.0408321619,0.99915576,0.00451126741,-0.999162436,-0.0408434868,0.00244431524,0.00262650778,-0.00440768246,0.999986827]}
{"name":"p_jerseybarrier_fence103","internalName":"p_jerseybarrier_fence103","class":"Prefab","persistentId":"c08ae286-fa90-460a-b764-035b08d3dec7","__parent":"port","position":[338.635498,1830.07678,74.931015],"filename":"/levels/west_coast_usa/art/prefabs/p_jerseybarrier_fence.prefab.json","rotationMatrix":[-0.0432530642,0.999047518,-0.00573844882,-0.999063134,-0.0432449579,0.00152778975,0.00127817504,0.00579915568,0.999982357]}
{"name":"p_jerseybarrier_fence104","internalName":"p_jerseybarrier_fence104","class":"Prefab","persistentId":"35a33418-5aef-4b54-b7a8-17283d3429ee","__parent":"port","position":[335.588135,1829.94568,74.9358215],"filename":"/levels/west_coast_usa/art/prefabs/p_jerseybarrier_fence.prefab.json","rotationMatrix":[-0.0404429436,0.999174237,-0.00381033332,-0.999175549,-0.0404292345,0.00361503894,0.00345800468,0.00395339727,0.999986231]}
{"name":"p_jerseybarrier_fence105","internalName":"p_jerseybarrier_fence105","class":"Prefab","persistentId":"dc9cf6fb-c440-4161-8a28-c0a6abde8fb7","__parent":"port","position":[332.541595,1829.79541,74.8958206],"filename":"/levels/west_coast_usa/art/prefabs/p_jerseybarrier_fence.prefab.json","rotationMatrix":[-0.0408452749,0.999164939,-0.000752495427,-0.999162316,-0.0408433676,0.0024443143,0.0024115392,0.000851704564,0.999996722]}
{"name":"p_jerseybarrier_fence106","internalName":"p_jerseybarrier_fence106","class":"Prefab","persistentId":"092495a7-ac9c-4976-977b-c53478f7f011","__parent":"port","position":[329.493866,1829.67078,74.9032059],"filename":"/levels/west_coast_usa/art/prefabs/p_jerseybarrier_fence.prefab.json","rotationMatrix":[-0.0408321619,0.99915576,0.00451126741,-0.999162436,-0.0408434868,0.00244431524,0.00262650778,-0.00440768246,0.999986827]}
{"name":"p_jerseybarrier_fence107","internalName":"p_jerseybarrier_fence107","class":"Prefab","persistentId":"a351d4de-e3bc-4052-b2c7-63eacdc5f3cd","__parent":"port","position":[326.430878,1829.53943,74.9113159],"filename":"/levels/west_coast_usa/art/prefabs/p_jerseybarrier_fence.prefab.json","rotationMatrix":[-0.0408452749,0.999164939,-0.000752495427,-0.999162316,-0.0408433676,0.0024443143,0.0024115392,0.000851704564,0.999996722]}
{"name":"p_jerseybarrier_fence108","internalName":"p_jerseybarrier_fence108","class":"Prefab","persistentId":"e4acc29e-53c9-4ab0-8e2c-72dca86b1688","__parent":"port","position":[323.383148,1829.41479,74.9187012],"filename":"/levels/west_coast_usa/art/prefabs/p_jerseybarrier_fence.prefab.json","rotationMatrix":[-0.0408321619,0.99915576,0.00451126741,-0.999162436,-0.0408434868,0.00244431524,0.00262650778,-0.00440768246,0.999986827]}
{"name":"p_jerseybarrier_fence110","internalName":"p_jerseybarrier_fence110","class":"Prefab","persistentId":"203d973b-6cbb-4934-8fa9-9bf80ac347db","__parent":"port","position":[322.106232,1827.57166,74.8750687],"filename":"/levels/west_coast_usa/art/prefabs/p_jerseybarrier_fence.prefab.json","rotationMatrix":[-0.999031425,-0.0440008044,1.16957528e-16,0.0440008044,-0.999031425,-1.2773462e-16,1.22464672e-16,-1.22464672e-16,1]}
{"name":"p_jerseybarrier_fence111","internalName":"p_jerseybarrier_fence111","class":"Prefab","persistentId":"edc90ab1-bd57-40c6-ab9b-71782f659ff5","__parent":"port","position":[322.242615,1824.47961,74.8750687],"filename":"/levels/west_coast_usa/art/prefabs/p_jerseybarrier_fence.prefab.json","rotationMatrix":[-0.99901855,-0.0442920923,1.16920272e-16,0.0442920923,-0.99901855,-1.27768726e-16,1.22464685e-16,-1.22464685e-16,1]}
{"name":"p_jerseybarrier_fence112","internalName":"p_jerseybarrier_fence112","class":"Prefab","persistentId":"9a9489db-fad2-4e62-ad57-b25e34a4c89e","__parent":"port","position":[322.380493,1821.38757,74.8750687],"filename":"/levels/west_coast_usa/art/prefabs/p_jerseybarrier_fence.prefab.json","rotationMatrix":[-0.998989701,-0.0449396558,1.16837448e-16,0.0449396558,-0.998989701,-1.27844483e-16,1.22464685e-16,-1.22464685e-16,1]}
{"name":"p_jerseybarrier_fence113","internalName":"p_jerseybarrier_fence113","class":"Prefab","persistentId":"2a0deb61-f466-4c8a-8588-d997bc8f4a74","__parent":"port","position":[322.521881,1818.29578,74.8750687],"filename":"/levels/west_coast_usa/art/prefabs/p_jerseybarrier_fence.prefab.json","rotationMatrix":[-0.998898149,-0.0469284952,1.16582663e-16,0.0469284952,-0.998898149,-1.28076834e-16,1.22464672e-16,-1.22464685e-16,1]}
{"name":"p_jerseybarrier_fence114","internalName":"p_jerseybarrier_fence114","class":"Prefab","persistentId":"c69db5b0-821f-4b46-b1a2-66d5e12a42d3","__parent":"port","position":[322.673035,1815.20435,74.8750687],"filename":"/levels/west_coast_usa/art/prefabs/p_jerseybarrier_fence.prefab.json","rotationMatrix":[-0.998686314,-0.0512437336,1.16028227e-16,0.0512437336,-0.998686314,-1.28579337e-16,1.22464672e-16,-1.22464685e-16,1]}
{"name":"p_jerseybarrier_fence115","internalName":"p_jerseybarrier_fence115","class":"Prefab","persistentId":"bfb4e80e-780a-49f6-b998-698f6b7f6fea","__parent":"port","position":[322.834442,1812.1134,74.8750687],"filename":"/levels/west_coast_usa/art/prefabs/p_jerseybarrier_fence.prefab.json","rotationMatrix":[-0.99861598,-0.052594725,1.15854189e-16,0.052594725,-0.99861598,-1.28736183e-16,1.22464672e-16,-1.22464698e-16,1]}
{"name":"p_jerseybarrier_fence116","internalName":"p_jerseybarrier_fence116","class":"Prefab","persistentId":"0b1b4e43-858e-4103-8182-b082e8a6e54b","__parent":"port","position":[322.993835,1809.02246,74.8750687],"filename":"/levels/west_coast_usa/art/prefabs/p_jerseybarrier_fence.prefab.json","rotationMatrix":[-0.998739481,-0.0501928218,1.16163475e-16,0.0501928218,-0.998739481,-1.28457165e-16,1.22464685e-16,-1.22464672e-16,1]}
{"name":"p_jerseybarrier_fence117","internalName":"p_jerseybarrier_fence117","class":"Prefab","persistentId":"249cdb8d-426d-4df5-ac5a-4e28b1fdf2ff","__parent":"port","position":[323.134949,1805.93066,74.8750687],"filename":"/levels/west_coast_usa/art/prefabs/p_jerseybarrier_fence.prefab.json","rotationMatrix":[-0.999158502,-0.0410144888,1.17338799e-16,0.0410144888,-0.999158502,-1.27384464e-16,1.22464672e-16,-1.22464685e-16,1]}
{"name":"p_jerseybarrier_fence118","internalName":"p_jerseybarrier_fence118","class":"Prefab","persistentId":"e8c3aeef-368d-4b8e-8a16-a9d585712ce3","__parent":"port","position":[323.252441,1802.83777,74.8750687],"filename":"/levels/west_coast_usa/art/prefabs/p_jerseybarrier_fence.prefab.json","rotationMatrix":[-0.999357939,-0.0358250551,1.17998757e-16,0.0358250551,-0.999357939,-1.2677337e-16,1.22464685e-16,-1.22464672e-16,1]}
{"name":"p_jerseybarrier_fence119","internalName":"p_jerseybarrier_fence119","class":"Prefab","persistentId":"06e9fe11-ceb2-427d-ab01-06aee4c54932","__parent":"port","position":[323.366119,1799.74475,74.8750687],"filename":"/levels/west_coast_usa/art/prefabs/p_jerseybarrier_fence.prefab.json","rotationMatrix":[-0.999268889,-0.0382357836,1.17692594e-16,0.0382357836,-0.999268889,-1.27057655e-16,1.22464672e-16,-1.22464672e-16,1]}
{"name":"p_jerseybarrier_fence120","internalName":"p_jerseybarrier_fence120","class":"Prefab","persistentId":"9e1a5ef9-cb8e-4f82-86ed-37a1fc2a3b2c","__parent":"port","position":[323.501373,1796.65271,74.8750687],"filename":"/levels/west_coast_usa/art/prefabs/p_jerseybarrier_fence.prefab.json","rotationMatrix":[-0.998877883,-0.0473605879,1.16527262e-16,0.0473605879,-0.998877883,-1.28127259e-16,1.22464672e-16,-1.22464685e-16,1]}
{"name":"p_jerseybarrier_fence121","internalName":"p_jerseybarrier_fence121","class":"Prefab","persistentId":"42f62b80-6494-49d6-9242-0a0fac55f8bb","__parent":"port","position":[323.657104,1793.56152,74.8750687],"filename":"/levels/west_coast_usa/art/prefabs/p_jerseybarrier_fence.prefab.json","rotationMatrix":[-0.998660326,-0.0517438613,1.1596384e-16,0.0517438613,-0.998660326,-1.28637425e-16,1.22464685e-16,-1.22464672e-16,1]}
{"name":"p_jerseybarrier_fence122","internalName":"p_jerseybarrier_fence122","class":"Prefab","persistentId":"6e90a961-05c0-4e3e-8f8f-c27c61d65da2","__parent":"port","position":[323.816071,1790.47058,74.8750687],"filename":"/levels/west_coast_usa/art/prefabs/p_jerseybarrier_fence.prefab.json","rotationMatrix":[-0.998744726,-0.050090909,1.16176577e-16,0.050090909,-0.998744726,-1.2844532e-16,1.22464685e-16,-1.22464685e-16,1]}
{"name":"p_jerseybarrier_fence123","internalName":"p_jerseybarrier_fence123","class":"Prefab","persistentId":"2cce5d7e-b34b-40b2-9f1e-e26f8d87f6a4","__parent":"port","position":[323.965302,1787.37903,74.8750687],"filename":"/levels/west_coast_usa/art/prefabs/p_jerseybarrier_fence.prefab.json","rotationMatrix":[-0.998899817,-0.0468960404,1.16586832e-16,0.0468960404,-0.998899817,-1.28073049e-16,1.22464685e-16,-1.22464685e-16,1]}
{"name":"p_jerseybarrier_fence124","internalName":"p_jerseybarrier_fence124","class":"Prefab","persistentId":"9adee228-9fb3-4460-8c54-204c378462ea","__parent":"port","position":[324.109344,1784.28735,74.8750687],"filename":"/levels/west_coast_usa/art/prefabs/p_jerseybarrier_fence.prefab.json","rotationMatrix":[-0.998933911,-0.046164088,1.16680641e-16,0.046164088,-0.998933911,-1.27987592e-16,1.22464685e-16,-1.22464672e-16,1]}
{"name":"p_jerseybarrier_fence125","internalName":"p_jerseybarrier_fence125","class":"Prefab","persistentId":"e2177168-3c3f-4129-9da9-9bdd32fcdd74","__parent":"port","position":[324.251923,1781.19556,74.8750687],"filename":"/levels/west_coast_usa/art/prefabs/p_jerseybarrier_fence.prefab.json","rotationMatrix":[-0.998937488,-0.0460843854,1.16690859e-16,0.0460843854,-0.998937488,-1.27978274e-16,1.22464685e-16,-1.22464672e-16,1]}
{"name":"p_jerseybarrier_fence126","internalName":"p_jerseybarrier_fence126","class":"Prefab","persistentId":"ede7703b-bf1c-443d-bb94-94fa1db09918","__parent":"port","position":[324.395355,1778.10376,74.8750687],"filename":"/levels/west_coast_usa/art/prefabs/p_jerseybarrier_fence.prefab.json","rotationMatrix":[-0.998921514,-0.0464289784,1.16646694e-16,0.0464289784,-0.998921514,-1.28018521e-16,1.22464672e-16,-1.22464685e-16,1]}
{"name":"p_jerseybarrier_fence127","internalName":"p_jerseybarrier_fence127","class":"Prefab","persistentId":"a70d0659-d101-457d-bc2e-b0fa8cf32647","__parent":"port","position":[324.539001,1775.01196,74.8750687],"filename":"/levels/west_coast_usa/art/prefabs/p_jerseybarrier_fence.prefab.json","rotationMatrix":[-0.998923182,-0.0463936552,1.1665122e-16,0.0463936552,-0.998923182,-1.28014392e-16,1.22464672e-16,-1.22464685e-16,1]}
{"name":"p_jerseybarrier_fence128","internalName":"p_jerseybarrier_fence128","class":"Prefab","persistentId":"34601962-9fbd-47b4-bfff-9fa7f15b7c83","__parent":"port","position":[324.682556,1771.92029,74.8750687],"filename":"/levels/west_coast_usa/art/prefabs/p_jerseybarrier_fence.prefab.json","rotationMatrix":[-0.998924851,-0.0463598706,1.16655561e-16,0.0463598706,-0.998924851,-1.28010461e-16,1.22464672e-16,-1.22464698e-16,1]}
{"name":"p_jerseybarrier_fence129","internalName":"p_jerseybarrier_fence129","class":"Prefab","persistentId":"91328d8c-1bea-471a-90f5-ee0ad91e07b9","__parent":"port","position":[325.313629,1768.73816,74.8750687],"filename":"/levels/west_coast_usa/art/prefabs/p_jerseybarrier_fence.prefab.json","rotationMatrix":[-0.952894926,-0.303300142,7.95524212e-17,0.303300142,-0.952894926,-1.5383954e-16,1.22464672e-16,-1.22464672e-16,1]}
{"name":"p_jerseybarrier_fence138","internalName":"p_jerseybarrier_fence138","class":"Prefab","persistentId":"f8fb82c9-87cd-4e4c-abeb-b90aa710d4de","__parent":"port","position":[349.460388,1761.35608,74.8750763],"filename":"/levels/west_coast_usa/art/prefabs/p_jerseybarrier_fence.prefab.json","rotationMatrix":[-0.886565328,0.462603658,9.2281374e-07,-0.462603658,-0.886565328,-1.59836009e-06,7.87273962e-08,-1.84394753e-06,1]}
{"name":"p_jerseybarrier_fence139","internalName":"p_jerseybarrier_fence139","class":"Prefab","persistentId":"06b3715d-4186-466f-9bd3-4163389a6699","__parent":"port","position":[348.781891,1758.32947,74.8750687],"filename":"/levels/west_coast_usa/art/prefabs/p_jerseybarrier_fence.prefab.json","rotationMatrix":[-0.999089837,-0.0426555052,-1.77635684e-15,0.0426555052,-0.999089837,-1.36175152e-06,5.80861936e-08,-1.3605121e-06,1]}
{"name":"p_jerseybarrier_fence140","internalName":"p_jerseybarrier_fence140","class":"Prefab","persistentId":"86b01086-6be4-4115-91dc-4aaa10d52f7a","__parent":"port","position":[348.913422,1755.24878,74.875061],"filename":"/levels/west_coast_usa/art/prefabs/p_jerseybarrier_fence.prefab.json","rotationMatrix":[-0.999089837,-0.0426555052,-1.77635684e-15,0.0426555052,-0.999089837,-1.36175152e-06,5.80861936e-08,-1.3605121e-06,1]}
{"name":"p_jerseybarrier_fence141","internalName":"p_jerseybarrier_fence141","class":"Prefab","persistentId":"4e715c82-a9d1-474e-ba05-c290f440b9d6","__parent":"port","position":[349.044952,1752.16809,74.875061],"filename":"/levels/west_coast_usa/art/prefabs/p_jerseybarrier_fence.prefab.json","rotationMatrix":[-0.999089837,-0.0426551178,-1.77635684e-15,0.0426551178,-0.999089837,-1.1311954e-06,4.82512732e-08,-1.13016586e-06,1]}
{"name":"p_jerseybarrier_fence142","internalName":"p_jerseybarrier_fence142","class":"Prefab","persistentId":"223672fb-1500-4acf-8605-f57d98246c0c","__parent":"port","position":[349.176453,1749.0874,74.8750534],"filename":"/levels/west_coast_usa/art/prefabs/p_jerseybarrier_fence.prefab.json","rotationMatrix":[-0.999089837,-0.0426551178,-1.77635684e-15,0.0426551178,-0.999089837,-1.1311954e-06,4.82512732e-08,-1.13016586e-06,1]}
{"name":"p_jerseybarrier_fence143","internalName":"p_jerseybarrier_fence143","class":"Prefab","persistentId":"5117dcc2-dd39-40bf-b7ae-3293ecc505d1","__parent":"port","position":[349.307983,1746.00684,74.8750534],"filename":"/levels/west_coast_usa/art/prefabs/p_jerseybarrier_fence.prefab.json","rotationMatrix":[-0.999090075,-0.0426519625,0,0.0426519625,-0.999090075,-2.01816806e-06,8.60788205e-08,-2.01633134e-06,1]}
{"name":"p_jerseybarrier_fence144","internalName":"p_jerseybarrier_fence144","class":"Prefab","persistentId":"e27e1a7c-3112-4669-bb96-20856624bb15","__parent":"port","position":[349.439514,1742.92615,74.8750458],"filename":"/levels/west_coast_usa/art/prefabs/p_jerseybarrier_fence.prefab.json","rotationMatrix":[-0.999090075,-0.0426519625,0,0.0426519625,-0.999090075,-2.01816806e-06,8.60788205e-08,-2.01633134e-06,1]}
{"name":"p_jerseybarrier_fence145","internalName":"p_jerseybarrier_fence145","class":"Prefab","persistentId":"d923edc7-00f6-45df-bbd8-6dabcdb190a3","__parent":"port","position":[349.571014,1739.84546,74.8750381],"filename":"/levels/west_coast_usa/art/prefabs/p_jerseybarrier_fence.prefab.json","rotationMatrix":[-0.999090075,-0.0426519625,0,0.0426519625,-0.999090075,-2.01816806e-06,8.60788205e-08,-2.01633134e-06,1]}
{"name":"p_jerseybarrier_fence146","internalName":"p_jerseybarrier_fence146","class":"Prefab","persistentId":"9fe7c780-30f5-4284-8ed7-865b9e51e990","__parent":"port","position":[349.702545,1736.76477,74.8750381],"filename":"/levels/west_coast_usa/art/prefabs/p_jerseybarrier_fence.prefab.json","rotationMatrix":[-0.999089837,-0.0426560976,1.77635684e-15,0.0426560976,-0.999089837,-9.47744809e-07,4.04270963e-08,-9.46882153e-07,1]}
{"name":"p_jerseybarrier_fence147","internalName":"p_jerseybarrier_fence147","class":"Prefab","persistentId":"70c1bbf4-aaa6-47f6-9cea-36eb6fd90876","__parent":"port","position":[349.834076,1733.68408,74.8750305],"filename":"/levels/west_coast_usa/art/prefabs/p_jerseybarrier_fence.prefab.json","rotationMatrix":[-0.999089837,-0.0426560976,1.77635684e-15,0.0426560976,-0.999089837,-9.47744809e-07,4.04270963e-08,-9.46882153e-07,1]}
{"name":"p_jerseybarrier_fence148","internalName":"p_jerseybarrier_fence148","class":"Prefab","persistentId":"c94cada2-212b-4194-ad10-fa57c3c4cde1","__parent":"port","position":[349.965607,1730.60339,74.8750305],"filename":"/levels/west_coast_usa/art/prefabs/p_jerseybarrier_fence.prefab.json","rotationMatrix":[-0.999089837,-0.0426554978,0,0.0426554978,-0.999089837,-1.85781789e-06,7.92461421e-08,-1.85612691e-06,1]}
{"name":"p_jerseybarrier_fence149","internalName":"p_jerseybarrier_fence149","class":"Prefab","persistentId":"0d799a07-fe2c-4cd2-ac19-127d114a10f6","__parent":"port","position":[350.097137,1727.52283,74.8750229],"filename":"/levels/west_coast_usa/art/prefabs/p_jerseybarrier_fence.prefab.json","rotationMatrix":[-0.999089837,-0.0426554978,0,0.0426554978,-0.999089837,-1.85781789e-06,7.92461421e-08,-1.85612691e-06,1]}
{"name":"p_jerseybarrier_fence150","internalName":"p_jerseybarrier_fence150","class":"Prefab","persistentId":"04d55ddb-c9d5-458d-b22b-b164de00b647","__parent":"port","position":[350.228668,1724.44214,74.8750153],"filename":"/levels/west_coast_usa/art/prefabs/p_jerseybarrier_fence.prefab.json","rotationMatrix":[-0.999089837,-0.0426554978,0,0.0426554978,-0.999089837,-1.85781789e-06,7.92461421e-08,-1.85612691e-06,1]}
{"name":"p_jerseybarrier_fence151","internalName":"p_jerseybarrier_fence151","class":"Prefab","persistentId":"94b814d0-e060-47e6-a5cf-90b0b7b18019","__parent":"port","position":[350.360168,1721.36145,74.8750153],"filename":"/levels/west_coast_usa/art/prefabs/p_jerseybarrier_fence.prefab.json","rotationMatrix":[-0.999090075,-0.0426516682,1.77635684e-15,0.0426516682,-0.999090075,-9.47730598e-07,4.0422286e-08,-9.4686817e-07,1]}
{"name":"p_jerseybarrier_fence152","internalName":"p_jerseybarrier_fence152","class":"Prefab","persistentId":"ea7a1337-4f79-4a63-a546-076fd10d2a01","__parent":"port","position":[350.491699,1718.28076,74.8750076],"filename":"/levels/west_coast_usa/art/prefabs/p_jerseybarrier_fence.prefab.json","rotationMatrix":[-0.999090075,-0.0426516682,1.77635684e-15,0.0426516682,-0.999090075,-9.47730598e-07,4.0422286e-08,-9.4686817e-07,1]}
{"name":"p_jerseybarrier_fence153","internalName":"p_jerseybarrier_fence153","class":"Prefab","persistentId":"dcf78cd7-9c34-4e92-805a-4579fc30dc06","__parent":"port","position":[350.623199,1715.20007,74.8750076],"filename":"/levels/west_coast_usa/art/prefabs/p_jerseybarrier_fence.prefab.json","rotationMatrix":[-0.999090075,-0.0426516682,1.77635684e-15,0.0426516682,-0.999090075,-9.47730598e-07,4.0422286e-08,-9.4686817e-07,1]}
{"name":"p_jerseybarrier_fence154","internalName":"p_jerseybarrier_fence154","class":"Prefab","persistentId":"035a99ae-fb67-4e1e-bc03-800392aa6c28","__parent":"port","position":[350.75473,1712.11951,74.875],"filename":"/levels/west_coast_usa/art/prefabs/p_jerseybarrier_fence.prefab.json","rotationMatrix":[-0.999089837,-0.0426566787,0,0.0426566787,-0.999089837,-2.01820035e-06,8.60897131e-08,-2.01636317e-06,1]}
{"name":"p_jerseybarrier_fence155","internalName":"p_jerseybarrier_fence155","class":"Prefab","persistentId":"213e5067-ccf0-4f8e-808f-04d80cd904dc","__parent":"port","position":[350.886261,1709.03882,74.875],"filename":"/levels/west_coast_usa/art/prefabs/p_jerseybarrier_fence.prefab.json","rotationMatrix":[-0.999089837,-0.0426566787,0,0.0426566787,-0.999089837,-2.01820035e-06,8.60897131e-08,-2.01636317e-06,1]}
{"name":"p_jerseybarrier_fence156","internalName":"p_jerseybarrier_fence156","class":"Prefab","persistentId":"c9308e7d-c707-4436-8ba5-8ba089924396","__parent":"port","position":[351.017792,1705.95813,74.8749924],"filename":"/levels/west_coast_usa/art/prefabs/p_jerseybarrier_fence.prefab.json","rotationMatrix":[-0.999089837,-0.0426580906,0,0.0426580906,-0.999089837,-1.13115425e-06,4.8252879e-08,-1.1301247e-06,1]}
{"name":"p_jerseybarrier_fence157","internalName":"p_jerseybarrier_fence157","class":"Prefab","persistentId":"a6fb715e-d36f-48b2-9694-4ad3d7f5801d","__parent":"port","position":[351.149353,1702.87744,74.8749847],"filename":"/levels/west_coast_usa/art/prefabs/p_jerseybarrier_fence.prefab.json","rotationMatrix":[-0.999089837,-0.0426580906,0,0.0426580906,-0.999089837,-1.13115425e-06,4.8252879e-08,-1.1301247e-06,1]}
{"name":"p_jerseybarrier_fence158","internalName":"p_jerseybarrier_fence158","class":"Prefab","persistentId":"65959631-a981-4c2b-a66c-9d73fd1eff3e","__parent":"port","position":[351.280884,1699.79675,74.8749847],"filename":"/levels/west_coast_usa/art/prefabs/p_jerseybarrier_fence.prefab.json","rotationMatrix":[-0.999090075,-0.0426509976,1.77635684e-15,0.0426509976,-0.999090075,-1.36178141e-06,5.80813335e-08,-1.36054223e-06,1]}
{"name":"p_jerseybarrier_fence159","internalName":"p_jerseybarrier_fence159","class":"Prefab","persistentId":"c4b0130d-0e87-4b25-8a55-a9900a3771fa","__parent":"port","position":[351.412384,1696.71619,74.8749771],"filename":"/levels/west_coast_usa/art/prefabs/p_jerseybarrier_fence.prefab.json","rotationMatrix":[-0.999090075,-0.0426509976,1.77635684e-15,0.0426509976,-0.999090075,-1.36178141e-06,5.80813335e-08,-1.36054223e-06,1]}
{"name":"p_jerseybarrier_fence160","internalName":"p_jerseybarrier_fence160","class":"Prefab","persistentId":"ba3232b5-f4af-4c3a-93ec-355bb0a45e32","__parent":"port","position":[351.543915,1693.6355,74.8749771],"filename":"/levels/west_coast_usa/art/prefabs/p_jerseybarrier_fence.prefab.json","rotationMatrix":[-0.999089837,-0.0426548831,0,0.0426548831,-0.999089837,-1.84557291e-06,7.87226995e-08,-1.8438933e-06,1]}
{"name":"p_jerseybarrier_fence161","internalName":"p_jerseybarrier_fence161","class":"Prefab","persistentId":"833d5fbf-c72b-4f22-8610-8d3782d9c3c4","__parent":"port","position":[351.674316,1690.58154,74.8749695],"filename":"/levels/west_coast_usa/art/prefabs/p_jerseybarrier_fence.prefab.json","rotationMatrix":[-0.999089837,-0.0426548831,0,0.0426548831,-0.999089837,-1.84557291e-06,7.87226995e-08,-1.8438933e-06,1]}
{"name":"p_jerseybarrier_fence109","internalName":"p_jerseybarrier_fence109","class":"Prefab","persistentId":"a9909bcd-3695-432e-9840-2bbeffb80f6e","__parent":"port","position":[351.981903,1762.37537,74.8750839],"filename":"/levels/west_coast_usa/art/prefabs/p_jerseybarrier_fence.prefab.json","rotationMatrix":[0.0426564813,-0.999089718,-1.85781653e-06,0.999089718,0.0426564813,1.21920607e-08,6.70667077e-08,-1.85664567e-06,1]}
{"name":"p_jerseybarrier_fence130","internalName":"p_jerseybarrier_fence130","class":"Prefab","persistentId":"5d7a6f10-99c9-4a81-8887-8b2f616f8b21","__parent":"port","position":[355.132172,1762.51013,74.8750839],"filename":"/levels/west_coast_usa/art/prefabs/p_jerseybarrier_fence.prefab.json","rotationMatrix":[0.0426558256,-0.999089718,-1.85781767e-06,0.999089718,0.0426558256,4.96066662e-07,-4.16368607e-07,-1.87728688e-06,1]}
{"name":"p_jerseybarrier_fence131","internalName":"p_jerseybarrier_fence131","class":"Prefab","persistentId":"6b42a08a-0384-4642-899f-a736b0b235ba","__parent":"port","position":[358.391907,1762.64917,74.8750839],"filename":"/levels/west_coast_usa/art/prefabs/p_jerseybarrier_fence.prefab.json","rotationMatrix":[0.0426558256,-0.999089718,-1.85781767e-06,0.999089718,0.0426558256,4.96066662e-07,-4.16368607e-07,-1.87728688e-06,1]}
{"name":"p_jerseybarrier_fence133","internalName":"p_jerseybarrier_fence133","class":"Prefab","persistentId":"550b8ac9-01b1-4228-af0c-836f7191fab5","__parent":"port","position":[361.698669,1762.79028,74.8750839],"filename":"/levels/west_coast_usa/art/prefabs/p_jerseybarrier_fence.prefab.json","rotationMatrix":[0.042655468,-0.999089777,-1.85781846e-06,0.999089777,0.042655468,7.2662209e-07,-6.46714909e-07,-1.8871217e-06,1]}
{"name":"p_jerseybarrier_fence134","internalName":"p_jerseybarrier_fence134","class":"Prefab","persistentId":"764dd17e-b061-41ce-b0fc-848074c385a8","__parent":"port","position":[374.094543,1763.28467,74.8750916],"filename":"/levels/west_coast_usa/art/prefabs/p_jerseybarrier_fence.prefab.json","rotationMatrix":[0.0426521897,-0.999090016,-1.85782426e-06,0.999090016,0.0426521897,-1.60356308e-07,2.39450515e-07,-1.84929411e-06,1]}
{"name":"p_jerseybarrier_fence135","internalName":"p_jerseybarrier_fence135","class":"Prefab","persistentId":"211d702e-6c36-4eaf-b673-7eb2ca8590e4","__parent":"port","position":[377.222443,1763.41821,74.8750916],"filename":"/levels/west_coast_usa/art/prefabs/p_jerseybarrier_fence.prefab.json","rotationMatrix":[0.0426521897,-0.999090016,-1.85782426e-06,0.999090016,0.0426521897,-1.60356308e-07,2.39450515e-07,-1.84929411e-06,1]}
{"name":"p_jerseybarrier_fence136","internalName":"p_jerseybarrier_fence136","class":"Prefab","persistentId":"f6bc5af7-cf4f-4bfa-8ed8-954bcac6817b","__parent":"port","position":[380.505737,1763.55835,74.8750916],"filename":"/levels/west_coast_usa/art/prefabs/p_jerseybarrier_fence.prefab.json","rotationMatrix":[0.0426521897,-0.999090016,-1.85782426e-06,0.999090016,0.0426521897,-1.60356308e-07,2.39450515e-07,-1.84929411e-06,1]}
{"name":"p_jerseybarrier_fence137","internalName":"p_jerseybarrier_fence137","class":"Prefab","persistentId":"6c9d79c9-0ed3-41c4-80c2-71bb36fe4914","__parent":"port","position":[383.650024,1763.69263,74.8750916],"filename":"/levels/west_coast_usa/art/prefabs/p_jerseybarrier_fence.prefab.json","rotationMatrix":[0.0426564813,-0.999089718,-1.85781641e-06,0.999089718,0.0426564813,9.10074391e-07,-8.29998271e-07,-1.89494597e-06,1]}
{"name":"p_jerseybarrier_fence162","internalName":"p_jerseybarrier_fence162","class":"Prefab","persistentId":"4951fd47-02e5-4a64-bc60-8e5042f5d1a1","__parent":"port","position":[386.778015,1763.82605,74.8750916],"filename":"/levels/west_coast_usa/art/prefabs/p_jerseybarrier_fence.prefab.json","rotationMatrix":[0.0426564813,-0.999089718,-1.85781641e-06,0.999089718,0.0426564813,9.10074391e-07,-8.29998271e-07,-1.89494597e-06,1]}
{"name":"p_jerseybarrier_fence163","internalName":"p_jerseybarrier_fence163","class":"Prefab","persistentId":"3bed258b-9864-46e3-b283-2ed155dfd032","__parent":"port","position":[389.858704,1763.95764,74.8750992],"filename":"/levels/west_coast_usa/art/prefabs/p_jerseybarrier_fence.prefab.json","rotationMatrix":[0.0426558256,-0.999089718,-1.85781778e-06,0.999089718,0.0426558256,3.97903932e-13,7.92461492e-08,-1.8561268e-06,1]}
{"name":"p_jerseybarrier_fence164","internalName":"p_jerseybarrier_fence164","class":"Prefab","persistentId":"c3576cbf-aded-45c1-b8ac-0bb4fdb34cd6","__parent":"port","position":[363.620392,1764.1394,74.8750916],"filename":"/levels/west_coast_usa/art/prefabs/p_jerseybarrier_fence.prefab.json","rotationMatrix":[0.999089837,0.0426557809,7.26622602e-07,-0.0426557809,0.999089837,1.85781755e-06,-6.46714625e-07,-1.88712124e-06,1]}
{"name":"p_jerseybarrier_fence165","internalName":"p_jerseybarrier_fence165","class":"Prefab","persistentId":"38adf09e-0de0-44c1-81dd-783224ca997d","__parent":"port","position":[363.489777,1767.19824,74.8750992],"filename":"/levels/west_coast_usa/art/prefabs/p_jerseybarrier_fence.prefab.json","rotationMatrix":[0.999089837,0.0426557809,7.26622602e-07,-0.0426557809,0.999089837,1.85781755e-06,-6.46714625e-07,-1.88712124e-06,1]}
{"name":"p_jerseybarrier_fence132","internalName":"p_jerseybarrier_fence132","class":"Prefab","persistentId":"ce61d8e2-84a8-4b7b-9ebf-4de141129028","__parent":"port","position":[372.182648,1764.50696,74.8750916],"filename":"/levels/west_coast_usa/art/prefabs/p_jerseybarrier_fence.prefab.json","rotationMatrix":[0.999089837,0.0426557809,7.26622602e-07,-0.0426557809,0.999089837,1.85781755e-06,-6.46714625e-07,-1.88712124e-06,1]}
{"name":"p_jerseybarrier_fence166","internalName":"p_jerseybarrier_fence166","class":"Prefab","persistentId":"d2219108-5102-41eb-b6e6-80f119e80397","__parent":"port","position":[372.052032,1767.5658,74.8750992],"filename":"/levels/west_coast_usa/art/prefabs/p_jerseybarrier_fence.prefab.json","rotationMatrix":[0.999089837,0.0426557809,7.26622602e-07,-0.0426557809,0.999089837,1.85781755e-06,-6.46714625e-07,-1.88712124e-06,1]}
{"name":"p_jerseybarrier_fence167","internalName":"p_jerseybarrier_fence167","class":"Prefab","persistentId":"13f3421a-51ec-4522-b822-ada644afd071","__parent":"port","position":[373.860779,1768.7644,74.8750992],"filename":"/levels/west_coast_usa/art/prefabs/p_jerseybarrier_fence.prefab.json","rotationMatrix":[0.0426521897,-0.999090016,-1.85782426e-06,0.999090016,0.0426521897,-1.60356308e-07,2.39450515e-07,-1.84929411e-06,1]}
{"name":"p_jerseybarrier_fence168","internalName":"p_jerseybarrier_fence168","class":"Prefab","persistentId":"f69eb5e9-877c-4bdd-9a03-a468e1284212","__parent":"port","position":[376.988678,1768.89795,74.8750992],"filename":"/levels/west_coast_usa/art/prefabs/p_jerseybarrier_fence.prefab.json","rotationMatrix":[0.0426521897,-0.999090016,-1.85782426e-06,0.999090016,0.0426521897,-1.60356308e-07,2.39450515e-07,-1.84929411e-06,1]}
{"name":"p_jerseybarrier_fence169","internalName":"p_jerseybarrier_fence169","class":"Prefab","persistentId":"d52273ab-a3c0-43b0-a9ec-52d3bb66b2b9","__parent":"port","position":[380.271973,1769.03809,74.8750992],"filename":"/levels/west_coast_usa/art/prefabs/p_jerseybarrier_fence.prefab.json","rotationMatrix":[0.0426521897,-0.999090016,-1.85782426e-06,0.999090016,0.0426521897,-1.60356308e-07,2.39450515e-07,-1.84929411e-06,1]}
{"name":"p_jerseybarrier_fence170","internalName":"p_jerseybarrier_fence170","class":"Prefab","persistentId":"7fec065a-3ae2-4d16-b887-bac473039c51","__parent":"port","position":[383.41626,1769.17236,74.8750992],"filename":"/levels/west_coast_usa/art/prefabs/p_jerseybarrier_fence.prefab.json","rotationMatrix":[0.0426564813,-0.999089718,-1.85781641e-06,0.999089718,0.0426564813,9.10074391e-07,-8.29998271e-07,-1.89494597e-06,1]}
{"name":"p_jerseybarrier_fence171","internalName":"p_jerseybarrier_fence171","class":"Prefab","persistentId":"da64e785-fbf8-4012-9954-957edb5657ea","__parent":"port","position":[386.54425,1769.30579,74.8750992],"filename":"/levels/west_coast_usa/art/prefabs/p_jerseybarrier_fence.prefab.json","rotationMatrix":[0.0426564813,-0.999089718,-1.85781641e-06,0.999089718,0.0426564813,9.10074391e-07,-8.29998271e-07,-1.89494597e-06,1]}
{"name":"p_jerseybarrier_fence172","internalName":"p_jerseybarrier_fence172","class":"Prefab","persistentId":"405dee8b-d809-4311-8a02-9b324de3e311","__parent":"port","position":[389.624939,1769.43738,74.8751068],"filename":"/levels/west_coast_usa/art/prefabs/p_jerseybarrier_fence.prefab.json","rotationMatrix":[0.0426558256,-0.999089718,-1.85781778e-06,0.999089718,0.0426558256,3.97903932e-13,7.92461492e-08,-1.8561268e-06,1]}
{"name":"p_jerseybarrier_fence68","internalName":"p_jerseybarrier_fence68","class":"Prefab","persistentId":"8ccb1eb7-d083-4218-82fd-00967e5f24c1","__parent":"port","position":[389.118195,1790.71716,74.9405746],"filename":"/levels/west_coast_usa/art/prefabs/p_jerseybarrier_fence.prefab.json","rotationMatrix":[-0.0396723747,0.999199569,0.00509493845,-0.999208272,-0.0396865606,0.00270790095,0.002907936,-0.0049834759,0.99998337]}
{"name":"p_jerseybarrier_fence69","internalName":"p_jerseybarrier_fence69","class":"Prefab","persistentId":"5915b937-dbd8-41bb-8558-07d23d34285d","__parent":"port","position":[361.666382,1768.3031,74.8751144],"filename":"/levels/west_coast_usa/art/prefabs/p_jerseybarrier_fence.prefab.json","rotationMatrix":[0.0426558256,-0.999089718,-1.85781778e-06,0.999089718,0.0426558256,3.97903932e-13,7.92461492e-08,-1.8561268e-06,1]}
{"name":"p_jerseybarrier_fence173","internalName":"p_jerseybarrier_fence173","class":"Prefab","persistentId":"3bdf5123-7662-4703-8dbe-891d86669f86","__parent":"port","position":[358.585693,1768.17151,74.8751068],"filename":"/levels/west_coast_usa/art/prefabs/p_jerseybarrier_fence.prefab.json","rotationMatrix":[0.0426564813,-0.999089718,-1.85781641e-06,0.999089718,0.0426564813,9.10074391e-07,-8.29998271e-07,-1.89494597e-06,1]}
{"name":"p_jerseybarrier_fence174","internalName":"p_jerseybarrier_fence174","class":"Prefab","persistentId":"a4bab3f0-ae55-471f-b3c8-ba094ac7248f","__parent":"port","position":[355.457703,1768.03809,74.8751068],"filename":"/levels/west_coast_usa/art/prefabs/p_jerseybarrier_fence.prefab.json","rotationMatrix":[0.0426564813,-0.999089718,-1.85781641e-06,0.999089718,0.0426564813,9.10074391e-07,-8.29998271e-07,-1.89494597e-06,1]}
{"name":"p_jerseybarrier_fence175","internalName":"p_jerseybarrier_fence175","class":"Prefab","persistentId":"eb777682-517b-4a34-a58d-b64226c9ac59","__parent":"port","position":[352.313416,1767.90381,74.8751068],"filename":"/levels/west_coast_usa/art/prefabs/p_jerseybarrier_fence.prefab.json","rotationMatrix":[0.0426521897,-0.999090016,-1.85782426e-06,0.999090016,0.0426521897,-1.60356308e-07,2.39450515e-07,-1.84929411e-06,1]}
{"name":"p_jerseybarrier_fence176","internalName":"p_jerseybarrier_fence176","class":"Prefab","persistentId":"3c913b20-0ec8-42be-bcad-a5c499efef4b","__parent":"port","position":[349.030121,1767.76367,74.8751068],"filename":"/levels/west_coast_usa/art/prefabs/p_jerseybarrier_fence.prefab.json","rotationMatrix":[0.0426521897,-0.999090016,-1.85782426e-06,0.999090016,0.0426521897,-1.60356308e-07,2.39450515e-07,-1.84929411e-06,1]}
{"name":"p_jerseybarrier_fence177","internalName":"p_jerseybarrier_fence177","class":"Prefab","persistentId":"4f747f43-62c8-4606-8835-3e16b8b61525","__parent":"port","position":[345.902222,1767.63013,74.8751068],"filename":"/levels/west_coast_usa/art/prefabs/p_jerseybarrier_fence.prefab.json","rotationMatrix":[0.0426521897,-0.999090016,-1.85782426e-06,0.999090016,0.0426521897,-1.60356308e-07,2.39450515e-07,-1.84929411e-06,1]}
{"name":"p_jerseybarrier_fence178","internalName":"p_jerseybarrier_fence178","class":"Prefab","persistentId":"315f22be-3435-42d2-9301-6688e0715b79","__parent":"port","position":[342.814056,1767.49817,74.8751144],"filename":"/levels/west_coast_usa/art/prefabs/p_jerseybarrier_fence.prefab.json","rotationMatrix":[0.0426558256,-0.999089718,-1.85781778e-06,0.999089718,0.0426558256,3.97903932e-13,7.92461492e-08,-1.8561268e-06,1]}
{"name":"p_jerseybarrier_fence179","internalName":"p_jerseybarrier_fence179","class":"Prefab","persistentId":"6ad1a607-5ade-485c-9c52-64cb0555ab5f","__parent":"port","position":[339.733368,1767.36658,74.8751068],"filename":"/levels/west_coast_usa/art/prefabs/p_jerseybarrier_fence.prefab.json","rotationMatrix":[0.0426564813,-0.999089718,-1.85781641e-06,0.999089718,0.0426564813,9.10074391e-07,-8.29998271e-07,-1.89494597e-06,1]}
{"name":"p_jerseybarrier_fence180","internalName":"p_jerseybarrier_fence180","class":"Prefab","persistentId":"7cc8b961-155d-46ad-936c-6739dc5e395f","__parent":"port","position":[336.605377,1767.23315,74.8751068],"filename":"/levels/west_coast_usa/art/prefabs/p_jerseybarrier_fence.prefab.json","rotationMatrix":[0.0426564813,-0.999089718,-1.85781641e-06,0.999089718,0.0426564813,9.10074391e-07,-8.29998271e-07,-1.89494597e-06,1]}
{"name":"p_jerseybarrier_fence181","internalName":"p_jerseybarrier_fence181","class":"Prefab","persistentId":"b77e75d7-3696-44c8-ae70-83ddf4f01be4","__parent":"port","position":[333.46109,1767.09888,74.8751068],"filename":"/levels/west_coast_usa/art/prefabs/p_jerseybarrier_fence.prefab.json","rotationMatrix":[0.0426521897,-0.999090016,-1.85782426e-06,0.999090016,0.0426521897,-1.60356308e-07,2.39450515e-07,-1.84929411e-06,1]}
{"name":"p_jerseybarrier_fence182","internalName":"p_jerseybarrier_fence182","class":"Prefab","persistentId":"896991bc-3057-4c35-91e2-73f0305d78b7","__parent":"port","position":[330.177795,1766.95874,74.8751068],"filename":"/levels/west_coast_usa/art/prefabs/p_jerseybarrier_fence.prefab.json","rotationMatrix":[0.0426521897,-0.999090016,-1.85782426e-06,0.999090016,0.0426521897,-1.60356308e-07,2.39450515e-07,-1.84929411e-06,1]}
{"name":"p_jerseybarrier_fence183","internalName":"p_jerseybarrier_fence183","class":"Prefab","persistentId":"f8ae3111-a94e-43c7-ab8a-2d3093be96ad","__parent":"port","position":[327.049896,1766.8252,74.8751068],"filename":"/levels/west_coast_usa/art/prefabs/p_jerseybarrier_fence.prefab.json","rotationMatrix":[0.0426521897,-0.999090016,-1.85782426e-06,0.999090016,0.0426521897,-1.60356308e-07,2.39450515e-07,-1.84929411e-06,1]}
{"name":"p_jerseybarrier_fence184","internalName":"p_jerseybarrier_fence184","class":"Prefab","persistentId":"15d7d449-0a00-4f17-803f-b80f67896bff","__parent":"port","position":[429.766113,1588.0741,74.7520599],"filename":"/levels/west_coast_usa/art/prefabs/p_jerseybarrier_fence.prefab.json","rotationMatrix":[1.78813934e-07,0.99999994,0,-0.99999994,1.78813934e-07,0,0,0,1]}
{"name":"p_jerseybarrier_fence185","internalName":"p_jerseybarrier_fence185","class":"Prefab","persistentId":"89a205f2-7669-4dda-bf41-21facc56e977","__parent":"port","position":[432.798157,1588.0741,74.7520599],"filename":"/levels/west_coast_usa/art/prefabs/p_jerseybarrier_fence.prefab.json","rotationMatrix":[1.78813934e-07,0.99999994,0,-0.99999994,1.78813934e-07,0,0,0,1]}
{"name":"p_jerseybarrier_fence186","internalName":"p_jerseybarrier_fence186","class":"Prefab","persistentId":"0044f8fb-1a13-452e-86b8-057bc77b3973","__parent":"port","position":[438.850647,1588.07397,74.7520599],"filename":"/levels/west_coast_usa/art/prefabs/p_jerseybarrier_fence.prefab.json","rotationMatrix":[1.78813934e-07,0.99999994,0,-0.99999994,1.78813934e-07,0,0,0,1]}
{"name":"p_jerseybarrier_fence187","internalName":"p_jerseybarrier_fence187","class":"Prefab","persistentId":"3406c91b-b727-4526-aafc-12f04790614c","__parent":"port","position":[435.818604,1588.07397,74.7520599],"filename":"/levels/west_coast_usa/art/prefabs/p_jerseybarrier_fence.prefab.json","rotationMatrix":[1.78813934e-07,0.99999994,0,-0.99999994,1.78813934e-07,0,0,0,1]}
{"name":"p_dock_jerseybarriers","internalName":"p_dock_jerseybarriers","class":"Prefab","persistentId":"c953b597-6761-4623-abba-a821248e2675","__parent":"port","filename":"/levels/west_coast_usa/art/prefabs/p_dock_jerseybarriers.prefab.json"}
{"name":"p_jerseybarrier_fence70","internalName":"p_jerseybarrier_fence70","class":"Prefab","persistentId":"59f56dcc-dcb0-40ea-b35d-550c7932c2d9","__parent":"port","filename":"/levels/west_coast_usa/art/prefabs/p_jerseybarrier_fence.prefab.json"}
{"class":"TSStatic","persistentId":"465f34be-7a5d-41ce-9a26-93bbb57fdea7","__parent":"port","position":[-8.3092556,759.155762,74.6910477],"decalType":"None","isRenderEnabled":false,"rotationMatrix":[0.184109151,-0.98207438,-0.0404195413,0.982626438,0.184881449,-0.0162493512,0.0234308932,-0.0367256552,0.999050677],"shapeName":"/levels/west_coast_usa/art/shapes/objects/bollard_yellow.dae","useInstanceRenderData":true}
{"class":"TSStatic","persistentId":"5dde2e34-efa4-4eec-8ba0-afd5bbaa4eb1","__parent":"port","position":[-1.96890152,759.152039,74.6910477],"decalType":"None","isRenderEnabled":false,"rotationMatrix":[0.184109092,-0.982309997,-0.0342174321,0.982626498,0.184775054,-0.0174164586,0.0234308913,-0.0304164253,0.999262631],"shapeName":"/levels/west_coast_usa/art/shapes/objects/bollard_yellow.dae","useInstanceRenderData":true}
{"class":"TSStatic","persistentId":"bf9c2965-22b3-41f1-a83c-b59240246401","__parent":"port","isRenderEnabled":false,"shapeName":"/levels/west_coast_usa/art/shapes/buildings/s_port_warehouse.dae","useInstanceRenderData":true}
{"class":"TSStatic","persistentId":"a035dba0-e828-4079-afe6-e86fb3da62d1","__parent":"port","collisionType":"Visible Mesh Final","decalType":"Visible Mesh Final","isRenderEnabled":false,"shapeName":"/levels/west_coast_usa/art/shapes/buildings/s_port_pier.dae","useInstanceRenderData":true}
