{"name":"tod","class":"TimeOfDay","persistentId":"412c4eb8-1ceb-4411-a3a7-f108ae12bc0c","__parent":"sky_and_sun","position":[36.6227989,-62.5098,15.3204002],"axisTilt":10,"azimuthOverride":0,"play":false,"startTime":0.100000001,"time":0.100000001}
{"name":"theLevelInfo","class":"LevelInfo","persistentId":"15762019-f499-4dfd-ac48-74e7699677b9","__parent":"sky_and_sun","canvasClearColor":[1,1,1,255],"enabled":"1","fogAtmosphereHeight":800,"fogColor":[0.741176009,0.815685987,0.925490022,1],"fogDensity":0.000600000028,"globalEnviromentMap":"BNG_Sky_02_cubemap","gravity":-9.81000042,"visibleDistance":4500}
{"name":"sunsky","class":"ScatterSky","persistentId":"12fb5685-051d-451a-ae7e-ef2e1cfb96be","__parent":"sky_and_sun","position":[70.3971024,4.53920984,73.9923019],"ambientScale":[0.545098007,0.545098007,0.549019992,1],"azimuth":286.698456,"colorize":[0.423528999,0.607842982,0.866666973,1],"colorizeAmount":2,"elevation":52.8186035,"exposure":15,"fadeStartDistance":1000,"flareScale":5,"flareType":"BNG_Sunflare_3","fogScale":[0.694118023,0.854902029,0.992156982,1],"lastSplitTerrainOnly":true,"logWeight":0.99000001,"mieScattering":0.000607529713,"moonLightColor":[0.196078002,0.196078002,0.196078002,1],"moonMat":"Moon_Glow_Mat","moonScale":0.0299999993,"nightColor":[0.0235293992,0.0235293992,0.0235293992,1],"nightCubemap":"BNG_Sky_Space","nightFogColor":[0.00392156979,0.00392156979,0.00392156979,1],"occlusionScale":0.0250000004,"overDarkFactor":[40000,8000,1800,650],"rayleighScattering":0.00999999978,"shadowDarkenColor":[0,0,0,0],"shadowDistance":1600,"shadowSoftness":0.200000003,"skyBrightness":11,"sunScale":[0.996078014,0.901961029,0.831372976,1],"texSize":1024,"useNightCubemap":true}
{"name":"clouds","class":"CloudLayer","persistentId":"f8368f0e-5aea-48bb-ace9-4ba95eecaec4","__parent":"sky_and_sun","position":[547.21698,-452.971985,609.744995],"Textures":[{"texDirection":null,"texScale":1.5,"texSpeed":0.00200000009},{"texDirection":[0.800000012,0.200000003],"texScale":3,"texSpeed":0.0250000004},{"texDirection":[0.200000003,0.5],"texScale":4,"texSpeed":0.0350000001}],"baseColor":[0.996078014,0.996078014,0.996078014,0.996078014],"coverage":0.0799999982,"exposure":1.29999995,"height":3,"texture":"levels/jungle_rock_island/art/skies/SkyNormals_05.dds","windSpeed":0.200000003}
{"name":"clouds1","class":"CloudLayer","persistentId":"27a554e7-586e-4462-b53f-3b046860c4c6","__parent":"sky_and_sun","position":[-1278.56006,-1211.32996,-186.731003],"Textures":[{"texDirection":null,"texScale":null,"texSpeed":0.00200000009},{"texDirection":[0.800000012,0.200000003],"texScale":2,"texSpeed":0.0250000004},{"texDirection":[0.200000003,0.5],"texScale":0.5,"texSpeed":0.0350000001}],"baseColor":[0.996078014,0.996078014,0.996078014,0.996078014],"cloneOrigin":"clouds","coverage":0.200000003,"exposure":1.29999995,"height":7,"texture":"levels/jungle_rock_island/art/skies/SkyNormals_05.dds","windSpeed":0.200000003}
