{"name":"burners_lights","class":"SimGroup","persistentId":"639d51b5-af27-4ba5-bf66-d967721ab5b7","__parent":"Methane_burners"}
{"name":"burners_particles","class":"SimGroup","persistentId":"c1919bd8-bbff-42b2-9423-f41653a75642","__parent":"Methane_burners"}
{"class":"TSStatic","persistentId":"02aeac4d-9517-4fd3-88b5-c51eb9bcc319","__parent":"Methane_burners","position":[-6.65938377,84.6850281,35.8064041],"annotation":"OBSTACLES","isRenderEnabled":false,"rotationMatrix":[0.806204796,0.591636419,-5.37087908e-06,-0.5916363,0.806204617,0.00066807383,0.000399582816,-0.000535425905,0.999999762],"shapeName":"/levels/industrial/art/shapes/buildings/ind_ramp_01_1m.dae","useInstanceRenderData":true}
{"class":"TSStatic","persistentId":"059b0a83-4028-4569-8dde-bc07b3c7dbd2","__parent":"Methane_burners","position":[-11.9124308,97.8201523,36.0845451],"annotation":"OBSTACLES","isRenderEnabled":false,"rotationMatrix":[-0.999838471,-0.0179931298,0,0.0179931298,-0.999838471,0,0,0,1],"shapeName":"/levels/industrial/art/shapes/buildings/ind_mesh_fence_2m.dae","useInstanceRenderData":true}
{"class":"TSStatic","persistentId":"0751b061-3f0b-4afa-a905-f5eed0d58be3","__parent":"Methane_burners","position":[-19.1064892,72.5699081,36.0839844],"annotation":"OBSTACLES","isRenderEnabled":false,"rotationMatrix":[0.932409823,0.361405671,0,-0.361405671,0.932409823,0,0,0,1],"shapeName":"/levels/industrial/art/shapes/buildings/ind_mesh_fence_4m.dae","useInstanceRenderData":true}
{"class":"TSStatic","persistentId":"0769e795-232e-4740-af59-d1f0fdce9fd2","__parent":"Methane_burners","position":[-4.6102252,71.5893631,36.0839844],"annotation":"OBSTACLES","isRenderEnabled":false,"rotationMatrix":[0.771692932,-0.635996103,0,0.635996103,0.771692932,0,0,0,1],"shapeName":"/levels/industrial/art/shapes/buildings/ind_mesh_fence_4m.dae","useInstanceRenderData":true}
{"class":"TSStatic","persistentId":"0b1af608-bbd5-4f39-b898-5cc509a4f039","__parent":"Methane_burners","position":[-1.48392034,69.0060959,36.0839844],"annotation":"OBSTACLES","isRenderEnabled":false,"rotationMatrix":[0.771692932,-0.635996103,0,0.635996103,0.771692932,0,0,0,1],"shapeName":"/levels/industrial/art/shapes/buildings/ind_mesh_fence_4m.dae","useInstanceRenderData":true}
{"class":"TSStatic","persistentId":"0d183ff4-9f22-4af9-be46-cb0bdc2e66db","__parent":"Methane_burners","position":[2.92387795,95.7215042,36.0926743],"annotation":"OBSTACLES","isRenderEnabled":false,"rotationMatrix":[-0.79850924,0.601983905,0,-0.601983905,-0.79850924,0,0,0,1],"shapeName":"/levels/industrial/art/shapes/buildings/ind_mesh_fence_4m.dae","useInstanceRenderData":true}
{"class":"TSStatic","persistentId":"11444223-c00d-4339-8359-650fef846944","__parent":"Methane_burners","position":[107.821861,80.5741959,36.2372131],"annotation":"OBSTACLES","isRenderEnabled":false,"rotationMatrix":[-5.96046561e-07,-1,0,1,-5.96046561e-07,0,0,0,1],"shapeName":"/levels/industrial/art/shapes/buildings/ind_mesh_fence_4m.dae","useInstanceRenderData":true}
{"class":"TSStatic","persistentId":"14758047-e615-438f-aadf-375863ef67a1","__parent":"Methane_burners","position":[-28.7175236,74.6448975,36.0926743],"annotation":"OBSTACLES","isRenderEnabled":false,"rotationMatrix":[0.36690107,-0.930258214,0,0.930258214,0.36690107,0,0,0,1],"shapeName":"/levels/industrial/art/shapes/buildings/ind_mesh_fence_4m.dae","useInstanceRenderData":true}
{"class":"TSStatic","persistentId":"16acce51-4298-4fa8-8109-96418e59840b","__parent":"Methane_burners","position":[130.230255,94.8326569,36.2346153],"annotation":"OBSTACLES","isRenderEnabled":false,"rotationMatrix":[-0.999999881,1.1920929e-07,0,-1.1920929e-07,-0.999999881,0,0,0,1],"shapeName":"/levels/industrial/art/shapes/buildings/ind_mesh_fence_4m.dae","useInstanceRenderData":true}
{"class":"TSStatic","persistentId":"17624e3a-81c3-4308-9b5f-405252d12ab3","__parent":"Methane_burners","position":[-8.84771156,97.7844391,36.0926743],"annotation":"OBSTACLES","isRenderEnabled":false,"rotationMatrix":[-0.99972403,0.0234512836,0,-0.0234512836,-0.99972403,0,0,0,1],"shapeName":"/levels/industrial/art/shapes/buildings/ind_mesh_fence_4m.dae","useInstanceRenderData":true}
{"class":"TSStatic","persistentId":"19c4f72d-2703-4024-9b95-b1cbfe9319f2","__parent":"Methane_burners","position":[-11.4011593,75.1658936,36.0839844],"annotation":"OBSTACLES","isRenderEnabled":false,"rotationMatrix":[0.981719375,0.190335587,0,-0.190335587,0.981719375,0,0,0,1],"shapeName":"/levels/industrial/art/shapes/buildings/ind_mesh_fence_4m.dae","useInstanceRenderData":true}
{"class":"TSStatic","persistentId":"1a3f671e-9c43-4f03-94bb-db64cd0b7126","__parent":"Methane_burners","position":[122.099579,74.5267944,36.234314],"annotation":"OBSTACLES","isRenderEnabled":false,"rotationMatrix":[1,-6.55651206e-07,0,6.55651206e-07,1,0,0,0,1],"shapeName":"/levels/industrial/art/shapes/buildings/ind_mesh_fence_4m.dae","useInstanceRenderData":true}
{"class":"TSStatic","persistentId":"1e901fcb-b739-4f34-a7aa-b7b25281bf85","__parent":"Methane_burners","position":[-27.4194794,71.8512573,36.0845451],"annotation":"OBSTACLES","isRenderEnabled":false,"rotationMatrix":[0.535298347,-0.844662189,0,0.844662189,0.535298347,0,0,0,1],"shapeName":"/levels/industrial/art/shapes/buildings/ind_mesh_fence_2m.dae","useInstanceRenderData":true}
{"class":"TSStatic","persistentId":"2829b265-7dbd-478a-9b52-2dc28da5027d","__parent":"Methane_burners","position":[-34.9108543,92.6270599,36.0845451],"annotation":"OBSTACLES","isRenderEnabled":false,"rotationMatrix":[-0.463206887,-0.886250377,0,0.886250377,-0.463206887,0,0,0,1],"shapeName":"/levels/industrial/art/shapes/buildings/ind_mesh_fence_2m.dae","useInstanceRenderData":true}
{"class":"TSStatic","persistentId":"28347d00-e387-4333-b99e-4e7739877083","__parent":"Methane_burners","position":[-28.5371761,94.9952469,36.0926743],"annotation":"OBSTACLES","isRenderEnabled":false,"rotationMatrix":[-0.969956458,-0.243274212,0,0.243274212,-0.969956458,0,0,0,1],"shapeName":"/levels/industrial/art/shapes/buildings/ind_mesh_fence_4m.dae","useInstanceRenderData":true}
{"class":"TSStatic","persistentId":"28ada5c3-3838-478c-a155-b38359218b64","__parent":"Methane_burners","position":[132.27916,80.5431747,36.2418594],"annotation":"OBSTACLES","isRenderEnabled":false,"rotationMatrix":[4.76837215e-07,1,0,-1,4.76837215e-07,0,0,0,1],"shapeName":"/levels/industrial/art/shapes/buildings/ind_mesh_fence_4m.dae","useInstanceRenderData":true}
{"class":"TSStatic","persistentId":"2904275c-38fd-440d-a35c-ec5ae1f7faed","__parent":"Methane_burners","position":[-12.9266186,97.8724594,37.3961296],"annotation":"OBSTACLES","isRenderEnabled":false,"rotationMatrix":[0.992594719,-0.121474855,0,0.121474855,0.992594719,0,0,0,1],"shapeName":"/levels/industrial/art/shapes/buildings/ind_mesh_fence_gate_3m.dae","useInstanceRenderData":true}
{"class":"TSStatic","persistentId":"30d7569a-12da-4144-a6eb-7ff351383796","__parent":"Methane_burners","position":[-4.76649141,97.6905212,36.0926743],"annotation":"OBSTACLES","isRenderEnabled":false,"rotationMatrix":[-0.99972403,0.0234512836,0,-0.0234512836,-0.99972403,0,0,0,1],"shapeName":"/levels/industrial/art/shapes/buildings/ind_mesh_fence_4m.dae","useInstanceRenderData":true}
{"class":"TSStatic","persistentId":"336bd422-0c8f-4469-a71b-bc0341d4d836","__parent":"Methane_burners","position":[-30.2283268,78.4882202,36.0926743],"annotation":"OBSTACLES","isRenderEnabled":false,"rotationMatrix":[0.36690107,-0.930258214,0,0.930258214,0.36690107,0,0,0,1],"shapeName":"/levels/industrial/art/shapes/buildings/ind_mesh_fence_4m.dae","useInstanceRenderData":true}
{"class":"TSStatic","persistentId":"33e481b9-c219-4269-9c99-2f71a9718f97","__parent":"Methane_burners","position":[-25.8640862,70.6601715,36.0845451],"annotation":"OBSTACLES","isRenderEnabled":false,"rotationMatrix":[0.961866677,-0.273519337,0,0.273519337,0.961866677,0,0,0,1],"shapeName":"/levels/industrial/art/shapes/buildings/ind_mesh_fence_2m.dae","useInstanceRenderData":true}
{"class":"TSStatic","persistentId":"3bd0df82-9ac9-4bd8-951c-8a8bfe5e1938","__parent":"Methane_burners","position":[-15.3086309,74.0470963,36.0839844],"annotation":"OBSTACLES","isRenderEnabled":false,"rotationMatrix":[0.932409823,0.361405671,0,-0.361405671,0.932409823,0,0,0,1],"shapeName":"/levels/industrial/art/shapes/buildings/ind_mesh_fence_4m.dae","useInstanceRenderData":true}
{"class":"TSStatic","persistentId":"3c818dbb-7532-4029-9077-36405c95db21","__parent":"Methane_burners","position":[-20.3365822,80.4190903,35.1733894],"annotation":"OBSTACLES","decalType":"None","isRenderEnabled":false,"rotationMatrix":[-0.85067147,-0.525696635,0,0.525696635,-0.85067147,0,0,0,1],"shapeName":"/levels/industrial/art/shapes/buildings/methane_burner.dae","useInstanceRenderData":true}
{"class":"TSStatic","persistentId":"3ccb6332-897e-4705-b9ae-2a514bf1968a","__parent":"Methane_burners","position":[114.025429,94.8326569,36.2346153],"annotation":"OBSTACLES","isRenderEnabled":false,"rotationMatrix":[-0.999999881,1.1920929e-07,0,-1.1920929e-07,-0.999999881,0,0,0,1],"shapeName":"/levels/industrial/art/shapes/buildings/ind_mesh_fence_4m.dae","useInstanceRenderData":true}
{"class":"TSStatic","persistentId":"3db7ab5b-0dc4-4050-941c-825f00359bce","__parent":"Methane_burners","position":[132.27916,76.4986038,36.2418594],"annotation":"OBSTACLES","isRenderEnabled":false,"rotationMatrix":[4.76837215e-07,1,0,-1,4.76837215e-07,0,0,0,1],"shapeName":"/levels/industrial/art/shapes/buildings/ind_mesh_fence_4m.dae","useInstanceRenderData":true}
{"class":"TSStatic","persistentId":"4ebab15a-a76d-4d8c-b81e-cb2aafaf46ff","__parent":"Methane_burners","position":[4.92944145,92.503624,36.0926743],"annotation":"OBSTACLES","isRenderEnabled":false,"rotationMatrix":[-0.185251981,0.982691765,0,-0.982691765,-0.185251981,0,0,0,1],"shapeName":"/levels/industrial/art/shapes/buildings/ind_mesh_fence_4m.dae","useInstanceRenderData":true}
{"class":"TSStatic","persistentId":"5ce4d61b-d354-4503-9a0d-57e9de694df6","__parent":"Methane_burners","position":[109.951851,94.8326569,36.2346153],"annotation":"OBSTACLES","isRenderEnabled":false,"rotationMatrix":[-0.999999881,1.1920929e-07,0,-1.1920929e-07,-0.999999881,0,0,0,1],"shapeName":"/levels/industrial/art/shapes/buildings/ind_mesh_fence_4m.dae","useInstanceRenderData":true}
{"class":"TSStatic","persistentId":"5fd72191-4cc9-4276-9fa4-1009335e8be7","__parent":"Methane_burners","position":[-34.6917114,89.840477,36.0926743],"annotation":"OBSTACLES","isRenderEnabled":false,"rotationMatrix":[0.36690107,-0.930258214,0,0.930258214,0.36690107,0,0,0,1],"shapeName":"/levels/industrial/art/shapes/buildings/ind_mesh_fence_4m.dae","useInstanceRenderData":true}
{"class":"TSStatic","persistentId":"620b0e95-6cc8-4a3d-ad44-8a12059c62f6","__parent":"Methane_burners","position":[-32.4758186,94.0293427,36.0926743],"annotation":"OBSTACLES","isRenderEnabled":false,"rotationMatrix":[-0.969956458,-0.243274212,0,0.243274212,-0.969956458,0,0,0,1],"shapeName":"/levels/industrial/art/shapes/buildings/ind_mesh_fence_4m.dae","useInstanceRenderData":true}
{"class":"TSStatic","persistentId":"7117c688-a313-4b51-81d1-c9af4e61035c","__parent":"Methane_burners","position":[107.834312,84.6567383,36.2406197],"annotation":"OBSTACLES","isRenderEnabled":false,"rotationMatrix":[-5.96046561e-07,-1,0,1,-5.96046561e-07,0,0,0,1],"shapeName":"/levels/industrial/art/shapes/buildings/ind_mesh_fence_4m.dae","useInstanceRenderData":true}
{"class":"TSStatic","persistentId":"772df85a-f969-4dc6-9088-bb042f80331e","__parent":"Methane_burners","position":[5.68092299,88.4846268,36.0926743],"annotation":"OBSTACLES","isRenderEnabled":false,"rotationMatrix":[-0.185251981,0.982691765,0,-0.982691765,-0.185251981,0,0,0,1],"shapeName":"/levels/industrial/art/shapes/buildings/ind_mesh_fence_4m.dae","useInstanceRenderData":true}
{"class":"TSStatic","persistentId":"7d6d48c2-9192-4902-b62c-f282041a344b","__parent":"Methane_burners","position":[4.07173443,76.4717865,36.0926743],"annotation":"OBSTACLES","isRenderEnabled":false,"rotationMatrix":[0.192733154,0.981252015,0,-0.981252015,0.192733154,0,0,0,1],"shapeName":"/levels/industrial/art/shapes/buildings/ind_mesh_fence_4m.dae","useInstanceRenderData":true}
{"class":"TSStatic","persistentId":"8568b36f-64ab-4a89-a83a-761f8a321eb1","__parent":"Methane_burners","position":[128.222931,94.8317566,37.5275955],"annotation":"OBSTACLES","isRenderEnabled":false,"rotationMatrix":[0.867298782,-0.497787267,0,0.497787267,0.867298782,0,0,0,1],"shapeName":"/levels/industrial/art/shapes/buildings/ind_mesh_fence_gate_3m.dae","useInstanceRenderData":true}
{"class":"TSStatic","persistentId":"8eb73ea1-c233-4a0e-bbc5-a74e5f00665d","__parent":"Methane_burners","position":[132.27916,88.7416458,36.2418594],"annotation":"OBSTACLES","isRenderEnabled":false,"rotationMatrix":[4.76837215e-07,1,0,-1,4.76837215e-07,0,0,0,1],"shapeName":"/levels/industrial/art/shapes/buildings/ind_mesh_fence_4m.dae","useInstanceRenderData":true}
{"class":"TSStatic","persistentId":"8f8a1b7c-ae20-4f9b-89c2-eedcaf201df2","__parent":"Methane_burners","position":[-33.2097282,86.0520782,36.0926743],"annotation":"OBSTACLES","isRenderEnabled":false,"rotationMatrix":[0.36690107,-0.930258214,0,0.930258214,0.36690107,0,0,0,1],"shapeName":"/levels/industrial/art/shapes/buildings/ind_mesh_fence_4m.dae","useInstanceRenderData":true}
{"class":"TSStatic","persistentId":"974cb121-ca34-41bb-8e60-8ede228386ce","__parent":"Methane_burners","position":[-27.006197,94.1884155,37.3961296],"annotation":"OBSTACLES","isRenderEnabled":false,"rotationMatrix":[0.987005472,0.160686612,0,-0.160686612,0.987005472,0,0,0,1],"shapeName":"/levels/industrial/art/shapes/buildings/ind_mesh_fence_gate_3m.dae","useInstanceRenderData":true}
{"class":"TSStatic","persistentId":"997c0be2-47e3-4ec4-855d-83c23964cd44","__parent":"Methane_burners","position":[113.9011,74.5267944,36.234314],"annotation":"OBSTACLES","isRenderEnabled":false,"rotationMatrix":[1,-6.55651206e-07,0,6.55651206e-07,1,0,0,0,1],"shapeName":"/levels/industrial/art/shapes/buildings/ind_mesh_fence_4m.dae","useInstanceRenderData":true}
{"class":"TSStatic","persistentId":"a2262428-152b-43c7-a115-21a456dcba8f","__parent":"Methane_burners","position":[121.199051,94.8299866,36.2302513],"annotation":"OBSTACLES","isRenderEnabled":false,"rotationMatrix":[-1.00000024,8.74227695e-08,-6.03683978e-11,-8.74227837e-08,-1,0.000690533954,0,0.000690533954,0.999999762],"shapeName":"/levels/industrial/art/shapes/buildings/ind_mesh_fence_2m.dae","useInstanceRenderData":true}
{"class":"TSStatic","persistentId":"a42ff082-ab5c-4803-9b08-206511de641e","__parent":"Methane_burners","position":[122.206039,94.8304138,37.5275955],"annotation":"OBSTACLES","isRenderEnabled":false,"rotationMatrix":[-0.974089503,-0.226164564,-0.000109617169,0.226164371,-0.974088907,-0.000560369983,1.99589831e-05,-0.000570642704,0.999999762],"shapeName":"/levels/industrial/art/shapes/buildings/ind_mesh_fence_gate_3m.dae","useInstanceRenderData":true}
{"class":"TSStatic","persistentId":"a53a5c9c-23d7-4dbf-8559-10e0955dfa2d","__parent":"Methane_burners","position":[3.68094778,74.5033264,37.3961296],"annotation":"OBSTACLES","isRenderEnabled":false,"rotationMatrix":[-0.222639978,0.974900663,0,-0.974900663,-0.222639978,0,0,0,1],"shapeName":"/levels/industrial/art/shapes/buildings/ind_mesh_fence_gate_3m.dae","useInstanceRenderData":true}
{"class":"TSStatic","persistentId":"a6ddd320-3f5a-4f32-834f-99ac72e08561","__parent":"Methane_burners","position":[109.878052,74.5088882,36.234314],"annotation":"OBSTACLES","isRenderEnabled":false,"rotationMatrix":[1,-6.55651206e-07,0,6.55651206e-07,1,0,0,0,1],"shapeName":"/levels/industrial/art/shapes/buildings/ind_mesh_fence_4m.dae","useInstanceRenderData":true}
{"class":"TSStatic","persistentId":"a7673bd7-264a-4cd8-a0a0-9a923ba9c9dc","__parent":"Methane_burners","position":[107.860207,92.8172379,36.2492828],"annotation":"OBSTACLES","isRenderEnabled":false,"rotationMatrix":[-5.96046561e-07,-1,0,1,-5.96046561e-07,0,0,0,1],"shapeName":"/levels/industrial/art/shapes/buildings/ind_mesh_fence_4m.dae","useInstanceRenderData":true}
{"class":"TSStatic","persistentId":"a7f4a3c6-f663-4a6d-8718-7dc97047e232","__parent":"Methane_burners","position":[4.86372566,80.4667282,36.0926743],"annotation":"OBSTACLES","isRenderEnabled":false,"rotationMatrix":[0.192733154,0.981252015,0,-0.981252015,0.192733154,0,0,0,1],"shapeName":"/levels/industrial/art/shapes/buildings/ind_mesh_fence_4m.dae","useInstanceRenderData":true}
{"class":"TSStatic","persistentId":"a91f7d71-80ac-4f53-9556-ffb331da4147","__parent":"Methane_burners","position":[-0.721514165,97.2834549,36.0926743],"annotation":"OBSTACLES","isRenderEnabled":false,"rotationMatrix":[-0.985574543,0.169236213,0,-0.169236213,-0.985574543,0,0,0,1],"shapeName":"/levels/industrial/art/shapes/buildings/ind_mesh_fence_4m.dae","useInstanceRenderData":true}
{"class":"TSStatic","persistentId":"afdaaf72-861c-4f7c-823b-769536475087","__parent":"Methane_burners","position":[-13.6751223,94.1204834,35.8133354],"annotation":"OBSTACLES","isRenderEnabled":false,"rotationMatrix":[-0.802477658,-0.59668237,-0.000140734337,0.596682012,-0.802477598,-0.000669265573,0.000286399649,-0.00062104594,0.999999762],"shapeName":"/levels/industrial/art/shapes/buildings/ind_ramp_01_1m.dae","useInstanceRenderData":true}
{"class":"TSStatic","persistentId":"b024dde8-9b7a-44ef-ba2b-f8390adc041f","__parent":"Methane_burners","position":[-29.7423744,86.2417297,36.1023521],"annotation":"BUILDINGS","isRenderEnabled":false,"rotationMatrix":[-0.441954345,0.897037625,0,-0.897037625,-0.441954345,0,0,0,1],"shapeName":"/levels/industrial/art/shapes/buildings/modular_container/modular_02.dae","useInstanceRenderData":true}
{"class":"TSStatic","persistentId":"b0704be1-9475-4ddc-86d6-3275c996712f","__parent":"Methane_burners","position":[-9.97329998,97.5112991,37.3961296],"annotation":"OBSTACLES","isRenderEnabled":false,"rotationMatrix":[0.559391379,-0.828903854,0,0.828903854,0.559391379,0,0,0,1],"shapeName":"/levels/industrial/art/shapes/buildings/ind_mesh_fence_gate_3m.dae","useInstanceRenderData":true}
{"class":"TSStatic","persistentId":"b16e85c5-8058-4fea-b4fc-670ef180e03a","__parent":"Methane_burners","position":[-7.74032402,74.1807556,36.0839844],"annotation":"OBSTACLES","isRenderEnabled":false,"rotationMatrix":[0.771692932,-0.635996103,0,0.635996103,0.771692932,0,0,0,1],"shapeName":"/levels/industrial/art/shapes/buildings/ind_mesh_fence_4m.dae","useInstanceRenderData":true}
{"class":"TSStatic","persistentId":"c2e22f3c-4704-46c4-9c1c-ad4f4a083b15","__parent":"Methane_burners","position":[-25.5501137,95.6857758,36.085228],"annotation":"OBSTACLES","isRenderEnabled":false,"rotationMatrix":[-0.980323911,-0.197396547,0,0.197396547,-0.980323911,0,0,0,1],"shapeName":"/levels/industrial/art/shapes/buildings/ind_mesh_fence_2m.dae","useInstanceRenderData":true}
{"class":"TSStatic","persistentId":"c2f69eb7-0030-43e3-a4d9-6fedec9e8111","__parent":"Methane_burners","position":[130.214355,74.5267944,36.234314],"annotation":"OBSTACLES","isRenderEnabled":false,"rotationMatrix":[1,-6.55651206e-07,0,6.55651206e-07,1,0,0,0,1],"shapeName":"/levels/industrial/art/shapes/buildings/ind_mesh_fence_4m.dae","useInstanceRenderData":true}
{"class":"TSStatic","persistentId":"c5ff2f8b-90b2-4693-ab8a-7d431a50bfcd","__parent":"Methane_burners","position":[-31.71031,82.276619,36.0926743],"annotation":"OBSTACLES","isRenderEnabled":false,"rotationMatrix":[0.36690107,-0.930258214,0,0.930258214,0.36690107,0,0,0,1],"shapeName":"/levels/industrial/art/shapes/buildings/ind_mesh_fence_4m.dae","useInstanceRenderData":true}
{"class":"TSStatic","persistentId":"c6d2be5e-2e04-4233-9096-d5a21b862055","__parent":"Methane_burners","position":[-22.9307461,71.1032333,36.0839844],"annotation":"OBSTACLES","isRenderEnabled":false,"rotationMatrix":[0.932409823,0.361405671,0,-0.361405671,0.932409823,0,0,0,1],"shapeName":"/levels/industrial/art/shapes/buildings/ind_mesh_fence_4m.dae","useInstanceRenderData":true}
{"class":"TSStatic","persistentId":"c74ad70e-8b30-414f-91e7-ced31e07901b","__parent":"Methane_burners","position":[118.055,74.5267944,36.234314],"annotation":"OBSTACLES","isRenderEnabled":false,"rotationMatrix":[1,-6.55651206e-07,0,6.55651206e-07,1,0,0,0,1],"shapeName":"/levels/industrial/art/shapes/buildings/ind_mesh_fence_4m.dae","useInstanceRenderData":true}
{"class":"TSStatic","persistentId":"cb6c96c9-81e0-48bd-937d-4c8fb6d64d05","__parent":"Methane_burners","position":[118.12561,94.8326569,36.2346153],"annotation":"OBSTACLES","isRenderEnabled":false,"rotationMatrix":[-0.999999881,1.1920929e-07,0,-1.1920929e-07,-0.999999881,0,0,0,1],"shapeName":"/levels/industrial/art/shapes/buildings/ind_mesh_fence_4m.dae","useInstanceRenderData":true}
{"class":"TSStatic","persistentId":"d88c9e4f-5650-45ad-9839-29189bc12e7c","__parent":"Methane_burners","position":[0.967340946,68.2247925,36.0881081],"annotation":"OBSTACLES","isRenderEnabled":false,"rotationMatrix":[0.817791581,0.575514615,0,-0.575514615,0.817791581,0,0,0,1],"shapeName":"/levels/industrial/art/shapes/buildings/ind_mesh_fence_2m.dae","useInstanceRenderData":true}
{"class":"TSStatic","persistentId":"de12924f-cd78-4a29-9a03-c36fb1fe1de7","__parent":"Methane_burners","position":[-14.5947323,84.7085648,35.1838951],"annotation":"OBSTACLES","decalType":"None","isRenderEnabled":false,"rotationMatrix":[0.812575519,0.582856476,0,-0.582856476,0.812575519,0,0,0,1],"shapeName":"/levels/industrial/art/shapes/buildings/methane_burner_02.dae","useInstanceRenderData":true}
{"class":"TSStatic","persistentId":"e3036fc5-3b22-4ff3-8c18-83489577cdd2","__parent":"Methane_burners","position":[126.166969,74.5267944,36.234314],"annotation":"OBSTACLES","isRenderEnabled":false,"rotationMatrix":[1,-6.55651206e-07,0,6.55651206e-07,1,0,0,0,1],"shapeName":"/levels/industrial/art/shapes/buildings/ind_mesh_fence_4m.dae","useInstanceRenderData":true}
{"class":"TSStatic","persistentId":"e35f16ac-9bb9-438a-a714-bdc3dcec362b","__parent":"Methane_burners","position":[132.27916,84.6970749,36.2418594],"annotation":"OBSTACLES","isRenderEnabled":false,"rotationMatrix":[4.76837215e-07,1,0,-1,4.76837215e-07,0,0,0,1],"shapeName":"/levels/industrial/art/shapes/buildings/ind_mesh_fence_4m.dae","useInstanceRenderData":true}
{"class":"TSStatic","persistentId":"e7f807c7-82e8-4881-8e6f-de2b88800d04","__parent":"Methane_burners","position":[121.204971,87.3799667,35.3564072],"annotation":"OBSTACLES","decalType":"None","isRenderEnabled":false,"rotationMatrix":[-1,8.74227766e-08,0,-8.74227766e-08,-1,0,0,0,1],"shapeName":"/levels/industrial/art/shapes/buildings/methane_burner.dae"}
{"class":"TSStatic","persistentId":"ecb8e6c5-a04a-483a-9bd3-d6eb8cac015a","__parent":"Methane_burners","position":[132.27916,92.8091202,36.2418594],"annotation":"OBSTACLES","isRenderEnabled":false,"rotationMatrix":[4.76837215e-07,1,0,-1,4.76837215e-07,0,0,0,1],"shapeName":"/levels/industrial/art/shapes/buildings/ind_mesh_fence_4m.dae","useInstanceRenderData":true}
{"class":"TSStatic","persistentId":"edb33182-c615-4bb1-8e2e-9e9b69b0282f","__parent":"Methane_burners","position":[5.66026735,84.4799347,36.0926743],"annotation":"OBSTACLES","isRenderEnabled":false,"rotationMatrix":[0.192733154,0.981252015,0,-0.981252015,0.192733154,0,0,0,1],"shapeName":"/levels/industrial/art/shapes/buildings/ind_mesh_fence_4m.dae","useInstanceRenderData":true}
{"class":"TSStatic","persistentId":"f05e4d16-cc45-450b-bae5-710f53d71deb","__parent":"Methane_burners","position":[107.816475,76.5067215,36.2271957],"annotation":"OBSTACLES","isRenderEnabled":false,"rotationMatrix":[-5.96046561e-07,-1,0,1,-5.96046561e-07,0,0,0,1],"shapeName":"/levels/industrial/art/shapes/buildings/ind_mesh_fence_4m.dae","useInstanceRenderData":true}
{"class":"TSStatic","persistentId":"f5737abf-638b-4d16-af5b-082649b60492","__parent":"Methane_burners","position":[-24.5551434,95.8687744,37.3961296],"annotation":"OBSTACLES","isRenderEnabled":false,"rotationMatrix":[-0.826120913,-0.563492239,0,0.563492239,-0.826120913,0,0,0,1],"shapeName":"/levels/industrial/art/shapes/buildings/ind_mesh_fence_gate_3m.dae","useInstanceRenderData":true}
{"class":"TSStatic","persistentId":"f947e498-c97b-4065-89fa-fb341eada04d","__parent":"Methane_burners","position":[107.836464,88.7726669,36.2528915],"annotation":"OBSTACLES","isRenderEnabled":false,"rotationMatrix":[-5.96046561e-07,-1,0,1,-5.96046561e-07,0,0,0,1],"shapeName":"/levels/industrial/art/shapes/buildings/ind_mesh_fence_4m.dae","useInstanceRenderData":true}
{"class":"TSStatic","persistentId":"fb040a91-dc82-4b15-938d-199086f60e88","__parent":"Methane_burners","position":[1.78744555,68.7959824,37.3883858],"annotation":"OBSTACLES","isRenderEnabled":false,"rotationMatrix":[-0.564317286,-0.825557411,0,0.825557411,-0.564317286,0,0,0,1],"shapeName":"/levels/industrial/art/shapes/buildings/ind_mesh_fence_gate_3m.dae","useInstanceRenderData":true}
{"class":"DecalRoad","persistentId":"04d42874-ee53-4d8a-a576-142ee9925808","__parent":"Methane_burners","position":[4.10219288,92.7502365,36.0992432],"distanceFade":[50,25],"improvedSpline":true,"material":"AsphaltRoad_damage_large_cracks_decal","nodes":[[4.10219288,92.7502365,36.0992432,3],[1.07790637,88.6108398,36.0992432,3]],"startEndFade":[2,2],"textureLength":12}
{"class":"DecalRoad","persistentId":"0cd26947-72cb-4f03-9c24-87f7064fa98f","__parent":"Methane_burners","position":[114.512337,93.0817337,36.1495972],"distanceFade":[50,25],"improvedSpline":true,"material":"AsphaltRoad_damage_large_cracks_decal","nodes":[[114.512337,93.0817337,36.1495972,3],[112.074028,86.4980545,36.1495972,3]],"startEndFade":[2,2],"textureLength":12}
{"class":"DecalRoad","persistentId":"13340371-a170-401b-9b79-3dfc2480030e","__parent":"Methane_burners","position":[-21.6940212,82.9266586,36.0992432],"distanceFade":[50,25],"improvedSpline":true,"material":"AsphaltRoad_damage_large_cracks_decal","nodes":[[-21.6940212,82.9266586,36.0992432,3],[-15.1206732,81.087822,36.0992432,3]],"startEndFade":[2,2],"textureLength":12}
{"class":"DecalRoad","persistentId":"19333e3e-d020-4472-91b2-7c135871d2db","__parent":"Methane_burners","position":[5.80357552,69.3290253,36.0992432],"distanceFade":[150,50],"improvedSpline":true,"material":"dirt_tiretracks","nodes":[[5.80357552,69.3290253,36.0992432,4],[0.140170097,73.8761368,36.0830383,4],[-4.47615767,80.791893,36.0992432,4]],"renderPriority":2,"startEndFade":[5,5],"textureLength":16}
{"class":"DecalRoad","persistentId":"19b2dbe5-d29a-4a41-bf50-a99dcfb092f9","__parent":"Methane_burners","position":[-21.0018883,88.2050018,36.0992432],"distanceFade":[50,25],"improvedSpline":true,"material":"AsphaltRoad_damage_large_cracks_decal","nodes":[[-21.0018883,88.2050018,36.0992432,3],[-16.5194492,84.0490875,36.0953102,3]],"startEndFade":[2,2],"textureLength":12}
{"class":"DecalRoad","persistentId":"2528ac6e-2d3c-4e8b-affd-e909fc6e6311","__parent":"Methane_burners","position":[-28.8139973,79.1680984,36.0992432],"distanceFade":[50,25],"improvedSpline":true,"material":"AsphaltRoad_damage_large_cracks_decal","nodes":[[-28.8139973,79.1680984,36.0992432,3],[-24.9495277,77.4551697,36.0992432,3],[-19.9362793,78.1432266,36.0992432,3]],"startEndFade":[2,2],"textureLength":12}
{"class":"DecalRoad","persistentId":"2f605f2d-648f-4475-82c6-e224af282252","__parent":"Methane_burners","position":[-28.2391014,78.4312744,36.0992432],"distanceFade":[50,25],"improvedSpline":true,"material":"AsphaltRoad_damage_large_cracks_decal","nodes":[[-28.2391014,78.4312744,36.0992432,3],[-24.3904991,74.6587067,36.0992432,3]],"startEndFade":[2,2],"textureLength":12}
{"class":"DecalRoad","persistentId":"31cce3e1-a176-44cd-a7fe-2fdc11a5275e","__parent":"Methane_burners","position":[-27.2628098,86.7461929,36.0992432],"distanceFade":[150,50],"improvedSpline":true,"material":"mud_furrows","nodes":[[-27.2628098,86.7461929,36.0992432,3],[-25.1923676,92.0855484,36.0999603,3],[-20.3808498,95.1224213,36.1318474,3],[-16.537487,92.9459457,36.0999794,3]],"renderPriority":3,"startEndFade":[4,4],"textureLength":12}
{"class":"DecalRoad","persistentId":"32dbe488-1088-4406-9b39-e0a73db539db","__parent":"Methane_burners","position":[-2.22529697,97.1069565,36.0992432],"distanceFade":[50,25],"improvedSpline":true,"material":"AsphaltRoad_damage_large_cracks_decal","nodes":[[-2.22529697,97.1069565,36.0992432,3],[3.82770777,92.0298233,36.0992432,3]],"startEndFade":[2,2],"textureLength":12}
{"class":"DecalRoad","persistentId":"358fffa6-f1ca-4aaf-96f3-057cfd82ca3a","__parent":"Methane_burners","position":[-4.90231037,94.6356735,36.0992432],"distanceFade":[50,25],"improvedSpline":true,"material":"AsphaltRoad_damage_large_cracks_decal","nodes":[[-4.90231037,94.6356735,36.0992432,3],[0.651560783,86.7258453,36.0992432,3]],"startEndFade":[2,2],"textureLength":12}
{"class":"DecalRoad","persistentId":"3762520d-1ebc-4d57-bb9e-a4a4550a9487","__parent":"Methane_burners","position":[121.955475,90.920166,36.1495972],"distanceFade":[50,25],"improvedSpline":true,"material":"AsphaltRoad_damage_large_cracks_decal","nodes":[[121.955475,90.920166,36.1495972,3],[125.029457,84.0314102,36.1495972,3]],"startEndFade":[2,2],"textureLength":12}
{"class":"DecalRoad","persistentId":"4077d2a4-3599-4b30-96f8-612579f9c779","__parent":"Methane_burners","position":[110.163864,91.4284744,36.1495972],"distanceFade":[50,25],"improvedSpline":true,"material":"AsphaltRoad_damage_large_cracks_decal","nodes":[[110.163864,91.4284744,36.1495972,3],[113.71183,94.3161087,36.138504,3]],"startEndFade":[2,2],"textureLength":12}
{"class":"DecalRoad","persistentId":"415d496d-d4f6-44d7-9300-ef873f1430da","__parent":"Methane_burners","position":[-24.5733662,85.305397,36.0992432],"distanceFade":[50,25],"improvedSpline":true,"material":"AsphaltRoad_damage_large_cracks_decal","nodes":[[-24.5733662,85.305397,36.0992432,3],[-29.5059853,84.7630539,36.1011467,3]],"startEndFade":[2,2],"textureLength":12}
{"class":"DecalRoad","persistentId":"46060bea-9516-44b6-8d78-392b27b8c06b","__parent":"Methane_burners","position":[128.243759,91.5701294,36.1495972],"distanceFade":[50,25],"improvedSpline":true,"material":"AsphaltRoad_damage_large_cracks_decal","nodes":[[128.243759,91.5701294,36.1495972,3],[126.639473,83.6242981,36.1495972,3]],"startEndFade":[2,2],"textureLength":12}
{"class":"DecalRoad","persistentId":"4dea2bbe-b0ac-4e87-af4b-428d231e93b7","__parent":"Methane_burners","position":[111.150963,85.5808334,36.1495972],"distanceFade":[50,25],"improvedSpline":true,"material":"AsphaltRoad_damage_large_cracks_decal","nodes":[[111.150963,85.5808334,36.1495972,3],[115.944839,90.0995331,36.1495972,3]],"startEndFade":[2,2],"textureLength":12}
{"class":"DecalRoad","persistentId":"4eb9979c-109a-4a9d-aff0-10b2f06c5842","__parent":"Methane_burners","position":[-21.8186531,78.4811249,36.0992432],"distanceFade":[50,25],"improvedSpline":true,"material":"AsphaltRoad_damage_large_cracks_decal","nodes":[[-21.8186531,78.4811249,36.0992432,3],[-20.9607029,87.6220245,36.0992432,3]],"startEndFade":[2,2],"textureLength":12}
{"class":"DecalRoad","persistentId":"530452f1-f9ce-4951-bb97-095e7e86f79c","__parent":"Methane_burners","position":[120.917526,82.029686,36.1495972],"distanceFade":[50,25],"improvedSpline":true,"material":"AsphaltRoad_damage_large_cracks_decal","nodes":[[120.917526,82.029686,36.1495972,3],[123.461113,88.3407669,36.1495972,3],[122.096199,92.3450394,36.1495972,3]],"startEndFade":[2,2],"textureLength":12}
{"class":"DecalRoad","persistentId":"54d3951c-55cd-4eff-8ef2-96488ec873ae","__parent":"Methane_burners","position":[-5.19061089,86.5705719,36.0992432],"distanceFade":[50,25],"improvedSpline":true,"material":"AsphaltRoad_damage_large_cracks_decal","nodes":[[-5.19061089,86.5705719,36.0992432,3],[-8.84496307,95.1258392,36.0992432,3]],"startEndFade":[2,2],"textureLength":12}
{"class":"DecalRoad","persistentId":"5745a2a5-0521-49cd-94eb-557e54beb5d9","__parent":"Methane_burners","position":[127.580299,93.8567886,36.1466446],"distanceFade":[50,25],"improvedSpline":true,"material":"AsphaltRoad_damage_large_cracks_decal","nodes":[[127.580299,93.8567886,36.1466446,3],[133.030685,92.680336,36.1625404,3]],"startEndFade":[2,2],"textureLength":12}
{"class":"DecalRoad","persistentId":"68afb236-4785-4f89-8093-b191f965e7c2","__parent":"Methane_burners","position":[2.8400507,81.8271637,36.0992432],"distanceFade":[50,25],"improvedSpline":true,"material":"AsphaltRoad_damage_large_cracks_decal","nodes":[[2.8400507,81.8271637,36.0992432,3],[4.43209219,86.5418167,36.0992432,3],[4.20973015,90.8213272,36.0992432,3],[2.56303048,94.1533127,36.0992432,3],[-1.96708155,96.3657913,36.0992432,3],[-8.77845287,93.7923355,36.0992432,3]],"startEndFade":[2,2],"textureLength":12}
{"class":"DecalRoad","persistentId":"69157f58-d1e6-4143-b113-7e86b5c4d8c7","__parent":"Methane_burners","position":[113.639587,83.288765,36.1495972],"distanceFade":[50,25],"improvedSpline":true,"material":"AsphaltRoad_damage_large_cracks_decal","nodes":[[113.639587,83.288765,36.1495972,3],[119.390884,88.4368057,36.1495972,3]],"startEndFade":[2,2],"textureLength":12}
{"class":"DecalRoad","persistentId":"6b5d18c3-ac3d-4c72-855d-1eaf231059c6","__parent":"Methane_burners","position":[-2.0098815,74.5301056,36.0854988],"distanceFade":[150,50],"improvedSpline":true,"material":"mud_furrows","nodes":[[-2.0098815,74.5301056,36.0854988,3],[-4.69997358,77.2488785,36.0981789,3],[-6.24368,80.3707352,36.0992432,3],[-9.08087349,82.5982513,36.0992432,3],[-13.6461706,82.8646469,36.0992432,3]],"renderPriority":3,"startEndFade":[4,4],"textureLength":12}
{"class":"DecalRoad","persistentId":"6d0a0002-00fb-40f2-8c33-0d9d5d8eead1","__parent":"Methane_burners","position":[-26.8517284,89.1389236,36.0992432],"distanceFade":[150,50],"improvedSpline":true,"material":"mud_large","nodes":[[-26.8517284,89.1389236,36.0992432,6],[-18.2917461,95.03936,36.1115761,6]],"renderPriority":1,"startEndFade":[4,4],"textureLength":12}
{"class":"DecalRoad","persistentId":"7ad13407-a59f-4c40-885f-8c67c1bebc0a","__parent":"Methane_burners","position":[-26.6607265,88.2618179,36.0992432],"breakAngle":50,"distanceFade":[100,25],"material":"mud_water","nodes":[[-26.6607265,88.2618179,36.0992432,5],[-21.6831799,92.2560959,36.105381,7],[-17.7583199,95.2693329,36.1069641,5]],"startEndFade":[3,3],"textureLength":12}
{"class":"DecalRoad","persistentId":"8795eb20-b030-4d2e-b241-422bb097e3c4","__parent":"Methane_burners","position":[-19.186882,73.4476852,36.011631],"distanceFade":[50,25],"improvedSpline":true,"material":"AsphaltRoad_damage_large_cracks_decal","nodes":[[-19.186882,73.4476852,36.011631,3],[-22.9193611,81.3905945,36.0992432,3]],"startEndFade":[2,2],"textureLength":12}
{"class":"DecalRoad","persistentId":"89c58c6b-6ea4-4f99-b38e-0dc87dc72296","__parent":"Methane_burners","position":[110.877029,93.9772797,36.1495972],"distanceFade":[50,25],"improvedSpline":true,"material":"AsphaltRoad_damage_large_cracks_decal","nodes":[[110.877029,93.9772797,36.1495972,3],[110.28846,85.6066132,36.1495972,3]],"startEndFade":[2,2],"textureLength":12}
{"class":"DecalRoad","persistentId":"96a5615a-80f6-45bb-8330-d10696563cb8","__parent":"Methane_burners","position":[118.579819,89.7898407,36.1495972],"distanceFade":[50,25],"improvedSpline":true,"material":"AsphaltRoad_damage_large_cracks_decal","nodes":[[118.579819,89.7898407,36.1495972,3],[118.189476,81.7118607,36.1495972,3]],"startEndFade":[2,2],"textureLength":12}
{"class":"DecalRoad","persistentId":"9e8f9b96-20fb-4e7c-982a-cbbc86b6aa40","__parent":"Methane_burners","position":[-5.07952785,86.5612946,36.0992432],"distanceFade":[50,25],"improvedSpline":true,"material":"AsphaltRoad_damage_large_cracks_decal","nodes":[[-5.07952785,86.5612946,36.0992432,3],[-1.61160088,85.2857361,36.0992432,3],[2.06313872,80.491539,36.0992432,3]],"startEndFade":[2,2],"textureLength":12}
{"class":"DecalRoad","persistentId":"a08d5e47-e962-426c-a62b-8164b8a38a40","__parent":"Methane_burners","position":[-14.994895,76.3262787,36.0011024],"distanceFade":[50,25],"improvedSpline":true,"material":"AsphaltRoad_damage_large_cracks_decal","nodes":[[-14.994895,76.3262787,36.0011024,3],[-14.1819677,80.7849808,36.0992432,3],[-9.13028336,86.7709351,36.0992432,3]],"startEndFade":[2,2],"textureLength":12}
{"class":"DecalRoad","persistentId":"a0bca659-15ca-45f0-a355-44f7b2b12184","__parent":"Methane_burners","position":[109.20932,93.9361343,36.1495972],"distanceFade":[50,25],"improvedSpline":true,"material":"AsphaltRoad_damage_large_cracks_decal","nodes":[[109.20932,93.9361343,36.1495972,3],[121.068893,94.3255386,36.1440277,3]],"startEndFade":[2,2],"textureLength":12}
{"class":"DecalRoad","persistentId":"a29640fd-2e62-415f-a0cf-2e5bedd3052b","__parent":"Methane_burners","position":[-11.3866568,82.2678604,36.0992432],"breakAngle":50,"distanceFade":[100,25],"material":"mud_water","nodes":[[-11.3866568,82.2678604,36.0992432,3],[-8.26531029,79.4131088,36.0853653,5],[-4.29290581,76.6182938,36.0929718,3]],"startEndFade":[3,3],"textureLength":12}
{"class":"DecalRoad","persistentId":"a3842d46-fd6d-4a3d-b6ae-3c79e9d0985a","__parent":"Methane_burners","position":[115.592888,88.079689,36.1495972],"distanceFade":[50,25],"improvedSpline":true,"material":"AsphaltRoad_damage_large_cracks_decal","nodes":[[115.592888,88.079689,36.1495972,3],[113.846077,80.132637,36.1495972,3]],"startEndFade":[2,2],"textureLength":12}
{"class":"DecalRoad","persistentId":"b5b4f465-23d9-4566-afd8-f2df34e1fc1f","__parent":"Methane_burners","position":[-1.07065952,86.8594437,36.0992432],"distanceFade":[50,25],"improvedSpline":true,"material":"AsphaltRoad_damage_large_cracks_decal","nodes":[[-1.07065952,86.8594437,36.0992432,3],[3.28056049,81.8464661,36.0992432,3]],"startEndFade":[2,2],"textureLength":12}
{"class":"DecalRoad","persistentId":"b7e3b74d-98ff-41fb-87b7-5d9af6224dea","__parent":"Methane_burners","position":[-25.6973953,88.8593597,36.0992432],"distanceFade":[150,50],"improvedSpline":true,"material":"mud_furrows","nodes":[[-25.6973953,88.8593597,36.0992432,3],[-19.7169895,90.0568924,36.0993309,3],[-17.333828,95.3906174,36.104332,3]],"renderPriority":3,"startEndFade":[4,4],"textureLength":12}
{"class":"DecalRoad","persistentId":"bc31b87a-74d0-47a3-9b5a-33c1d1730e82","__parent":"Methane_burners","position":[131.042023,93.8099823,36.1434822],"distanceFade":[50,25],"improvedSpline":true,"material":"AsphaltRoad_damage_large_cracks_decal","nodes":[[131.042023,93.8099823,36.1434822,3],[127.510727,94.3723602,36.1386871,3],[117.950218,93.8301468,36.1495972,3]],"startEndFade":[2,2],"textureLength":12}
{"class":"DecalRoad","persistentId":"c0560973-91a3-4a41-b640-0747b2378125","__parent":"Methane_burners","position":[-23.8279037,83.7562408,36.0992432],"distanceFade":[50,25],"improvedSpline":true,"material":"AsphaltRoad_damage_large_cracks_decal","nodes":[[-23.8279037,83.7562408,36.0992432,3],[-20.9915295,84.3919373,36.0992432,3],[-18.0455322,86.0977249,36.0990944,3],[-12.6290159,87.281723,36.0962257,3]],"startEndFade":[2,2],"textureLength":12}
{"class":"DecalRoad","persistentId":"c1e5726d-2494-47fc-94a0-5f019714d346","__parent":"Methane_burners","position":[111.083244,89.6896973,36.1495972],"distanceFade":[50,25],"improvedSpline":true,"material":"AsphaltRoad_damage_large_cracks_decal","nodes":[[111.083244,89.6896973,36.1495972,3],[115.536575,85.4026337,36.1495972,3]],"startEndFade":[2,2],"textureLength":12}
{"class":"DecalRoad","persistentId":"c7cf7424-b138-4853-991c-425be76e34d9","__parent":"Methane_burners","position":[-16.4531746,79.0460129,36.0992432],"distanceFade":[50,25],"improvedSpline":true,"material":"AsphaltRoad_damage_large_cracks_decal","nodes":[[-16.4531746,79.0460129,36.0992432,3],[-12.5368776,85.1131668,36.0959053,3]],"startEndFade":[2,2],"textureLength":12}
{"class":"DecalRoad","persistentId":"cce280f2-1ffd-499b-8103-083a00fbe259","__parent":"Methane_burners","position":[-18.634655,85.6465149,36.0992432],"distanceFade":[50,25],"improvedSpline":true,"material":"AsphaltRoad_damage_large_cracks_decal","nodes":[[-18.634655,85.6465149,36.0992432,3],[-18.6385937,81.1466904,36.0992432,3]],"startEndFade":[2,2],"textureLength":12}
{"class":"DecalRoad","persistentId":"cd5e8305-f62e-4af1-96ae-f2845a9a5914","__parent":"Methane_burners","position":[-0.299625486,77.0124741,36.0881233],"distanceFade":[150,50],"improvedSpline":true,"material":"mud_furrows","nodes":[[-0.299625486,77.0124741,36.0881233,3],[-0.908388495,80.6334763,36.0975647,3],[-4.09100962,83.2055435,36.0992432,3],[-4.90658951,85.4933167,36.0992432,3]],"renderPriority":3,"startEndFade":[4,4],"textureLength":12}
{"class":"DecalRoad","persistentId":"d6d66fd0-e88a-4deb-81aa-e7f8fff39f9f","__parent":"Methane_burners","position":[-10.7997761,85.6862259,36.0992432],"distanceFade":[50,25],"improvedSpline":true,"material":"AsphaltRoad_damage_large_cracks_decal","nodes":[[-10.7997761,85.6862259,36.0992432,3],[-18.6404018,88.0412674,36.0977173,3],[-27.2632751,82.6092072,36.0992432,3]],"startEndFade":[2,2],"textureLength":12}
{"class":"DecalRoad","persistentId":"d8c7fcac-e7f9-4aaf-9647-2646418c5297","__parent":"Methane_burners","position":[-11.6092749,91.54702,36.0992432],"distanceFade":[150,50],"improvedSpline":true,"material":"dirt_tiretracks_02","nodes":[[-11.6092749,91.54702,36.0992432,4],[-15.3272791,95.7987823,36.0995483,4],[-19.3511124,98.2200699,36.0992432,4]],"renderPriority":2,"startEndFade":[1,1],"textureLength":16}
{"class":"DecalRoad","persistentId":"e3f9c2f9-ad18-4619-a1c3-307898777934","__parent":"Methane_burners","position":[-13.0479622,82.6624146,36.0992432],"distanceFade":[150,50],"improvedSpline":true,"material":"mud_furrows","nodes":[[-13.0479622,82.6624146,36.0992432,3],[-10.2082281,77.775116,35.8749847,3],[-4.17179728,75.1798782,36.0661278,3]],"renderPriority":3,"startEndFade":[4,4],"textureLength":12}
{"class":"DecalRoad","persistentId":"e527055a-a38d-46c9-9754-7fceda5af8ea","__parent":"Methane_burners","position":[-13.2316704,79.765274,36.0991554],"distanceFade":[150,50],"improvedSpline":true,"material":"mud_large","nodes":[[-13.2316704,79.765274,36.0991554,6],[-3.76911926,78.6433411,36.0922432,6]],"renderPriority":1,"startEndFade":[4,4],"textureLength":12}
{"class":"DecalRoad","persistentId":"f67491e2-6821-4ff8-bdfd-3dcb3a83c427","__parent":"Methane_burners","position":[124.94265,92.9092102,36.1495972],"distanceFade":[50,25],"improvedSpline":true,"material":"AsphaltRoad_damage_large_cracks_decal","nodes":[[124.94265,92.9092102,36.1495972,3],[127.717346,84.5622253,36.1495972,3]],"startEndFade":[2,2],"textureLength":12}
{"class":"DecalRoad","persistentId":"fbc9dd3a-4b03-4745-a1ae-38f3eb4e85be","__parent":"Methane_burners","position":[-0.529285431,75.3037415,36.0855103],"distanceFade":[150,50],"improvedSpline":true,"material":"mud_tiretracks","nodes":[[-0.529285431,75.3037415,36.0855103,4],[-7.53420687,85.594574,36.0992432,4]],"renderPriority":3,"startEndFade":[4,4],"textureLength":16}
