{"name":"dam1","class":"WaterBlock","persistentId":"30e2dd7d-cef3-4e9e-8800-1f2a7dcfd49f","__parent":"water","position":[170.243134,250.802628,184.433456],"Foam":[{},{}],"Ripples (texture animation)":[{"rippleDir":[1,1],"rippleMagnitude":null,"rippleSpeed":0.0500000007,"rippleTexScale":[1,1]},{"rippleDir":[1,-1],"rippleMagnitude":0.5,"rippleSpeed":0.00999999978,"rippleTexScale":[12,12]},{"rippleDir":[-1,1],"rippleMagnitude":0.800000012,"rippleSpeed":-0.00999999978,"rippleTexScale":[3,3]}],"Waves (vertex undulation)":[{"waveDir":[8.40779079e-43,2.4662853e-43],"waveMagnitude":0.200000003,"waveSpeed":1},{"waveDir":[5.77334967e-43,2.4662853e-43],"waveMagnitude":0.200000003,"waveSpeed":1},{"waveDir":[8.40779079e-43,2.4662853e-43],"waveMagnitude":0.200000003,"waveSpeed":1}],"baseColor":[45,108,171,255],"cloneOrigin":"dam","cubemap":"cubemap_italy_reflection_cubemap","depthGradientTex":"levels/italy/art/water/depthcolor_ramp_italy_rivers.png","foamMaxDepth":0.5,"foamTex":"core/art/water/foam.dds","fresnelBias":0.5,"fullReflect":false,"overallFoamOpacity":2,"overallRippleMagnitude":0.600000024,"overallWaveMagnitude":0,"reflectDetailAdjust":0.0500000007,"reflectMaxRateMs":5,"reflectTexSize":512,"rippleTex":"levels/italy/art/water/ripple3.dds","rotationMatrix":[0.741897821,0.670512974,0,-0.670512974,0.741897821,0,0,0,1],"scale":[111.155998,111.155998,21.1562996],"specularPower":50,"underwaterColor":[254,254,254,251],"waterFogDensityOffset":0.5}
{"name":"Ocean1","class":"WaterPlane","persistentId":"ec58856a-37d3-4dba-8a8d-1b5c8be96dd9","__parent":"water","position":[0,0,137.600006],"Foam":[{"foamDir":[0.5,1],"foamOpacity":1,"foamSpeed":0.0199999996,"foamTexScale":[2,2]},{"foamDir":[-1,0.5],"foamOpacity":1,"foamSpeed":0.0299999993,"foamTexScale":[2,2]}],"Ripples (texture animation)":[{"rippleDir":[-1,-1],"rippleMagnitude":0.200000003,"rippleSpeed":0.00250010006,"rippleTexScale":[200,200]},{"rippleDir":[1,-1],"rippleMagnitude":0.5,"rippleSpeed":0.0149999997,"rippleTexScale":[10,10]},{"rippleDir":[-1,1],"rippleMagnitude":0.449999988,"rippleSpeed":0.0500000007,"rippleTexScale":[2,2]}],"Waves (vertex undulation)":[{"waveDir":[0,-1],"waveMagnitude":0.800000012,"waveSpeed":2},{"waveDir":[0.300000012,-1.20000005],"waveMagnitude":0.5,"waveSpeed":-1.20000005},{"waveDir":[-0.300000012,-0.800000012],"waveMagnitude":0.699999988,"waveSpeed":2}],"baseColor":[253,254,254,255],"clarity":0,"cloneOrigin":"Ocean2","cubemap":"cubemap_ocean_reflection","depthGradientMax":100,"depthGradientTex":"levels/italy/art/water/depthcolor_ramp_italy_ocean2.png","distortEndDist":10,"distortFullDepth":5.5,"foamAmbientLerp":1.29999995,"foamMaxDepth":0.5,"foamRippleInfluence":0.0149999997,"foamTex":"levels/italy/art/water/foam2.dds","fresnelBias":0.100000001,"fresnelPower":2.5,"fullReflect":false,"gridElementSize":0.800000012,"gridSize":200,"overallRippleMagnitude":1,"overallWaveMagnitude":0.0799999982,"reflectDetailAdjust":-1,"reflectivity":0.300000012,"rippleTex":"levels/italy/art/water/ripple4.dds","specularPower":200,"underwaterColor":[255,15,0,253],"viscosity":0.00100000005,"waterFogDensity":0.0900000036,"waterFogDensityOffset":0.100000001,"wetDarkening":0.300000012,"wetDepth":0.5}
{"class":"River","persistentId":"0b3c1066-621a-43c9-9daf-5d0b467560d2","__parent":"water","position":[-1208.02539,-689.025269,405.421082],"Foam":[{},{}],"Ripples (texture animation)":[{"rippleDir":[-1,0.200000003],"rippleMagnitude":1.29999995,"rippleSpeed":0.100000001,"rippleTexScale":[1,1]},{"rippleDir":[-1,0.5],"rippleMagnitude":null,"rippleSpeed":0.0250000004,"rippleTexScale":[5,5]},{"rippleDir":[-1,0],"rippleMagnitude":0.600000024,"rippleSpeed":0.00999999978,"rippleTexScale":[20,20]}],"Waves (vertex undulation)":[{"waveDir":[1.10564999e-38,1.10203002e-38],"waveMagnitude":0.200000003,"waveSpeed":1},{"waveDir":[1.61149323e-43,1.10203002e-38],"waveMagnitude":0.200000003,"waveSpeed":1},{"waveDir":[1.10564999e-38,1.10203002e-38],"waveMagnitude":0.200000003,"waveSpeed":1}],"baseColor":[253,253,253,255],"cubemap":"cubemap_italy_reflection_cubemap","depthGradientMax":30,"depthGradientTex":"levels/italy/art/water/depthcolor_ramp_italy_rivers.png","foamMaxDepth":3,"foamTex":"core/art/water/foam.dds","fullReflect":false,"nodes":[[-1208.02539,-689.025269,405.421082,160,80,0,0,1],[-1007.63409,-783.479065,405.857971,160,50,0,0,1]],"overallFoamOpacity":2.5,"overallRippleMagnitude":0.150000006,"overallWaveMagnitude":0,"reflectDetailAdjust":-2,"reflectMaxRateMs":10,"rippleTex":"levels/italy/art/water/ripple3.dds","underwaterColor":[254,253,252,250],"waterFogDensityOffset":0.200000003,"wetDarkening":0.300000012,"wetDepth":0.349999994}
{"name":"Waterfall","class":"River","persistentId":"3f69d125-1ffd-419a-b83a-56e29a4bdeec","__parent":"water","position":[62.2584076,1246.68701,144.214981],"Foam":[{"foamDir":[0,1],"foamOpacity":null,"foamSpeed":-0.100000001,"foamTexScale":[50,100]},{"foamDir":null,"foamOpacity":1,"foamSpeed":-0.100000001,"foamTexScale":[50,200]}],"Ripples (texture animation)":[{"rippleDir":[0,1],"rippleMagnitude":3,"rippleSpeed":0.699999988,"rippleTexScale":[20,10]},{"rippleDir":[0,1],"rippleMagnitude":null,"rippleSpeed":1,"rippleTexScale":[6.25,12.5]},{"rippleDir":[0,1],"rippleMagnitude":null,"rippleSpeed":0.300000012,"rippleTexScale":[20,5]}],"Waves (vertex undulation)":[{"waveDir":[0,1],"waveMagnitude":0.200000003,"waveSpeed":3},{"waveDir":[0.707000017,0.707000017],"waveMagnitude":0.200000003,"waveSpeed":5},{"waveDir":[0.5,0.860000014],"waveMagnitude":0.200000003,"waveSpeed":5}],"baseColor":[163,163,163,255],"cubemap":"cubemap_river_reflection","depthGradientTex":"core/art/water/river_depthcolor_ramp.png","distortFullDepth":7,"flowMagnitudePhysics":8,"foamAmbientLerp":0.100000001,"foamMaxDepth":6,"foamRippleInfluence":0.100000001,"foamTex":"core/art/water/waterfall_foam_d.dds","fullReflect":false,"nodes":[[62.2584076,1246.68701,144.214981,45,10,0,0,1],[57.0272446,1247.64783,142.966553,50,10,0,0,1],[47.7488136,1248.99268,136.623276,53,10,0,0,1]],"overallFoamOpacity":5.5,"overallRippleMagnitude":10,"overallWaveMagnitude":0,"reflectMaxRateMs":50,"reflectNormalUp":true,"reflectTexSize":64,"reflectivity":0.300000012,"rippleTex":"core/art/water/waterfall_foam_n.dds","segmentLength":1,"subdivideLength":1,"viscosity":0.00100000005,"waterFogDensity":0.300000012,"waterFogDensityOffset":0.00999999978,"wetDarkening":0.100000001,"wetDepth":1}
{"name":"Waterfall1","class":"River","persistentId":"4cffb476-5e64-4361-89ad-fccd6a6735a4","__parent":"water","position":[453.467102,847.426636,156.489563],"Foam":[{"foamDir":[0,1],"foamOpacity":null,"foamSpeed":-0.100000001,"foamTexScale":[50,100]},{"foamDir":null,"foamOpacity":1,"foamSpeed":-0.100000001,"foamTexScale":[50,200]}],"Ripples (texture animation)":[{"rippleDir":[0,1],"rippleMagnitude":3,"rippleSpeed":0.699999988,"rippleTexScale":[20,10]},{"rippleDir":[0,1],"rippleMagnitude":null,"rippleSpeed":1,"rippleTexScale":[6.25,12.5]},{"rippleDir":[0,1],"rippleMagnitude":null,"rippleSpeed":0.300000012,"rippleTexScale":[20,5]}],"Waves (vertex undulation)":[{"waveDir":[0,1],"waveMagnitude":0.200000003,"waveSpeed":3},{"waveDir":[0.707000017,0.707000017],"waveMagnitude":0.200000003,"waveSpeed":5},{"waveDir":[0.5,0.860000014],"waveMagnitude":0.200000003,"waveSpeed":5}],"baseColor":[163,163,163,255],"cubemap":"cubemap_river_reflection","depthGradientTex":"core/art/water/river_depthcolor_ramp.png","distortFullDepth":7,"flowMagnitudePhysics":8,"foamAmbientLerp":0.100000001,"foamMaxDepth":6,"foamRippleInfluence":0.100000001,"foamTex":"core/art/water/waterfall_foam_d.dds","fullReflect":false,"nodes":[[453.257538,847.426636,156.489563,25,10,0,0,1],[454.3909,853.128723,154.40332,25,10,0,0,1],[455.301788,860.621094,149.044601,25,10,0,0,1]],"overallFoamOpacity":5.5,"overallRippleMagnitude":10,"overallWaveMagnitude":0,"reflectMaxRateMs":50,"reflectNormalUp":true,"reflectTexSize":64,"reflectivity":0.300000012,"rippleTex":"core/art/water/waterfall_foam_n.dds","segmentLength":1,"subdivideLength":1,"viscosity":0.00100000005,"waterFogDensity":0.300000012,"waterFogDensityOffset":0.00999999978,"wetDarkening":0.100000001,"wetDepth":1}
{"class":"River","persistentId":"6b03db61-baa6-49b2-884a-a468ef124469","__parent":"water","position":[458.125458,-29.4389248,180.518036],"Foam":[{},{}],"Ripples (texture animation)":[{"rippleDir":[0.100000001,1.10000002],"rippleMagnitude":1.5,"rippleSpeed":0.100000001,"rippleTexScale":[2,2]},{"rippleDir":[0,1],"rippleMagnitude":2,"rippleSpeed":0.200000003,"rippleTexScale":[5,5]},{"rippleDir":[0.100000001,0.899999976],"rippleMagnitude":1,"rippleSpeed":0.00999999978,"rippleTexScale":[20,20]}],"Waves (vertex undulation)":[{"waveDir":[1.10564999e-38,1.10203002e-38],"waveMagnitude":0.200000003,"waveSpeed":1},{"waveDir":[1.61149323e-43,1.10203002e-38],"waveMagnitude":0.200000003,"waveSpeed":1},{"waveDir":[1.10564999e-38,1.10203002e-38],"waveMagnitude":0.200000003,"waveSpeed":1}],"baseColor":[197,158,97,255],"cubemap":"cubemap_ocean_reflection","depthGradientMax":15,"depthGradientTex":"levels/italy/art/water/depthcolor_ramp_italy_muddy.png","flowMagnitudePhysics":3,"foamMaxDepth":1,"foamTex":"core/art/water/foam.dds","fullReflect":false,"nodes":[[458.125458,-29.4389248,180.518036,20,20,0,0,1],[421.955048,24.9989529,180.707199,20,20,0,0,1],[387.964508,43.8437233,181.173355,20,20,0,0,1],[377.067047,49.0945053,181.243179,20,20,0,0,1],[363.187439,57.1292496,181.490448,20,20,0,0,1],[349.129089,74.1590042,181.330261,20,20,0,0,1],[336.597137,110.829712,181.278641,20,20,0,0,1],[347.867371,147.473862,181.382507,20,20,0,0,1],[364.573761,176.160202,180.442902,20,20,0,0,1],[374.372772,208.676987,178.276367,20,20,0,0,1],[396.676392,236.827271,176.2435,20,20,0,0,1],[413.44339,250.161316,175,20,20,0,0,1],[428.466705,264.398712,174.022842,17.5,20,0,0,1],[440.659973,283.237427,172.505524,15,20,0,0,1],[452.423828,308.266937,170.544418,10,20,0,0,1],[451.876892,351.82431,169.537964,20,20,0,0,1],[446.795929,381.265198,170.235703,25,20,0,0,1],[451.349792,437.946747,169.31105,27.5,20,0,0,1],[440.995636,474.551849,169.473618,30,20,0,0,1],[405.593018,514.938843,168.668564,30,20,0,0,1],[417.291901,568.061401,168.30069,30,20,0,0,1],[419.726349,580.607727,168.311768,30,20,0,0,1],[420.713379,617.056519,168.063324,10,5,0,0,1],[421.046143,636.210632,166.700699,10,5,0,0,1],[412.937378,656.333923,164.596481,10,5,0,0,1],[414.671753,671.129333,161.645752,10,5,0,0,1],[413.811829,680.181519,160.479233,20,5,0,0,1],[409.968781,687.908569,159.27858,28,5,0.0114255222,0.00472272933,0.999923587],[408.873962,690.570251,158.881287,28,5,0.0114255222,0.00472272933,0.999923587]],"overallFoamOpacity":1.70000005,"overallRippleMagnitude":2,"overallWaveMagnitude":0.150000006,"reflectDetailAdjust":-2,"reflectMaxRateMs":10,"reflectivity":0.200000003,"rippleTex":"levels/italy/art/water/ripple3.dds","underwaterColor":[254,253,252,250],"waterFogDensity":0.5,"waterFogDensityOffset":0.100000001,"wetDarkening":0.300000012,"wetDepth":0.349999994}
{"class":"River","persistentId":"aa38138b-e9f8-11e6-96ae-bcd60d6fa220","__parent":"water","position":[-757.013,-147.498001,191],"Foam":[{},{}],"Ripples (texture animation)":[{"rippleDir":[0,1],"rippleMagnitude":1.5,"rippleSpeed":1,"rippleTexScale":[2,2]},{"rippleDir":[0,1],"rippleMagnitude":2,"rippleSpeed":0.25,"rippleTexScale":[5,5]},{"rippleDir":[0,1],"rippleMagnitude":1,"rippleSpeed":0.0199999996,"rippleTexScale":[20,20]}],"Waves (vertex undulation)":[{"waveDir":[-0.5,0.800000012],"waveMagnitude":0.200000003,"waveSpeed":2},{"waveDir":[0.100000001,-1.5],"waveMagnitude":0.200000003,"waveSpeed":2},{"waveDir":[0.100000001,0.5],"waveMagnitude":0.200000003,"waveSpeed":3}],"baseColor":[254,220,165,255],"cubemap":"cubemap_ocean_reflection","depthGradientMax":20,"depthGradientTex":"levels/italy/art/water/depthcolor_ramp_italy_rivers.png","flowMagnitudePhysics":4,"foamMaxDepth":1,"foamRippleInfluence":0.0900000036,"foamTex":"core/art/water/foam.dds","fresnelBias":0.5,"fresnelPower":5,"fullReflect":false,"lowLODDistance":150,"nodes":[[-757.013,-147.498001,191,80,20,0,0,1],[-712.710144,-74.7438278,188.619858,80,20,0,0,1],[-695.11615,-31.8130322,186.705505,80,20,0,0,1],[-676.303467,1.60272121,186,80,20,0,0,1],[-649.420105,28.25737,185.225769,80,20,0,0,1],[-619.142761,51.1343079,184.8927,80,20,0,0,1],[-588.44519,78.0712662,183.598511,80,20,0,0,1],[-533.216003,113.20314,180.617966,80,20,0,0,1],[-467.764984,140.170654,173.521484,80,20,0,0,1],[-425.720642,175.165512,171.395096,80,20,0,0,1],[-395.483948,225.667923,171.172333,80,20,0,0,1],[-365.740448,286.170715,169.792877,80,20,0,0,1],[-356.347473,338.976959,169.095856,50,20,0,0,1],[-347.841553,395.024872,168.814728,60,20,0,0,1],[-332.941345,485.954529,167.232117,80,20,0,0,1],[-263.599487,537.337646,166.756851,70,20,0,0,1],[-182.23317,531.214111,166.298965,67.5,20,0,0,1],[-118.198524,510.674988,166.920837,65,20,0,0,1],[-50.6643944,524.512573,166.963623,65,20,0,0,1],[8.49540901,553.952881,165.941925,65,20,0,0,1],[46.0064468,572.011597,166.014496,65,20,0,0,1],[80.1319733,594.710876,166.098495,65,20,0,0,1],[127.225998,620.74231,165.624512,65,20,0,0,1],[168.167694,668.015686,165.213181,60,20,0,0,1],[197.612518,687.822083,165.254547,58.125,20,0,0,1],[225.173401,693.937134,161.087051,54.375,20,0,0,1],[256.243103,693.388916,161.022354,52.5,20,0,0,1],[303.654968,684.52594,160.475082,45,20,0,0,1],[369.13385,699.036072,159.80542,37.5,20,0,0,1],[414.49295,706.764099,159.03035,30,20,0,0,1],[439.513397,745.683472,159.243317,40,20,0,0,1],[446.214325,811.843689,158.07135,25,20,0,0,1],[454.004242,847.661011,157.0327,50,10,0,0,1],[455.690247,862.012573,149.533737,52.5,5,0,0,1],[457.161102,883.654907,149.128601,56.25,20,0,0,1],[455.613312,940.147705,148.2388,60,20,0,0,1],[420.965027,1028.69421,144.753067,60,20,0,0,1],[359.334198,1090.37476,144.304337,60,20,0,0,1],[312.41214,1125.81592,144.37262,60,20,0,0,1],[278.913391,1171.36963,144.577515,60,20,0,0,1],[224.677612,1211.75488,145.022614,60,20,0,0,1],[144.879578,1239.55176,145.876129,60,20,0,0,1],[64.1147003,1258.40308,144.708618,60,20,0,0,1]],"overallFoamOpacity":3,"overallRippleMagnitude":1.20000005,"overallWaveMagnitude":0.5,"reflectDetailAdjust":-2,"reflectMaxRateMs":10,"reflectivity":0.300000012,"rippleTex":"levels/italy/art/water/ripple3.dds","subdivideLength":2,"underwaterColor":[254,253,252,250],"waterFogDensity":0.800000012,"waterFogDensityOffset":0,"wetDarkening":0.300000012,"wetDepth":0.349999994}
{"class":"River","persistentId":"d367068e-f298-44d2-9baa-8f4cf2b93f3c","__parent":"water","position":[-102.413589,-297.877686,190.2043],"Foam":[{},{}],"Ripples (texture animation)":[{"rippleDir":[0.100000001,1.10000002],"rippleMagnitude":1.5,"rippleSpeed":0.100000001,"rippleTexScale":[2,2]},{"rippleDir":[0,1],"rippleMagnitude":2,"rippleSpeed":0.200000003,"rippleTexScale":[5,5]},{"rippleDir":[0.100000001,0.899999976],"rippleMagnitude":1,"rippleSpeed":0.00999999978,"rippleTexScale":[20,20]}],"Waves (vertex undulation)":[{"waveDir":[1.10564999e-38,1.10203002e-38],"waveMagnitude":0.200000003,"waveSpeed":1},{"waveDir":[1.61149323e-43,1.10203002e-38],"waveMagnitude":0.200000003,"waveSpeed":1},{"waveDir":[1.10564999e-38,1.10203002e-38],"waveMagnitude":0.200000003,"waveSpeed":1}],"baseColor":[254,225,179,255],"cubemap":"cubemap_italy_reflection_cubemap","depthGradientMax":15,"depthGradientTex":"levels/italy/art/water/depthcolor_ramp_italy_muddy.png","flowMagnitudePhysics":3.5,"foamMaxDepth":1,"foamTex":"core/art/water/foam.dds","fullReflect":false,"nodes":[[-102.413589,-297.877686,190.2043,10,5,0,0,1],[-56.9330978,-276.00647,189.224503,10,5,0,0,1],[-30.8625546,-259.054321,188.472672,20,20,0,0,1],[-19.7835884,-224.174866,187.362228,20,20,0,0,1],[0.595781326,-198.909592,186.560501,20,20,0,0,1],[50.9583817,-176.181137,185.385574,14,20,0,0,1],[88.1051636,-173.599487,185.047729,8,20,0,0,1],[103.931526,-176.707245,184.562302,9,20,0,0,1],[112.544159,-179.818069,184.617386,10,20,0,0,1],[131.550842,-193.443405,184.811966,5,20,0,0,1],[167.950333,-218.818878,182.850052,20,20,0,0,1],[217.243225,-204.292343,180.81604,10,20,0,0,1],[262.68396,-148.690033,180.536804,20,20,0,0,1],[294.30423,-92.7933197,180.801331,5,20,0,0,1],[316.113464,-56.4862938,181.016022,20,20,0,0,1],[357.506317,-8.49027729,181.483063,10,5,0,0,1],[362.907318,23.2091751,181.4785,10,5,0,0,1],[359.680206,48.0535088,181.391953,10,5,0,0,1],[360.016235,53.2325783,181.429764,10,5,0,0,1]],"overallFoamOpacity":1.70000005,"overallRippleMagnitude":2,"overallWaveMagnitude":0.0500000007,"reflectDetailAdjust":-2,"reflectMaxRateMs":10,"reflectivity":0.200000003,"rippleTex":"levels/italy/art/water/ripple3.dds","underwaterColor":[254,253,252,250],"waterFogDensity":0.5,"waterFogDensityOffset":0.100000001,"wetDarkening":0.300000012,"wetDepth":0.349999994}
{"name":"Waterfall2","class":"River","persistentId":"fe8cf754-f4fe-44dd-99f3-3bce81a180c6","__parent":"water","position":[199.169586,687.537842,165.22731],"Foam":[{"foamDir":[0,1],"foamOpacity":null,"foamSpeed":-0.100000001,"foamTexScale":[50,100]},{"foamDir":null,"foamOpacity":1,"foamSpeed":-0.100000001,"foamTexScale":[50,200]}],"Ripples (texture animation)":[{"rippleDir":[0,1],"rippleMagnitude":3,"rippleSpeed":0.699999988,"rippleTexScale":[20,10]},{"rippleDir":[0,1],"rippleMagnitude":null,"rippleSpeed":1,"rippleTexScale":[6.25,12.5]},{"rippleDir":[0,1],"rippleMagnitude":null,"rippleSpeed":0.300000012,"rippleTexScale":[20,5]}],"Waves (vertex undulation)":[{"waveDir":[0,1],"waveMagnitude":0.200000003,"waveSpeed":3},{"waveDir":[0.707000017,0.707000017],"waveMagnitude":0.200000003,"waveSpeed":5},{"waveDir":[0.5,0.860000014],"waveMagnitude":0.200000003,"waveSpeed":5}],"baseColor":[163,163,163,255],"cubemap":"cubemap_river_reflection","depthGradientTex":"core/art/water/river_depthcolor_ramp.png","distortFullDepth":7,"flowMagnitudePhysics":8,"foamAmbientLerp":0.100000001,"foamMaxDepth":6,"foamRippleInfluence":0.100000001,"foamTex":"core/art/water/waterfall_foam_d.dds","fullReflect":false,"nodes":[[199.169586,687.537842,165.22731,25,10,0,0,1],[203.343811,688.930847,163.777161,25,10,0,0,1],[208.979385,691.147034,158.152206,25,10,0,0,1]],"overallFoamOpacity":5.5,"overallRippleMagnitude":10,"overallWaveMagnitude":0,"reflectMaxRateMs":50,"reflectNormalUp":true,"reflectTexSize":64,"reflectivity":0.300000012,"rippleTex":"core/art/water/waterfall_foam_n.dds","segmentLength":1,"subdivideLength":1,"viscosity":0.00100000005,"waterFogDensity":0.300000012,"waterFogDensityOffset":0.00999999978,"wetDarkening":0.100000001,"wetDepth":1}
