{"class":"TSStatic","persistentId":"073205c1-9418-4c6d-8367-94651f487e30","__parent":"petrol_station","position":[-539.140381,-211.033569,230.985245],"annotation":"SIDEWALK","isRenderEnabled":false,"rotationMatrix":[0.647615194,0.761967599,0,-0.761967599,0.647615194,0,0,0,1],"shapeName":"/levels/italy/art/shapes/buildings/italy_petrolstation_concrete_base.DAE"}
{"class":"TSStatic","persistentId":"084b1198-accc-490f-b7d7-b0edc7aa93f0","__parent":"petrol_station","position":[620.221191,1360.10059,156.021912],"annotation":"OBSTACLES","isRenderEnabled":false,"rotationMatrix":[0.999999821,0,0,0,0.999999821,0,0,0,1],"shapeName":"/levels/italy/art/shapes/buildings/charging_station_a.DAE"}
{"class":"TSStatic","persistentId":"0add9a59-504f-4454-9d89-30240df743f1","__parent":"petrol_station","position":[-726.79834,-1328.34656,143.262314],"annotation":"SIDEWALK","isRenderEnabled":false,"rotationMatrix":[0.874440551,0.485132813,0,-0.485132813,0.874440551,0,0,0,1],"shapeName":"/levels/italy/art/shapes/buildings/italy_petrolstation_concrete_base.DAE"}
{"class":"TSStatic","persistentId":"0ba7a96e-1647-4623-a37c-4fe312b20b92","__parent":"petrol_station","position":[1452.07495,1344.26599,147.159454],"annotation":"SIDEWALK","isRenderEnabled":false,"rotationMatrix":[0.980537057,0.196334317,0,-0.196334317,0.980537057,0,0,0,1],"shapeName":"/levels/italy/art/shapes/buildings/italy_petrolstation_concrete_base.DAE"}
{"class":"TSStatic","persistentId":"14015436-8c00-4cc6-afa4-a652ca2f835b","__parent":"petrol_station","position":[627.008484,1484.41699,139.100067],"annotation":"TRAFFIC_SIGNS","isRenderEnabled":false,"rotationMatrix":[5.96046448e-08,-0.999999821,0,0.999999821,5.96046448e-08,0,0,0,1],"shapeName":"/levels/italy/art/shapes/buildings/italy_petrolstation_ClosedSign.DAE"}
{"class":"TSStatic","persistentId":"15e68433-5932-4af0-b4ac-ff7b05c4a342","__parent":"petrol_station","position":[1165.49609,1303.21948,144.08783],"annotation":"OBSTACLES","isRenderEnabled":false,"rotationMatrix":[-0.999983668,0.00568172755,0,-0.00568172755,-0.999983668,0,0,0,1],"shapeName":"/levels/italy/art/shapes/buildings/charging_station_b.DAE"}
{"class":"TSStatic","persistentId":"15fe9c6d-3cda-4527-a74f-57d8f4e1610d","__parent":"petrol_station","position":[-734.081787,-1315.4845,145.36348],"annotation":"POLE","isRenderEnabled":false,"rotationMatrix":[0.284461051,-0.958686769,0,0.958686769,0.284461051,0,0,0,1],"shapeName":"/levels/italy/art/shapes/buildings/italy_petrolstation_brandsign.DAE"}
{"class":"TSStatic","persistentId":"180765dc-589e-4ff7-9540-0af6463be62a","__parent":"petrol_station","position":[-1127.42249,788.048767,378.099518],"annotation":"OBSTACLES","isRenderEnabled":false,"rotationMatrix":[-0.0819896162,-0.996632874,0,0.996632874,-0.0819896162,0,0,0,1],"shapeName":"/levels/italy/art/shapes/buildings/italy_fence_mesh_6m_conc_base.dae"}
{"class":"TSStatic","persistentId":"1d30eee1-1fb3-4fcb-b67d-0051b4881283","__parent":"petrol_station","position":[-1079.20972,-1352.56995,323.901367],"annotation":"POLE","isRenderEnabled":false,"rotationMatrix":[-0.120354831,-0.992730856,0,0.992730856,-0.120354831,0,0,0,1],"shapeName":"/levels/italy/art/shapes/buildings/italy_petrolstation_brandsign.DAE"}
{"class":"TSStatic","persistentId":"1e555e56-8fd7-46be-8118-69f58a034b65","__parent":"petrol_station","position":[632.845276,1484.57422,139.300003],"annotation":"OBSTACLES","isRenderEnabled":false,"rotationMatrix":[8.94069672e-08,1,0,-1,8.94069672e-08,0,0,0,1],"shapeName":"/levels/italy/art/shapes/misc/port_water_container.dae"}
{"class":"TSStatic","persistentId":"1efc400b-e5fc-4862-bb51-048a254648fa","__parent":"petrol_station","position":[-546.417908,-196.445862,231.103516],"annotation":"SIDEWALK","isRenderEnabled":false,"rotationMatrix":[0.708104908,0.706107199,0,-0.706107199,0.708104908,0,0,0,1],"shapeName":"/levels/italy/art/shapes/buildings/italy_petrolstation_concrete_base.DAE"}
{"class":"TSStatic","persistentId":"222f59f1-a1f3-4473-b3ff-051f7a93fb4d","__parent":"petrol_station","position":[680.953186,581.893433,174.095718],"annotation":"OBSTACLES","isRenderEnabled":false,"rotationMatrix":[0.460549861,0.887633443,0,-0.887633443,0.460549861,0,0,0,1],"shapeName":"/levels/italy/art/shapes/buildings/italy_petrolstation_fireext.DAE"}
{"class":"TSStatic","persistentId":"2727d172-d545-489f-87d3-2111fc260417","__parent":"petrol_station","position":[-1063.09814,-1356.86084,324.522491],"annotation":"OBSTACLES","isRenderEnabled":false,"rotationMatrix":[0.990043938,-0.140758798,0,0.140758798,0.990043938,0,0,0,1],"shapeName":"/levels/italy/art/shapes/buildings/italy_petrolstation_pricedisplay_small.DAE"}
{"class":"TSStatic","persistentId":"281c84ec-631b-4f80-beca-95ee9f009efb","__parent":"petrol_station","position":[-544.941223,-208.748398,231.299301],"annotation":"OBSTACLES","isRenderEnabled":false,"rotationMatrix":[-0.635765731,-0.771882057,0,0.771882117,-0.635765672,0,0,0,1],"shapeName":"/levels/italy/art/shapes/buildings/italy_petrolstation_pump_b.DAE"}
{"class":"TSStatic","persistentId":"2a844f46-9c02-4463-83bc-bd9f6a2c2861","__parent":"petrol_station","position":[-1610,1546.34961,163.400009],"annotation":"OBSTACLES","isRenderEnabled":false,"rotationMatrix":[0.999965787,0.00825200044,0,-0.00825200044,0.999965787,0,0,0,1],"shapeName":"/levels/italy/art/shapes/buildings/italy_fence_mesh_6m_conc_base.dae"}
{"class":"TSStatic","persistentId":"2bf67fc8-7af2-4a8d-868b-c3c65aeeee85","__parent":"petrol_station","position":[469.627502,1271.61353,171.797272],"annotation":"OBSTACLES","isRenderEnabled":false,"rotationMatrix":[-0.57393676,-0.818899393,0,0.818899393,-0.57393676,0,0,0,1],"shapeName":"/levels/italy/art/shapes/buildings/italy_petrolstation_pricedisplay_small.DAE"}
{"class":"TSStatic","persistentId":"2e84a751-cfb8-4d60-895f-a40d8dbb4173","__parent":"petrol_station","position":[1433.3988,1351.15442,147.279297],"annotation":"OBSTACLES","isRenderEnabled":false,"rotationMatrix":[0.971562386,0.236783177,0,-0.236783177,0.971562386,0,0,0,1],"shapeName":"/levels/italy/art/shapes/buildings/charging_station_a.DAE"}
{"class":"TSStatic","persistentId":"2ef35853-5a70-4d5f-99f2-21abf8d435ab","__parent":"petrol_station","position":[665.077271,596.700623,173.982697],"annotation":"OBSTACLES","isRenderEnabled":false,"rotationMatrix":[0.702302635,0.711878061,0,-0.711878061,0.702302635,0,0,0,1],"shapeName":"/levels/italy/art/shapes/buildings/italy_petrolstation_fuelstorage.DAE"}
{"class":"TSStatic","persistentId":"31f3133e-0a47-49d9-b507-ab14c5d1a08b","__parent":"petrol_station","position":[-541.067566,-213.457962,231.165115],"annotation":"OBSTACLES","isRenderEnabled":false,"rotationMatrix":[0.751427412,-0.659815788,0,0.659815788,0.751427412,0,0,0,1],"shapeName":"/levels/italy/art/shapes/buildings/italy_petrolstation_pricedisplay_big.DAE"}
{"class":"TSStatic","persistentId":"347dee48-b031-4e8c-b93e-148d7ae326ce","__parent":"petrol_station","position":[-1630.90698,1510.76025,163.417084],"annotation":"OBSTACLES","isRenderEnabled":false,"rotationMatrix":[-0.714944661,0.698746204,-0.0246462971,-0.698905528,-0.715208232,-0.00284601469,-0.0196158681,0.0151906759,0.999692202],"shapeName":"/levels/italy/art/shapes/buildings/italy_petrolstation_fuelstorage.DAE"}
{"class":"TSStatic","persistentId":"36a6f2e9-cd18-4dd1-92cc-3a8ac2cfea36","__parent":"petrol_station","position":[1448.63647,1343.63977,147.287384],"annotation":"POLE","isRenderEnabled":false,"rotationMatrix":[-0.209403321,0.977829337,0,-0.977829337,-0.209403321,0,0,0,1],"shapeName":"/levels/italy/art/shapes/buildings/italy_petrolstation_brandsign.DAE"}
{"class":"TSStatic","persistentId":"3711bc8d-00ab-4e26-8160-e54b4a40959d","__parent":"petrol_station","position":[1447.93579,1362.44458,146.689148],"annotation":"OBSTACLES","isRenderEnabled":false,"rotationMatrix":[0.983151555,0.182791933,0,-0.182791933,0.983151555,0,0,0,1],"shapeName":"/levels/italy/art/shapes/buildings/italy_wall_concrete_high.dae"}
{"class":"TSStatic","persistentId":"3b7a4cbc-573e-4364-8b05-f18fd0ccdc95","__parent":"petrol_station","position":[-1585.80005,1544.40002,163.400009],"annotation":"OBSTACLES","isRenderEnabled":false,"rotationMatrix":[0.977783203,-0.209618136,0,0.209618136,0.977783203,0,0,0,1],"shapeName":"/levels/italy/art/shapes/buildings/italy_fence_mesh_6m_conc_base.dae"}
{"class":"TSStatic","persistentId":"3ba2c5cc-44fa-4f9d-98a9-8a6010f03799","__parent":"petrol_station","position":[-539.438354,-191.552322,231.271133],"annotation":"OBSTACLES","isRenderEnabled":false,"rotationMatrix":[0.965925634,-0.258818924,0,0.258818924,0.965925634,0,0,0,1],"shapeName":"/levels/italy/art/shapes/buildings/italy_fence_mesh_6m_conc_base.dae"}
{"class":"TSStatic","persistentId":"425abe70-4115-428b-a8c2-5c3d640df4d9","__parent":"petrol_station","position":[650.884521,586.991699,174.128845],"annotation":"TRAFFIC_SIGNS","isRenderEnabled":false,"rotationMatrix":[-0.906996906,-0.421137452,0,0.421137452,-0.906996906,0,0,0,1],"shapeName":"/levels/italy/art/shapes/buildings/italy_petrolstation_OpenSign.DAE"}
{"class":"TSStatic","persistentId":"4342fea9-c26a-46f6-a719-5c784fbb194b","__parent":"petrol_station","position":[-1636.30005,1514.69995,164.100006],"annotation":"OBSTACLES","isRenderEnabled":false,"rotationMatrix":[-0.705613911,0.708596528,0,-0.708596528,-0.705613911,0,0,0,1],"shapeName":"/levels/italy/art/shapes/buildings/italy_fence_mesh_6m_conc_base.dae"}
{"class":"TSStatic","persistentId":"452f5d12-c892-4978-acf6-bf5603315324","__parent":"petrol_station","position":[-548.305176,-196.352753,231.271133],"annotation":"OBSTACLES","isRenderEnabled":false,"rotationMatrix":[0.707106769,0.707106829,0,-0.707106829,0.707106769,0,0,0,1],"shapeName":"/levels/italy/art/shapes/buildings/italy_fence_mesh_6m_conc_base.dae"}
{"class":"TSStatic","persistentId":"47a3d84e-7b0c-4ab1-a3b3-5414ed3159b6","__parent":"petrol_station","position":[-1064.95044,-1355.90967,324.520752],"annotation":"OBSTACLES","isRenderEnabled":false,"rotationMatrix":[-0.999980628,-0.00622804184,0,0.00622804184,-0.999980628,0,0,0,1],"shapeName":"/levels/italy/art/shapes/buildings/italy_petrolstation_pump_b.DAE"}
{"class":"TSStatic","persistentId":"48281d63-f586-48c9-bb8e-fd6b31c0457f","__parent":"petrol_station","position":[-1122.22498,787.962097,377.999481],"annotation":"BUILDINGS","isRenderEnabled":false,"rotationMatrix":[0.999750674,-0.0223193653,0,0.0223193653,0.999750674,0,0,0,1],"shapeName":"/levels/italy/art/shapes/buildings/italy_petrolstation_shopSt_M.DAE"}
{"class":"TSStatic","persistentId":"4a28c5a4-576f-4237-9094-51575f82427e","__parent":"petrol_station","position":[-1617.40002,1499.3136,164.699997],"annotation":"OBSTACLES","isRenderEnabled":false,"rotationMatrix":[-0.812203884,0.583374202,0,-0.583374202,-0.812203884,0,0,0,1],"shapeName":"/levels/italy/art/shapes/buildings/italy_fence_mesh_6m_conc_base.dae"}
{"class":"TSStatic","persistentId":"4ba46cc3-6edb-4739-8476-7abd8b2deb0e","__parent":"petrol_station","position":[-1622.09998,1544.4939,163.400009],"annotation":"OBSTACLES","isRenderEnabled":false,"rotationMatrix":[0.980361819,0.197207123,0,-0.197207123,0.980361819,0,0,0,1],"shapeName":"/levels/italy/art/shapes/buildings/italy_fence_mesh_6m_conc_base.dae"}
{"class":"TSStatic","persistentId":"4bda007b-7bc0-43d0-b62b-a5eb3ff7f783","__parent":"petrol_station","position":[478.654816,1264.92542,171.864029],"annotation":"POLE","isRenderEnabled":false,"rotationMatrix":[0.258819163,0.965925753,0,-0.965925753,0.258819163,0,0,0,1],"shapeName":"/levels/italy/art/shapes/buildings/italy_petrolstation_brandsign.DAE"}
{"class":"TSStatic","persistentId":"4d333466-e93e-49ab-8a44-9b4fd3da45bd","__parent":"petrol_station","position":[-1118.06189,791.221436,378.099518],"annotation":"OBSTACLES","isRenderEnabled":false,"rotationMatrix":[-0.99989903,0.014181681,0,-0.014181681,-0.99989903,0,0,0,1],"shapeName":"/levels/italy/art/shapes/buildings/italy_fence_mesh_6m_conc_base.dae"}
{"class":"TSStatic","persistentId":"4e85a559-9801-4b86-91fd-7ae63e2e987b","__parent":"petrol_station","position":[-724.297424,-1326.86951,143.462311],"annotation":"OBSTACLES","isRenderEnabled":false,"rotationMatrix":[0.874440551,0.485132813,0,-0.485132813,0.874440551,0,0,0,1],"shapeName":"/levels/italy/art/shapes/buildings/italy_petrolstation_pump_c.DAE"}
{"class":"TSStatic","persistentId":"5073ce31-d87c-4bf5-8e25-3880036aef3f","__parent":"petrol_station","position":[460.984314,1273.98645,171.716309],"annotation":"OBSTACLES","isRenderEnabled":false,"rotationMatrix":[0.852541447,-0.522659838,0,0.522659838,0.852541447,0,0,0,1],"shapeName":"/levels/italy/art/shapes/buildings/italy_petrolstation_fireext.DAE"}
{"class":"TSStatic","persistentId":"51d95cb1-3ecc-48c3-829b-74f824fcf974","__parent":"petrol_station","position":[-729.43634,-1329.72119,143.462311],"annotation":"OBSTACLES","isRenderEnabled":false,"rotationMatrix":[0.874440551,0.485132813,0,-0.485132813,0.874440551,0,0,0,1],"shapeName":"/levels/italy/art/shapes/buildings/italy_petrolstation_pump_c.DAE"}
{"class":"TSStatic","persistentId":"52ba6eae-bf4b-4228-96b7-46db4e7f3530","__parent":"petrol_station","position":[-543.05719,-206.555771,231.104141],"annotation":"SIDEWALK","isRenderEnabled":false,"rotationMatrix":[0.635765851,0.771882057,0,-0.771882057,0.635765851,0,0,0,1],"shapeName":"/levels/italy/art/shapes/buildings/italy_petrolstation_concrete_base.DAE"}
{"class":"TSStatic","persistentId":"56a4e6dd-1c15-4a07-a44f-cd1df76d8612","__parent":"petrol_station","position":[624.273438,1360.10059,156.019653],"annotation":"OBSTACLES","isRenderEnabled":false,"rotationMatrix":[0.999999821,0,0,0,0.999999821,0,0,0,1],"shapeName":"/levels/italy/art/shapes/buildings/charging_station_a.DAE"}
{"class":"TSStatic","persistentId":"586758bd-babc-45f9-8756-7db7a6f5e757","__parent":"petrol_station","position":[-1637.58765,1519.80005,163.800003],"annotation":"OBSTACLES","isRenderEnabled":false,"rotationMatrix":[0.260855615,0.965377927,0,-0.965377927,0.260855615,0,0,0,1],"shapeName":"/levels/italy/art/shapes/buildings/italy_fence_mesh_6m_conc_base.dae"}
{"class":"TSStatic","persistentId":"59980433-ea83-4aa0-a89f-6969265f010c","__parent":"petrol_station","position":[-560.364624,-221.100006,232.025421],"annotation":"OBSTACLES","isRenderEnabled":false,"rotationMatrix":[0.169066012,0.985604584,0,-0.985604584,0.169066012,0,0,0,1],"shapeName":"/levels/italy/art/shapes/buildings/italy_fence_mesh_6m_conc_base.dae"}
{"class":"TSStatic","persistentId":"5c9891ff-3d11-4658-afe6-8f83e063e002","__parent":"petrol_station","position":[-730.520081,-1329.97644,143.462341],"annotation":"TRAFFIC_SIGNS","isRenderEnabled":false,"rotationMatrix":[0.120724961,-0.992686093,0,0.992685974,0.120724946,0,0,0,1],"shapeName":"/levels/italy/art/shapes/buildings/italy_petrolstation_ClosedSign.DAE"}
{"class":"TSStatic","persistentId":"5ecb8963-ef81-4277-a832-59b918b56777","__parent":"petrol_station","position":[-533.53833,-193.142487,231.271133],"annotation":"OBSTACLES","isRenderEnabled":false,"rotationMatrix":[0.965925634,-0.258818924,0,0.258818924,0.965925634,0,0,0,1],"shapeName":"/levels/italy/art/shapes/buildings/italy_fence_mesh_6m_conc_base.dae"}
{"class":"TSStatic","persistentId":"62235dd7-f596-4271-8814-75e3126eaf99","__parent":"petrol_station","position":[616.252502,1360.10059,156.023193],"annotation":"OBSTACLES","isRenderEnabled":false,"rotationMatrix":[0.999999821,0,0,0,0.999999821,0,0,0,1],"shapeName":"/levels/italy/art/shapes/buildings/charging_station_a.DAE"}
{"class":"TSStatic","persistentId":"62994a61-c2bc-4fd8-8f15-228c350a785a","__parent":"petrol_station","position":[-1591.80005,1545.5,163.400009],"annotation":"OBSTACLES","isRenderEnabled":false,"rotationMatrix":[0.986670673,-0.162728876,0,0.162728876,0.986670673,0,0,0,1],"shapeName":"/levels/italy/art/shapes/buildings/italy_fence_mesh_6m_conc_base.dae"}
{"class":"TSStatic","persistentId":"6402c3bd-9428-46d3-998a-195b676a82fe","__parent":"petrol_station","position":[-536.630005,-208.637802,231.110626],"annotation":"POLE","isRenderEnabled":false,"rotationMatrix":[-0.785724044,0.618576825,0,-0.618576825,-0.785724044,0,0,0,1],"shapeName":"/levels/italy/art/shapes/buildings/italy_petrolstation_brandsign.DAE"}
{"class":"TSStatic","persistentId":"64d565ec-f4ca-4d96-a455-ecd7d8089e8e","__parent":"petrol_station","position":[1456.88354,1364.10828,146.689148],"annotation":"OBSTACLES","isRenderEnabled":false,"rotationMatrix":[0.983151555,0.182791933,0,-0.182791933,0.983151555,0,0,0,1],"shapeName":"/levels/italy/art/shapes/buildings/italy_wall_concrete_high.dae"}
{"class":"TSStatic","persistentId":"65f966ba-9a7d-4fd9-8107-7b032fe30343","__parent":"petrol_station","position":[-1113.18164,775.024475,378.249115],"annotation":"OBSTACLES","isRenderEnabled":false,"rotationMatrix":[-0.70710665,0.70710659,0,-0.70710659,-0.70710665,0,0,0,1],"shapeName":"/levels/italy/art/shapes/buildings/italy_petrolstation_fireext.DAE"}
{"class":"TSStatic","persistentId":"66daabd9-3af3-4ef1-a1f2-e50a0f18e242","__parent":"petrol_station","position":[128.483215,-264.948822,194.079437],"annotation":"POLE","isRenderEnabled":false,"shapeName":"/levels/italy/art/shapes/buildings/italy_petrolstation_brandsign.DAE"}
{"class":"TSStatic","persistentId":"677c39c0-7ee3-4c20-a8e9-cc2ab151b38a","__parent":"petrol_station","position":[-557.648438,-223.717514,232.025421],"annotation":"OBSTACLES","isRenderEnabled":false,"rotationMatrix":[0.995778263,0.0917880088,0,-0.0917880088,0.995778263,0,0,0,1],"shapeName":"/levels/italy/art/shapes/buildings/italy_fence_mesh_6m_conc_base.dae"}
{"class":"TSStatic","persistentId":"69fed488-13cb-43d2-be62-dca38e4b0e5a","__parent":"petrol_station","position":[-544.005554,-192.02681,231.271133],"annotation":"OBSTACLES","isRenderEnabled":false,"rotationMatrix":[0.707106769,0.707106829,0,-0.707106829,0.707106769,0,0,0,1],"shapeName":"/levels/italy/art/shapes/buildings/italy_fence_mesh_6m_conc_base.dae"}
{"class":"TSStatic","persistentId":"6b46d05d-f8f4-4e7c-8afa-a1dffdd14e0c","__parent":"petrol_station","position":[-1630.09998,1536.32422,163.400009],"annotation":"OBSTACLES","isRenderEnabled":false,"rotationMatrix":[0.553773999,0.832666993,0,-0.832666993,0.553773999,0,0,0,1],"shapeName":"/levels/italy/art/shapes/buildings/italy_fence_mesh_6m_conc_base.dae"}
{"class":"TSStatic","persistentId":"6b97d4e5-94ae-4e66-bfa8-f45f4c340589","__parent":"petrol_station","position":[-542.96405,-206.348053,233.873993],"annotation":"OBSTACLES","isRenderEnabled":false,"rotationMatrix":[0.635765851,0.771882057,0,-0.771882057,0.635765851,0,0,0,1],"shapeName":"/levels/italy/art/shapes/buildings/italy_petrolstation_pump_number_a.DAE"}
{"class":"TSStatic","persistentId":"6e44c60f-9c41-4a88-a2eb-2439abf3ccea","__parent":"petrol_station","position":[1124.00989,1307.50488,143.121445],"annotation":"OBSTACLES","isRenderEnabled":false,"rotationMatrix":[-0.999983668,0.00568172755,0,-0.00568172755,-0.999983668,0,0,0,1],"shapeName":"/levels/italy/art/shapes/buildings/charging_station_b.DAE"}
{"class":"TSStatic","persistentId":"70a75f8d-4944-49d6-8b04-3613c2f63597","__parent":"petrol_station","position":[128.608917,-268.548798,193.980453],"annotation":"SIDEWALK","isRenderEnabled":false,"rotationMatrix":[-0.0379628465,0.999278963,0,-0.999278963,-0.0379628465,0,0,0,1],"shapeName":"/levels/italy/art/shapes/buildings/italy_petrolstation_concrete_base.DAE"}
{"class":"TSStatic","persistentId":"72444a9e-831e-4fba-8562-657c36b8e2f4","__parent":"petrol_station","position":[-1128.4314,775.7854,378.099518],"annotation":"OBSTACLES","isRenderEnabled":false,"rotationMatrix":[-0.0819896162,-0.996632874,0,0.996632874,-0.0819896162,0,0,0,1],"shapeName":"/levels/italy/art/shapes/buildings/italy_fence_mesh_6m_conc_base.dae"}
{"class":"TSStatic","persistentId":"72fd8b64-9995-44d1-97e0-aeddfdb28c97","__parent":"petrol_station","position":[1421.50623,1556.26697,138.725311],"annotation":"OBSTACLES","isRenderEnabled":false,"rotationMatrix":[0.39505446,-0.918658078,0,0.918658078,0.39505446,0,0,0,1],"shapeName":"/levels/italy/art/shapes/buildings/italy_petrolstation_fireext.DAE"}
{"class":"TSStatic","persistentId":"77d4308f-9210-4ffa-92a0-8ac2fac6aa0c","__parent":"petrol_station","position":[634.6828,1485.20654,139.300064],"annotation":"OBSTACLES","isRenderEnabled":false,"shapeName":"/levels/italy/art/shapes/buildings/italy_petrolstation_pump_c.DAE"}
{"class":"TSStatic","persistentId":"7cc29118-9021-4ebb-8557-065dfa4b47b2","__parent":"petrol_station","position":[-1616.09998,1545.69995,163.400009],"annotation":"OBSTACLES","isRenderEnabled":false,"rotationMatrix":[0.980361819,0.197207123,0,-0.197207123,0.980361819,0,0,0,1],"shapeName":"/levels/italy/art/shapes/buildings/italy_fence_mesh_6m_conc_base.dae"}
{"class":"TSStatic","persistentId":"7d995bee-59d1-405f-9ded-eb2d80aeeb4d","__parent":"petrol_station","position":[1454.67346,1344.54602,147.359451],"annotation":"OBSTACLES","isRenderEnabled":false,"rotationMatrix":[-0.1997502,0.979846835,0,-0.979846835,-0.1997502,0,0,0,1],"shapeName":"/levels/italy/art/shapes/buildings/italy_petrolstation_pricedisplay_big.DAE"}
{"class":"TSStatic","persistentId":"84473a54-6609-4654-b3cd-625193c9498b","__parent":"petrol_station","position":[1441.52539,1358.35754,147.179626],"annotation":"BUILDINGS","isRenderEnabled":false,"rotationMatrix":[0.983403563,0.181429937,0,-0.181429937,0.983403563,0,0,0,1],"shapeName":"/levels/italy/art/shapes/buildings/italy_petrolstation_shopSt_L.DAE"}
{"class":"TSStatic","persistentId":"87978192-b8e0-4aad-b6a0-b9b8fbd99cf5","__parent":"petrol_station","position":[1198.78076,-794.520508,146.106689],"annotation":"BUILDINGS","isRenderEnabled":false,"rotationMatrix":[0.779659688,-0.626203656,0,0.626203656,0.779659688,0,0,0,1],"shapeName":"/levels/italy/art/shapes/buildings/italy_petrolstation_awningSt_small.DAE"}
{"class":"TSStatic","persistentId":"88205e07-af5a-45b2-8fd3-9eb5b6f0b478","__parent":"petrol_station","position":[1200.49768,-792.479675,146.106689],"annotation":"OBSTACLES","isRenderEnabled":false,"rotationMatrix":[0.515023232,0.857176185,0,-0.857176185,0.515023232,0,0,0,1],"shapeName":"/levels/italy/art/shapes/buildings/charging_station_b.DAE"}
{"class":"TSStatic","persistentId":"88281f8f-2433-49d5-9db0-34a336c63d97","__parent":"petrol_station","position":[-1603.90002,1546.40002,163.400009],"annotation":"OBSTACLES","isRenderEnabled":false,"rotationMatrix":[0.999965787,0.00825200044,0,-0.00825200044,0.999965787,0,0,0,1],"shapeName":"/levels/italy/art/shapes/buildings/italy_fence_mesh_6m_conc_base.dae"}
{"class":"TSStatic","persistentId":"89f15ce9-3730-49de-ab66-f976dcd618f1","__parent":"petrol_station","position":[-1597.80786,1546.19995,163.400009],"annotation":"OBSTACLES","isRenderEnabled":false,"rotationMatrix":[0.996993363,-0.0774853826,0,0.0774853826,0.996993363,0,0,0,1],"shapeName":"/levels/italy/art/shapes/buildings/italy_fence_mesh_6m_conc_base.dae"}
{"class":"TSStatic","persistentId":"8af0fcab-1447-4a95-ace0-6ff685cf86e6","__parent":"petrol_station","position":[-966.962708,949.5578,392.613953],"annotation":"OBSTACLES","isRenderEnabled":false,"rotationMatrix":[-0.672729492,-0.739888012,0,0.739888012,-0.672729492,0,0,0,1],"shapeName":"/levels/italy/art/shapes/buildings/charging_station_a.DAE"}
{"class":"TSStatic","persistentId":"8d446ac5-1e16-4421-a4a2-04438ed1ab72","__parent":"petrol_station","position":[-1627.40002,1506.5,164.100006],"annotation":"OBSTACLES","isRenderEnabled":false,"rotationMatrix":[-0.812203884,0.583374202,0,-0.583374202,-0.812203884,0,0,0,1],"shapeName":"/levels/italy/art/shapes/buildings/italy_fence_mesh_6m_conc_base.dae"}
{"class":"TSStatic","persistentId":"8eed5000-6020-4923-b152-513eee02fecb","__parent":"petrol_station","position":[662.400024,580.399963,173.908585],"annotation":"BUILDINGS","isRenderEnabled":false,"rotationMatrix":[-0.707106292,0.707106352,0,-0.707106352,-0.707106292,0,0,0,1],"shapeName":"/levels/italy/art/shapes/buildings/italy_petrolstation_shopSt_L.DAE"}
{"class":"TSStatic","persistentId":"9211a61b-1285-4221-81c7-4a09cbfa27d2","__parent":"petrol_station","position":[-542.744202,-206.173309,231.297714],"annotation":"OBSTACLES","isRenderEnabled":false,"rotationMatrix":[0.635765851,0.771882057,0,-0.771882057,0.635765851,0,0,0,1],"shapeName":"/levels/italy/art/shapes/buildings/italy_petrolstation_POS.DAE"}
{"class":"TSStatic","persistentId":"93ae4201-3ff5-4b6e-910d-5ac720f77820","__parent":"petrol_station","position":[-968.72821,947.782593,392.565186],"annotation":"OBSTACLES","isRenderEnabled":false,"rotationMatrix":[-0.672729492,-0.739888012,0,0.739888012,-0.672729492,0,0,0,1],"shapeName":"/levels/italy/art/shapes/buildings/charging_station_a.DAE"}
{"class":"TSStatic","persistentId":"93bd308f-96bf-4cdb-8fe9-64060a72e269","__parent":"petrol_station","position":[1198.88965,-794.290588,145.906693],"annotation":"SIDEWALK","isRenderEnabled":false,"rotationMatrix":[0.635215998,0.772334516,0,-0.772334516,0.635215998,0,0,0,1],"shapeName":"/levels/italy/art/shapes/buildings/italy_petrolstation_concrete_base.DAE"}
{"class":"TSStatic","persistentId":"94fb62dc-016b-49db-87d8-01d282e80073","__parent":"petrol_station","position":[1197.24194,-796.371399,146.106689],"annotation":"OBSTACLES","isRenderEnabled":false,"rotationMatrix":[0.515023232,0.857176185,0,-0.857176185,0.515023232,0,0,0,1],"shapeName":"/levels/italy/art/shapes/buildings/charging_station_b.DAE"}
{"class":"TSStatic","persistentId":"964e6c29-b4a9-4baa-a0ff-3586ca903eeb","__parent":"petrol_station","position":[-552.772644,-203.848755,231.115555],"annotation":"BUILDINGS","isRenderEnabled":false,"rotationMatrix":[0.635765851,0.771882057,0,-0.771882057,0.635765851,0,0,0,1],"shapeName":"/levels/italy/art/shapes/buildings/italy_petrolstation_shopSt_L.DAE"}
{"class":"TSStatic","persistentId":"96d855db-74a0-4df3-b9e4-a6f2c551a179","__parent":"petrol_station","position":[1430.48499,1350.44421,147.282288],"annotation":"OBSTACLES","isRenderEnabled":false,"rotationMatrix":[0.971562386,0.236783177,0,-0.236783177,0.971562386,0,0,0,1],"shapeName":"/levels/italy/art/shapes/buildings/charging_station_a.DAE"}
{"class":"TSStatic","persistentId":"972dd24e-10ee-4789-91c4-758ec2edd7f9","__parent":"petrol_station","position":[-559.333374,-215.100006,231.738602],"annotation":"OBSTACLES","isRenderEnabled":false,"rotationMatrix":[0.169066012,0.985604584,0,-0.985604584,0.169066012,0,0,0,1],"shapeName":"/levels/italy/art/shapes/buildings/italy_fence_mesh_6m_conc_base.dae"}
{"class":"TSStatic","persistentId":"977702e0-24e5-4a25-8fab-f0722eb88dbb","__parent":"petrol_station","position":[-1128.93896,769.614441,378.099518],"annotation":"OBSTACLES","isRenderEnabled":false,"rotationMatrix":[-0.0819896162,-0.996632874,0,0.996632874,-0.0819896162,0,0,0,1],"shapeName":"/levels/italy/art/shapes/buildings/italy_fence_mesh_6m_conc_base.dae"}
{"class":"TSStatic","persistentId":"985452d4-0c8f-4b53-b0fd-d99bde3309d6","__parent":"petrol_station","position":[-1626.72559,1541.40002,163.400009],"annotation":"OBSTACLES","isRenderEnabled":false,"rotationMatrix":[0.553773999,0.832666993,0,-0.832666993,0.553773999,0,0,0,1],"shapeName":"/levels/italy/art/shapes/buildings/italy_fence_mesh_6m_conc_base.dae"}
{"class":"TSStatic","persistentId":"9a3a5a32-1da5-4d75-a30e-159ff1dd45dd","__parent":"petrol_station","position":[-1129.44727,763.436768,378.099518],"annotation":"OBSTACLES","isRenderEnabled":false,"rotationMatrix":[-0.0819896162,-0.996632874,0,0.996632874,-0.0819896162,0,0,0,1],"shapeName":"/levels/italy/art/shapes/buildings/italy_fence_mesh_6m_conc_base.dae"}
{"class":"TSStatic","persistentId":"a1971870-84d1-453b-8017-a3092189a947","__parent":"petrol_station","position":[-1633.5,1531.23022,163.400009],"annotation":"OBSTACLES","isRenderEnabled":false,"rotationMatrix":[0.553773999,0.832666993,0,-0.832666993,0.553773999,0,0,0,1],"shapeName":"/levels/italy/art/shapes/buildings/italy_fence_mesh_6m_conc_base.dae"}
{"class":"TSStatic","persistentId":"a1a8f0a4-11bf-4476-9a12-839a7e34a30f","__parent":"petrol_station","position":[1113.99915,1308.0874,143.146332],"annotation":"OBSTACLES","isRenderEnabled":false,"rotationMatrix":[-0.999983668,0.00568172755,0,-0.00568172755,-0.999983668,0,0,0,1],"shapeName":"/levels/italy/art/shapes/buildings/charging_station_b.DAE"}
{"class":"TSStatic","persistentId":"a7d46bc5-0e8e-4008-9060-e92cc19dbe07","__parent":"petrol_station","position":[-1632,1510.39612,164.100006],"annotation":"OBSTACLES","isRenderEnabled":false,"rotationMatrix":[-0.705613911,0.708596528,0,-0.708596528,-0.705613911,0,0,0,1],"shapeName":"/levels/italy/art/shapes/buildings/italy_fence_mesh_6m_conc_base.dae"}
{"class":"TSStatic","persistentId":"a8604ab5-6c23-4573-9ebe-e218984ad64e","__parent":"petrol_station","position":[128.528198,-269.52121,194.18045],"annotation":"OBSTACLES","isRenderEnabled":false,"rotationMatrix":[0.999539137,0.0303556882,0,-0.0303556882,0.999539137,0,0,0,1],"shapeName":"/levels/italy/art/shapes/buildings/italy_petrolstation_pricedisplay_big.DAE"}
{"class":"TSStatic","persistentId":"a921b141-07b9-4841-94ff-c3fbefe9167f","__parent":"petrol_station","position":[-541.259338,-204.278229,231.299301],"annotation":"OBSTACLES","isRenderEnabled":false,"rotationMatrix":[0.635765851,0.771882057,0,-0.771882057,0.635765851,0,0,0,1],"shapeName":"/levels/italy/art/shapes/buildings/italy_petrolstation_pump_b.DAE"}
{"class":"TSStatic","persistentId":"ac6cf430-8eda-469f-a43d-74240bbd6768","__parent":"petrol_station","position":[1453.89709,1363.55298,146.689148],"annotation":"OBSTACLES","isRenderEnabled":false,"rotationMatrix":[0.983151555,0.182791933,0,-0.182791933,0.983151555,0,0,0,1],"shapeName":"/levels/italy/art/shapes/buildings/italy_wall_concrete_high.dae"}
{"class":"TSStatic","persistentId":"ac711e95-f047-4428-bbd9-c04de5b509d1","__parent":"petrol_station","position":[-543.248535,-206.707718,233.892654],"annotation":"OBSTACLES","isRenderEnabled":false,"rotationMatrix":[0.635765851,0.771882057,0,-0.771882057,0.635765851,0,0,0,1],"shapeName":"/levels/italy/art/shapes/buildings/italy_petrolstation_pump_number_b.DAE"}
{"class":"TSStatic","persistentId":"adf7e21b-7fc7-475e-b63e-486b0194e4d2","__parent":"petrol_station","position":[628.805969,1485.20654,139.300064],"annotation":"OBSTACLES","isRenderEnabled":false,"shapeName":"/levels/italy/art/shapes/buildings/italy_petrolstation_pump_c.DAE"}
{"class":"TSStatic","persistentId":"ae0a84f9-52ae-42e4-aad2-97e8f1ce8e62","__parent":"petrol_station","position":[-1089.8562,762.352783,377.231445],"annotation":"POLE","isRenderEnabled":false,"rotationMatrix":[-0.999999583,2.98023224e-08,0,-2.98023224e-08,-0.999999583,0,0,0,1],"shapeName":"/levels/italy/art/shapes/buildings/italy_petrolstation_brandsign.DAE"}
{"class":"TSStatic","persistentId":"ae26d9c4-f943-4eed-aa8a-4c792d4fb997","__parent":"petrol_station","position":[1231.87195,-812.621643,145.273514],"annotation":"OBSTACLES","isRenderEnabled":false,"rotationMatrix":[-0.584033489,-0.811729193,-0.000321244821,0.811610103,-0.583954692,0.0168967173,-0.0139031447,0.0096075125,0.999857187],"shapeName":"/levels/italy/art/shapes/buildings/italy_petrolstation_fuelstorage.DAE"}
{"class":"TSStatic","persistentId":"b42d7438-7e49-482b-82c6-ebeb861d30ef","__parent":"petrol_station","position":[-970.395813,946.015198,392.493896],"annotation":"OBSTACLES","isRenderEnabled":false,"rotationMatrix":[-0.672729492,-0.739888012,0,0.739888012,-0.672729492,0,0,0,1],"shapeName":"/levels/italy/art/shapes/buildings/charging_station_a.DAE"}
{"class":"TSStatic","persistentId":"b46d1eba-4c1a-443b-b308-fc41da018130","__parent":"petrol_station","position":[-558.299988,-209.100006,231.271133],"annotation":"OBSTACLES","isRenderEnabled":false,"rotationMatrix":[0.169066012,0.985604584,0,-0.985604584,0.169066012,0,0,0,1],"shapeName":"/levels/italy/art/shapes/buildings/italy_fence_mesh_6m_conc_base.dae"}
{"class":"TSStatic","persistentId":"b8467c2d-9e43-4ee3-b204-9c432726234d","__parent":"petrol_station","position":[-1127.92407,781.951965,378.099518],"annotation":"OBSTACLES","isRenderEnabled":false,"rotationMatrix":[-0.0819896162,-0.996632874,0,0.996632874,-0.0819896162,0,0,0,1],"shapeName":"/levels/italy/art/shapes/buildings/italy_fence_mesh_6m_conc_base.dae"}
{"class":"TSStatic","persistentId":"ba381c62-1ff5-4916-837c-d32c9c3ea0a1","__parent":"petrol_station","position":[-1068.98962,-1355.92041,324.526031],"annotation":"OBSTACLES","isRenderEnabled":false,"rotationMatrix":[0.999988198,-0.00485770265,0,0.00485770311,0.999988198,0,0,0,1],"shapeName":"/levels/italy/art/shapes/buildings/italy_petrolstation_pump_c.DAE"}
{"class":"TSStatic","persistentId":"bae4a3b7-b8e9-4390-8afa-a9a7b034dad8","__parent":"petrol_station","position":[1450.91638,1362.99878,146.689148],"annotation":"OBSTACLES","isRenderEnabled":false,"rotationMatrix":[0.983151555,0.182791933,0,-0.182791933,0.983151555,0,0,0,1],"shapeName":"/levels/italy/art/shapes/buildings/italy_wall_concrete_high.dae"}
{"class":"TSStatic","persistentId":"c3135467-eb9c-42a0-9639-becaded14624","__parent":"petrol_station","position":[631.47345,1484.60278,139.300003],"annotation":"OBSTACLES","isRenderEnabled":false,"rotationMatrix":[-0.992629588,-0.121182762,0,0.121182762,-0.992629588,0,0,0,1],"shapeName":"/levels/italy/art/shapes/misc/port_water_container.dae"}
{"class":"TSStatic","persistentId":"c35b6d3a-c59a-4c68-82c2-7437b7654db1","__parent":"petrol_station","position":[631.780151,1485.12939,139.100067],"annotation":"SIDEWALK","isRenderEnabled":false,"shapeName":"/levels/italy/art/shapes/buildings/italy_petrolstation_concrete_base.DAE"}
{"class":"TSStatic","persistentId":"c66e326d-7462-4669-9679-b5611bcc6972","__parent":"petrol_station","position":[-529.585999,-190.901596,231.271133],"annotation":"OBSTACLES","isRenderEnabled":false,"rotationMatrix":[0.372926086,0.927860916,0,-0.927860916,0.372926086,0,0,0,1],"shapeName":"/levels/italy/art/shapes/buildings/italy_fence_mesh_6m_conc_base.dae"}
{"class":"TSStatic","persistentId":"cb51db7b-817f-469d-bb53-7f489f03c21a","__parent":"petrol_station","position":[141.479965,-280.260406,193.98027],"annotation":"BUILDINGS","isRenderEnabled":false,"rotationMatrix":[-0.669409931,-0.742892087,0,0.742892087,-0.669409931,0,0,0,1],"shapeName":"/levels/italy/art/shapes/buildings/italy_petrolstation_shopSt_M.DAE"}
{"class":"TSStatic","persistentId":"cc4df75b-794c-4b71-9cb2-0f548a10b1a5","__parent":"petrol_station","position":[1446.29199,1356.3761,147.379639],"annotation":"OBSTACLES","isRenderEnabled":false,"shapeName":"/levels/italy/art/shapes/buildings/italy_petrolstation_fireext.DAE"}
{"class":"TSStatic","persistentId":"ccbdd09d-0bb0-425f-9126-47c2ae3d5fa6","__parent":"petrol_station","position":[145.329529,-264.618774,193.737213],"annotation":"OBSTACLES","isRenderEnabled":false,"rotationMatrix":[0.221534312,-0.974891365,0.0225447807,0.97513926,0.221590623,0,-0.00499571208,0.0219843015,0.999745846],"shapeName":"/levels/italy/art/shapes/buildings/italy_petrolstation_fuelstorage.DAE"}
{"class":"TSStatic","persistentId":"d051eef8-1bcc-4938-85a8-c15ee8e26a7d","__parent":"petrol_station","position":[-543.108093,-206.522339,231.297623],"annotation":"BUILDINGS","isRenderEnabled":false,"rotationMatrix":[0.635765851,0.771882057,0,-0.771882057,0.635765851,0,0,0,1],"shapeName":"/levels/italy/art/shapes/buildings/italy_petrolstation_awningSt_small.DAE"}
{"class":"TSStatic","persistentId":"d791744a-6082-494d-8472-16e2c1536ada","__parent":"petrol_station","position":[-1067.06543,-1356.06775,324.327118],"annotation":"SIDEWALK","isRenderEnabled":false,"rotationMatrix":[0.999989331,0.00464077946,0,-0.00464077946,0.999989271,0,0,0,1],"shapeName":"/levels/italy/art/shapes/buildings/italy_petrolstation_concrete_base.DAE"}
{"class":"TSStatic","persistentId":"db98402c-2b4e-4597-8705-130cc1e47368","__parent":"petrol_station","position":[-1063.33545,-1365.17578,324.342285],"annotation":"BUILDINGS","isRenderEnabled":false,"rotationMatrix":[-0.676987588,0.735993505,0,-0.735993505,-0.676987588,0,0,0,1],"shapeName":"/levels/italy/art/shapes/buildings/italy_petrolstation_shopSt_S.DAE"}
{"class":"TSStatic","persistentId":"dbb3e758-0d15-4010-aa57-af1f8cf989b4","__parent":"petrol_station","position":[-1636,1525.70007,163.400009],"annotation":"OBSTACLES","isRenderEnabled":false,"rotationMatrix":[0.260855615,0.965377927,0,-0.965377927,0.260855615,0,0,0,1],"shapeName":"/levels/italy/art/shapes/buildings/italy_fence_mesh_6m_conc_base.dae"}
{"class":"TSStatic","persistentId":"dc3f65f0-8028-4bee-ae76-9a472427a784","__parent":"petrol_station","position":[1155.98413,1303.53406,143.883102],"annotation":"OBSTACLES","isRenderEnabled":false,"rotationMatrix":[-0.999983668,0.00568172755,0,-0.00568172755,-0.999983668,0,0,0,1],"shapeName":"/levels/italy/art/shapes/buildings/charging_station_b.DAE"}
{"class":"TSStatic","persistentId":"de9ff75e-e0e8-458d-a5d5-003e27fa5a95","__parent":"petrol_station","position":[-1622.40002,1502.90674,164.699997],"annotation":"OBSTACLES","isRenderEnabled":false,"rotationMatrix":[-0.812203884,0.583374202,0,-0.583374202,-0.812203884,0,0,0,1],"shapeName":"/levels/italy/art/shapes/buildings/italy_fence_mesh_6m_conc_base.dae"}
{"class":"TSStatic","persistentId":"e3b60b6b-8979-4a53-a338-22cf43ff36b1","__parent":"petrol_station","position":[612.036194,1360.10059,156.021423],"annotation":"OBSTACLES","isRenderEnabled":false,"rotationMatrix":[0.999999821,0,0,0,0.999999821,0,0,0,1],"shapeName":"/levels/italy/art/shapes/buildings/charging_station_a.DAE"}
{"class":"TSStatic","persistentId":"e4adc6a8-7cfb-460b-9967-699e71959796","__parent":"petrol_station","position":[1453.22595,1361.61169,147.267334],"annotation":"OBSTACLES","isRenderEnabled":false,"rotationMatrix":[0.984600902,0.174815997,0,-0.174815997,0.984600902,0,0,0,1],"shapeName":"/levels/italy/art/shapes/buildings/italy_petrolstation_fuelstorage.DAE"}
{"class":"TSStatic","persistentId":"e561e9c2-054b-4096-9f45-c30b3de7ce49","__parent":"petrol_station","position":[-704.703003,-1313.56787,143.113663],"annotation":"BUILDINGS","isRenderEnabled":false,"rotationMatrix":[0.48671037,-0.873562694,0,0.873562694,0.48671037,0,0,0,1],"shapeName":"/levels/italy/art/shapes/buildings/italy_petrolstation_shopSt_M.DAE"}
{"class":"TSStatic","persistentId":"e5b9be16-1c0b-474b-8235-ddf93fa85f49","__parent":"petrol_station","position":[-1066.76099,-1355.87585,324.52301],"annotation":"OBSTACLES","isRenderEnabled":false,"rotationMatrix":[0.99970746,0.0241900329,0,-0.0241900329,0.99970746,0,0,0,1],"shapeName":"/levels/italy/art/shapes/buildings/italy_petrolstation_POS.DAE"}
{"class":"TSStatic","persistentId":"e68c7b84-43fe-4b84-a771-70ae95995cbf","__parent":"petrol_station","position":[1455.61157,1345.68591,147.359451],"annotation":"TRAFFIC_SIGNS","isRenderEnabled":false,"rotationMatrix":[0.258819044,0.965925753,0,-0.965925753,0.258819044,0,0,0,1],"shapeName":"/levels/italy/art/shapes/buildings/italy_petrolstation_OpenSign.DAE"}
{"class":"TSStatic","persistentId":"e8747ba3-fe1d-4bd6-b6b3-c7cf4d11084c","__parent":"petrol_station","position":[1113.95227,-682.217102,146.099991],"annotation":"OBSTACLES","isRenderEnabled":false,"rotationMatrix":[0.999983549,-0.00568185747,0,0.00568185747,0.999983549,0,0,0,1],"shapeName":"/levels/italy/art/shapes/buildings/charging_station_b.DAE"}
{"class":"TSStatic","persistentId":"f0856d3c-16e3-4686-8b65-aba9c1a621cd","__parent":"petrol_station","position":[-1129.95178,757.303833,378.099518],"annotation":"OBSTACLES","isRenderEnabled":false,"rotationMatrix":[-0.0819896162,-0.996632874,0,0.996632874,-0.0819896162,0,0,0,1],"shapeName":"/levels/italy/art/shapes/buildings/italy_fence_mesh_6m_conc_base.dae"}
{"class":"TSStatic","persistentId":"f559aa16-e4bb-415c-8b74-50522a924fc4","__parent":"petrol_station","position":[-1124.25647,791.309265,378.099518],"annotation":"OBSTACLES","isRenderEnabled":false,"rotationMatrix":[-0.99989903,0.014181681,0,-0.014181681,-0.99989903,0,0,0,1],"shapeName":"/levels/italy/art/shapes/buildings/italy_fence_mesh_6m_conc_base.dae"}
{"class":"TSStatic","persistentId":"fbf8e4eb-6eac-4315-b09b-e2f8ad0adff0","__parent":"petrol_station","position":[-1067.38806,-1355.92468,324.524078],"annotation":"BUILDINGS","isRenderEnabled":false,"rotationMatrix":[-0.00464077946,0.999989331,0,-0.999989271,-0.00464077946,0,0,0,1],"shapeName":"/levels/italy/art/shapes/buildings/italy_petrolstation_awningSt_small.DAE"}
{"class":"TSStatic","persistentId":"fc0edc5c-a240-4da2-a6eb-b60dd10dc891","__parent":"petrol_station","position":[651.149536,585.472412,174.118195],"annotation":"POLE","isRenderEnabled":false,"rotationMatrix":[0.807560503,-0.589784324,0,0.589784324,0.807560503,0,0,0,1],"shapeName":"/levels/italy/art/shapes/buildings/italy_petrolstation_brandsign.DAE"}
{"class":"Prefab","persistentId":"0d75c772-7313-4b3d-9161-dd558ae37394","__parent":"petrol_station","position":[464.462585,1273.9032,172.597275],"annotation":"BUILDINGS","filename":"levels/italy/art/prefabs/italy_small_a_petrolstation.prefab","rotationMatrix":[0.965925813,-0.258819044,0,0.258819044,0.965925813,0,0,0,1]}
{"class":"Prefab","persistentId":"4fd69c7e-f600-45a8-9ea0-7bb9f5cf8284","__parent":"petrol_station","position":[-1760.32642,1329.50134,139.318909],"annotation":"BUILDINGS","filename":"levels/italy/art/prefabs/italy_smaller_a_petrolstation.prefab","rotationMatrix":[0.130877331,0.991398335,0,-0.991398335,0.130877331,0,0,0,1]}
{"class":"Prefab","persistentId":"62c2a807-31e9-419a-9103-84f3f217809b","__parent":"petrol_station","position":[680.198364,587.116821,174.023239],"annotation":"BUILDINGS","filename":"levels/italy/art/prefabs/italy_big_petrolstation.prefab","rotationMatrix":[-0.503707767,0.863873899,0,-0.863873899,-0.503707767,0,0,0,1]}
{"class":"Prefab","persistentId":"bdde5ca3-9b76-4876-8756-e97d745e7a4f","__parent":"petrol_station","position":[135.991501,-268.095093,194.800293],"annotation":"BUILDINGS","filename":"levels/italy/art/prefabs/italy_small_a_petrolstation.prefab","rotationMatrix":[0.0405067913,-0.999179125,0,0.999179125,0.0405067913,0,0,0,1]}
{"class":"Prefab","persistentId":"c3393a65-d908-4ad8-8ed6-7f6ab5f25182","__parent":"petrol_station","position":[-1116.65161,772.204224,378.188995],"annotation":"BUILDINGS","filename":"levels/italy/art/prefabs/italy_big_petrolstation.prefab","rotationMatrix":[0.31991896,0.947444797,0,-0.947444797,0.31991896,0,0,0,1]}
{"class":"Prefab","persistentId":"c346fdc8-3730-4150-9c4b-c50744869d48","__parent":"petrol_station","position":[1421.6814,1557.29651,138.68718],"annotation":"BUILDINGS","filename":"levels/italy/art/prefabs/italy_smaller_petrolstation.prefab","rotationMatrix":[-0.999999523,-4.47034836e-08,0,4.47034836e-08,-0.999999523,0,0,0,1]}
{"class":"Prefab","persistentId":"c58b5a15-14b1-49a2-abf4-9fd6d7906438","__parent":"petrol_station","position":[1215.64905,-805.204224,145.39151],"annotation":"BUILDINGS","filename":"levels/italy/art/prefabs/italy_big_petrolstation.prefab","rotationMatrix":[0.673516154,-0.739171147,0,0.739171147,0.673516154,0,0,0,1]}
{"class":"Prefab","persistentId":"eb3a2317-562a-4a88-9782-1624985df3e1","__parent":"petrol_station","position":[1450.86829,1351.86804,148.180847],"annotation":"BUILDINGS","filename":"levels/italy/art/prefabs/italy_small_a_petrolstation.prefab","rotationMatrix":[0.98153013,0.191308394,0,-0.191308394,0.98153013,0,0,0,1]}
{"class":"Prefab","persistentId":"f82086f8-777f-4f99-8200-57a1512824e8","__parent":"petrol_station","position":[-1619.22473,1525.93994,163.076447],"annotation":"BUILDINGS","filename":"levels/italy/art/prefabs/italy_bigger_petrolstation.prefab","rotationMatrix":[-0.0479003973,-0.998851538,0,0.998851538,-0.0479003973,0,0,0,1]}
{"class":"DecalRoad","persistentId":"024cce26-0a20-4121-b63a-3b91a8d63030","__parent":"petrol_station","position":[-748.280945,-1340.14111,143.251038],"decalBias":0.00150000001,"distanceFade":[80,40],"improvedSpline":true,"material":"italy_road_markings_line_thin","nodes":[[-748.280945,-1340.14111,143.251038,0.600000024],[-748.643799,-1341.8302,143.256729,0.600000024]],"smoothness":0.400000006,"startEndFade":[0.5,0.5],"textureLength":4}
{"class":"DecalRoad","persistentId":"11ebdc66-c27f-4b96-ade8-8d38f7fe89fc","__parent":"petrol_station","position":[-751.696533,-1339.31396,143.251038],"decalBias":0.00150000001,"distanceFade":[80,40],"improvedSpline":true,"material":"italy_road_markings_line_thin","nodes":[[-751.696533,-1339.31396,143.251038,0.600000024],[-752.207214,-1341.15845,143.167969,0.600000024]],"smoothness":0.400000006,"startEndFade":[0.5,0.5],"textureLength":4}
{"class":"DecalRoad","persistentId":"2effe629-b491-4e33-810c-35e73b4f201d","__parent":"petrol_station","position":[-750.656494,-1339.78625,143.251038],"decalBias":0.00150000001,"distanceFade":[80,40],"improvedSpline":true,"material":"italy_road_markings_line_thin","nodes":[[-750.656494,-1339.78625,143.251038,0.600000024],[-751.318054,-1342.93872,143.117554,0.600000024]],"smoothness":0.400000006,"startEndFade":[0.5,0.5],"textureLength":4}
{"class":"DecalRoad","persistentId":"6ff1176b-439b-4a13-a393-5ae1973400e2","__parent":"petrol_station","position":[-716.24054,-1323.55762,143.146133],"breakAngle":6,"decalBias":0.00150000001,"distanceFade":[80,40],"improvedSpline":true,"material":"italy_road_edge_concrete","nodes":[[-716.24054,-1323.55762,143.146133,0.600000024],[-751.062073,-1342.69165,143.225021,0.600000024]],"renderPriority":22,"smoothness":1,"startEndFade":[0.5,0],"textureLength":6}
{"class":"DecalRoad","persistentId":"74250176-71f5-4c55-b3fa-53d9f8b4150d","__parent":"petrol_station","position":[674.478271,571.064148,173.994339],"decalBias":0.00150000001,"distanceFade":[80,40],"improvedSpline":true,"material":"italy_road_markings_line_thin","nodes":[[674.478271,571.064148,173.994339,0.200000003],[671.767578,573.801758,173.997498,0.200000003]],"startEndFade":[0.100000001,0.100000001],"textureLength":4}
{"class":"DecalRoad","persistentId":"754df395-3a0c-4af1-8c1e-a814da1c88b6","__parent":"petrol_station","position":[-754.13855,-1336.79883,143.284958],"decalBias":0.00150000001,"distanceFade":[80,40],"improvedSpline":true,"material":"italy_road_markings_line_thin","nodes":[[-754.13855,-1336.79883,143.284958,0.200000003],[-752.004211,-1339.12231,143.250595,0.200000003],[-748.87262,-1340.18127,143.251038,0.200000003],[-745.553955,-1339.67993,143.251038,0.200000003],[-741.431946,-1337.55505,143.252914,0.200000003]],"smoothness":0.400000006,"startEndFade":[0.5,0.5],"textureLength":4}
{"class":"DecalRoad","persistentId":"7e48c4d7-7226-428e-a059-b32f101ee97b","__parent":"petrol_station","position":[676.130493,572.624084,173.997498],"decalBias":0.00150000001,"distanceFade":[80,40],"improvedSpline":true,"material":"italy_road_markings_line_thin","nodes":[[676.130493,572.624084,173.997498,0.200000003],[673.362549,575.438782,173.997498,0.200000003]],"startEndFade":[0.100000001,0.100000001],"textureLength":4}
{"class":"DecalRoad","persistentId":"a733158d-1198-49ff-b627-35c138c04bd1","__parent":"petrol_station","position":[672.731812,569.697327,173.995178],"decalBias":0.00150000001,"distanceFade":[80,40],"improvedSpline":true,"material":"italy_road_markings_line_thin","nodes":[[672.731812,569.697327,173.995178,0.200000003],[670.215088,572.119507,173.997498,0.200000003]],"startEndFade":[0.100000001,0.100000001],"textureLength":4}
{"class":"DecalRoad","persistentId":"b03ebfce-b6e4-4714-aaba-0e4cdd8dacd1","__parent":"petrol_station","position":[-749.527161,-1339.99219,143.251038],"decalBias":0.00150000001,"distanceFade":[80,40],"improvedSpline":true,"material":"italy_road_markings_line_thin","nodes":[[-749.527161,-1339.99219,143.251038,0.600000024],[-750.060669,-1342.51282,143.247589,0.600000024]],"smoothness":0.400000006,"startEndFade":[0.5,0.5],"textureLength":4}
{"class":"DecalRoad","persistentId":"b9b86ac7-6e74-463b-b70f-3db7fca4dd53","__parent":"petrol_station","position":[1431.823,1350.39673,147.271271],"decalBias":0.00150000001,"distanceFade":[80,40],"improvedSpline":true,"material":"italy_road_markings_line_thin","nodes":[[1431.823,1350.39673,147.271271,0.200000003],[1432.86243,1345.76855,146.89357,0.200000003]],"startEndFade":[0.200000003,0.200000003],"textureLength":4}
{"class":"DecalRoad","persistentId":"c2cca902-a820-4aa0-8e71-488f25828408","__parent":"petrol_station","position":[1429.15271,1349.73499,147.269241],"decalBias":0.00150000001,"distanceFade":[80,40],"improvedSpline":true,"material":"italy_road_markings_line_thin","nodes":[[1429.15271,1349.73499,147.269241,0.200000003],[1429.99756,1345.10852,146.841675,0.200000003]],"startEndFade":[0.200000003,0.200000003],"textureLength":4}
{"class":"DecalRoad","persistentId":"dd948525-3bae-4fe3-9252-8ba56abc6882","__parent":"petrol_station","position":[-758.382751,-1324.53613,144.954376],"decalBias":0.00150000001,"distanceFade":[100,50],"improvedSpline":true,"material":"italy_road_markings_triangles","nodes":[[-758.382751,-1324.53613,144.954376,0.600000024],[-755.968201,-1323.63562,144.970703,0.600000024]],"startEndFade":[0.200000003,0.200000003],"textureLength":2.5}
{"class":"DecalRoad","persistentId":"e88588c1-ce6b-4f2c-aa55-cc032de5e74a","__parent":"petrol_station","position":[1429.05212,1349.69714,147.267807],"decalBias":0.00150000001,"distanceFade":[80,40],"improvedSpline":true,"material":"italy_road_markings_line_thin","nodes":[[1429.05212,1349.69714,147.267807,0.200000003],[1434.74426,1351.11462,147.269745,0.200000003]],"startEndFade":[0.200000003,0.200000003],"textureLength":4}
{"class":"DecalRoad","persistentId":"f0bb5033-b2c5-4bdd-9ea0-f8d02c4296ec","__parent":"petrol_station","position":[677.719604,574.201416,173.99353],"decalBias":0.00150000001,"distanceFade":[80,40],"improvedSpline":true,"material":"italy_road_markings_line_thin","nodes":[[677.719604,574.201416,173.99353,0.200000003],[674.908875,577.083191,173.997498,0.200000003]],"startEndFade":[0.100000001,0.100000001],"textureLength":4}
{"class":"DecalRoad","persistentId":"f8d0ceca-be3c-4dbd-9fd9-51fb1ad7e01a","__parent":"petrol_station","position":[1434.60474,1351.11401,147.271866],"decalBias":0.00150000001,"distanceFade":[80,40],"improvedSpline":true,"material":"italy_road_markings_line_thin","nodes":[[1434.60474,1351.11401,147.271866,0.200000003],[1435.81213,1346.62476,146.94603,0.200000003]],"startEndFade":[0.200000003,0.200000003],"textureLength":4}
{"class":"TSStatic","persistentId":"b9a77c79-dad0-4116-a978-16ff6a711260","__parent":"petrol_station","position":[-1097.2865,765.03009,377.883423],"annotation":"OBSTACLES","isRenderEnabled":false,"rotationMatrix":[-5.96046448e-08,0.999999821,0,-0.999999821,-5.96046448e-08,0,0,0,1],"shapeName":"/levels/italy/art/shapes/buildings/italy_wall_stone_bricktop.dae"}
{"class":"TSStatic","persistentId":"028b0418-32a8-4dad-82f0-a28f74582af7","__parent":"petrol_station","position":[-1097.22424,767.982178,377.883423],"annotation":"OBSTACLES","isRenderEnabled":false,"rotationMatrix":[0.0460028909,0.998941064,0,-0.998941064,0.0460028909,0,0,0,1],"shapeName":"/levels/italy/art/shapes/buildings/italy_wall_stone_bricktop.dae"}
{"class":"TSStatic","persistentId":"975439dd-8134-4943-b4fd-e0907fd6d6fa","__parent":"petrol_station","position":[-1097.06592,770.951294,377.883423],"annotation":"OBSTACLES","isRenderEnabled":false,"rotationMatrix":[0.0649867803,0.997886002,0,-0.997886002,0.0649867803,0,0,0,1],"shapeName":"/levels/italy/art/shapes/buildings/italy_wall_stone_bricktop.dae"}
{"class":"TSStatic","persistentId":"b2b67fb7-59b3-4d42-9488-849274dbc741","__parent":"petrol_station","position":[-1096.66736,773.869385,377.883423],"annotation":"OBSTACLES","isRenderEnabled":false,"rotationMatrix":[0.201364145,0.979516208,0,-0.979516208,0.201364145,0,0,0,1],"shapeName":"/levels/italy/art/shapes/buildings/italy_wall_stone_bricktop.dae"}
{"class":"TSStatic","persistentId":"763970db-5901-480e-8c37-ca6d2d4279d6","__parent":"petrol_station","position":[-1096.2074,776.864136,377.883423],"annotation":"OBSTACLES","isRenderEnabled":false,"rotationMatrix":[0.0983688161,0.995149732,0,-0.995149732,0.0983688161,0,0,0,1],"shapeName":"/levels/italy/art/shapes/buildings/italy_wall_stone_bricktop.dae"}
{"class":"TSStatic","persistentId":"eaf087ed-21de-45ee-8a57-8ffc92b05830","__parent":"petrol_station","position":[-1095.95288,779.854126,377.883423],"annotation":"OBSTACLES","isRenderEnabled":false,"rotationMatrix":[0.0781621411,0.996940553,0,-0.996940553,0.0781621411,0,0,0,1],"shapeName":"/levels/italy/art/shapes/buildings/italy_wall_stone_bricktop.dae"}
{"class":"TSStatic","persistentId":"14e7fe4e-4593-4637-b1e7-7414f6f8b78d","__parent":"petrol_station","position":[-1095.79028,782.852356,377.883423],"annotation":"OBSTACLES","isRenderEnabled":false,"rotationMatrix":[0.034863174,0.999391913,0,-0.999391913,0.034863174,0,0,0,1],"shapeName":"/levels/italy/art/shapes/buildings/italy_wall_stone_bricktop.dae"}
{"class":"TSStatic","persistentId":"dcec905d-463f-4f4d-b257-9fd41ef6be74","__parent":"petrol_station","position":[-1095.72595,785.828247,377.883423],"annotation":"OBSTACLES","isRenderEnabled":false,"rotationMatrix":[0.0219909102,0.999757946,0,-0.999757946,0.0219909102,0,0,0,1],"shapeName":"/levels/italy/art/shapes/buildings/italy_wall_stone_bricktop.dae"}
{"class":"TSStatic","persistentId":"3976616f-a9df-4c98-b052-7ef48012bfe2","__parent":"petrol_station","position":[-1095.65442,788.825073,377.883423],"annotation":"OBSTACLES","isRenderEnabled":false,"rotationMatrix":[0.021304911,0.999772847,0,-0.999772847,0.021304911,0,0,0,1],"shapeName":"/levels/italy/art/shapes/buildings/italy_wall_stone_bricktop.dae"}
