{"name":"creek3","class":"WaterBlock","persistentId":"afaa1fbd-319b-4003-8dff-523db4b8ba2b","__parent":"Water","position":[160.408249,278.341736,37.014183],"Foam":[{"foamTexScale":null},{"foamTexScale":[5,5]}],"Ripples (texture animation)":[{"rippleDir":[0,-1],"rippleMagnitude":15,"rippleSpeed":0.00499999989,"rippleTexScale":[10,10]},{"rippleDir":[-0.800000012,0.300000012],"rippleMagnitude":15,"rippleSpeed":0.00999999978,"rippleTexScale":[15,15]},{"rippleDir":[-1,-1],"rippleMagnitude":4,"rippleSpeed":0.000500000024,"rippleTexScale":[30,15]}],"Waves (vertex undulation)":[{"waveDir":[-1,-1],"waveMagnitude":1,"waveSpeed":3},{"waveDir":[0.707000017,0.707000017],"waveMagnitude":null,"waveSpeed":1},{"waveDir":[0.5,0.860000014],"waveMagnitude":0.200000003,"waveSpeed":1}],"baseColor":[89,104,19,255],"cubemap":"cubemap_industrialriver_reflection","depthGradientTex":"core/art/water/depthcolor_ramp.png","foamAmbientLerp":-1,"foamMaxDepth":0.5,"foamRippleInfluence":1,"foamTex":"core/art/water/foam.dds","fresnelBias":0.5,"fresnelPower":1,"fullReflect":false,"overallFoamOpacity":1.5,"overallRippleMagnitude":0.200000003,"overallWaveMagnitude":0,"reflectMaxRateMs":1,"reflectTexSize":512,"reflectivity":0.300000012,"rippleTex":"core/art/water/ripple.dds","rotationMatrix":[0.999925017,-0.0121519677,5.97634971e-06,0.0121520199,0.999924839,-0.000648087298,1.90061292e-06,0.000648113724,0.999999762],"scale":[106.693405,135.053741,50],"specularPower":100,"viscosity":0.00100000005,"waterFogDensity":1,"waterFogDensityOffset":0,"wetDarkening":0.5}
{"name":"creek2","class":"WaterBlock","persistentId":"fffa9d37-7174-4bb6-92a3-b917cfe7b53c","__parent":"Water","position":[326.572998,232.330994,37.5999985],"Foam":[{"foamTexScale":null},{"foamTexScale":[5,5]}],"Ripples (texture animation)":[{"rippleDir":[0,-1],"rippleMagnitude":15,"rippleSpeed":0.00499999989,"rippleTexScale":[10,10]},{"rippleDir":[-0.800000012,0.300000012],"rippleMagnitude":15,"rippleSpeed":0.00999999978,"rippleTexScale":[15,15]},{"rippleDir":[-1,-1],"rippleMagnitude":4,"rippleSpeed":0.000500000024,"rippleTexScale":[30,15]}],"Waves (vertex undulation)":[{"waveDir":[-1,-1],"waveMagnitude":1,"waveSpeed":3},{"waveDir":[0.707000017,0.707000017],"waveMagnitude":null,"waveSpeed":1},{"waveDir":[0.5,0.860000014],"waveMagnitude":0.200000003,"waveSpeed":1}],"baseColor":[89,104,19,255],"cubemap":"cubemap_industrialriver_reflection","depthGradientTex":"core/art/water/depthcolor_ramp.png","foamAmbientLerp":-1,"foamMaxDepth":0.5,"foamRippleInfluence":1,"foamTex":"core/art/water/foam.dds","fresnelBias":0.5,"fresnelPower":1,"fullReflect":false,"overallFoamOpacity":1.5,"overallRippleMagnitude":0.200000003,"overallWaveMagnitude":0,"reflectMaxRateMs":1,"reflectTexSize":512,"reflectivity":0.100000001,"rippleTex":"core/art/water/ripple.dds","rotationMatrix":[0.999925017,-0.0121519677,5.97634971e-06,0.0121520199,0.999924839,-0.000648087298,1.90061292e-06,0.000648113724,0.999999762],"scale":[213.353241,85.1347046,50],"specularPower":100,"viscosity":0.00100000005,"waterFogDensity":1,"waterFogDensityOffset":0,"wetDarkening":0.5}
{"name":"Ocean","class":"WaterPlane","persistentId":"ec58856a-37d3-4dba-8a8d-1b5c8be96dd9","__parent":"Water","position":[0,0,31.6644993],"Foam":[{"foamDir":[1,0.5],"foamOpacity":0.699999988,"foamSpeed":0.00200000009,"foamTexScale":[12,12]},{"foamDir":[0.5,1],"foamOpacity":1.5,"foamSpeed":0.0299999993,"foamTexScale":[1.5,1.5]}],"Ripples (texture animation)":[{"rippleDir":[1,1],"rippleMagnitude":0.200000003,"rippleSpeed":0.00250010006,"rippleTexScale":[200,200]},{"rippleDir":[-1,1],"rippleMagnitude":0.5,"rippleSpeed":0.0149999997,"rippleTexScale":[10,10]},{"rippleDir":[1,-1],"rippleMagnitude":0.449999988,"rippleSpeed":0.0500000007,"rippleTexScale":[2,2]}],"Waves (vertex undulation)":[{"waveDir":[0,1],"waveMagnitude":0.800000012,"waveSpeed":2},{"waveDir":[-0.300000012,1.20000005],"waveMagnitude":0.5,"waveSpeed":-1.20000005},{"waveDir":[0.300000012,0.800000012],"waveMagnitude":0.699999988,"waveSpeed":2}],"baseColor":[253,254,254,255],"clarity":0,"cloneOrigin":"Ocean2","cubemap":"cubemap_ocean_reflection","depthGradientMax":100,"depthGradientTex":"levels/Industrial/art/water/depthcolor_ramp.png","distortEndDist":10,"distortFullDepth":5.5,"foamAmbientLerp":1,"foamMaxDepth":0.699999988,"foamRippleInfluence":0.00499999989,"foamTex":"levels/industrial/art/water/ocean_foam.dds","fresnelBias":0.100000001,"fresnelPower":2.5,"fullReflect":false,"gridElementSize":0.800000012,"gridSize":200,"overallFoamOpacity":1.20000005,"overallRippleMagnitude":1,"overallWaveMagnitude":0.0799999982,"reflectDetailAdjust":-1,"reflectivity":0.300000012,"rippleTex":"levels/industrial/art/water/ripple4.dds","specularPower":200,"underwaterColor":[44,78,77,253],"viscosity":0.00100000005,"waterFogDensity":0.0900000036,"waterFogDensityOffset":0.100000001,"wetDarkening":0.300000012,"wetDepth":0.5}
{"name":"RiverChannel","class":"River","persistentId":"fffaf6b5-9449-48cc-9db8-18fda9f85780","__parent":"Water","position":[466.243958,431.691833,40],"Foam":[{},{}],"Ripples (texture animation)":[{"rippleDir":[0,1],"rippleMagnitude":2,"rippleSpeed":0.0500000007,"rippleTexScale":[2.1400001,4.13999987]},{"rippleDir":[0.200000003,0.707000017],"rippleMagnitude":2,"rippleSpeed":0.00999999978,"rippleTexScale":[10.25,32.5]},{"rippleDir":[0.100000001,0.860000014],"rippleMagnitude":2,"rippleSpeed":0.00100000005,"rippleTexScale":[50,50]}],"Waves (vertex undulation)":[{"waveDir":[0,1],"waveMagnitude":0.300000012,"waveSpeed":2},{"waveDir":[0.207000002,0.707000017],"waveMagnitude":0.200000003,"waveSpeed":1},{"waveDir":[0.5,0.200000003],"waveMagnitude":0.200000003,"waveSpeed":1}],"baseColor":[95,95,95,255],"clarity":0.100000001,"cubemap":"cubemap_industrialriver_reflection","depthGradientMax":100,"depthGradientTex":"levels/industrial/art/water/depthcolor_ramp.png","distortEndDist":10,"distortStartDist":0,"foamAmbientLerp":0.200000003,"foamMaxDepth":0.75,"foamRippleInfluence":0.0799999982,"foamTex":"core/art/water/foam.dds","fresnelBias":0.200000003,"fresnelPower":1,"fullReflect":false,"nodes":[[466.243958,431.691833,40,35,20,0,0,1],[392.401825,419.814606,39,25,20,0,0,1],[373.553467,347.830872,38.5999985,25,20,0,0,1],[380.585602,314.283875,39.0966263,25,15,0,0,1],[417.002106,297.18158,38.5,25,15,0,0,1],[445.529755,274.570831,38.5,25,15,0,0,1],[446.897858,219.802094,37.5,25,15,0,0,1],[445.980194,149.959473,37.5,25,15,0,0,1],[449.366882,55.1198463,37,25,15,0,0,1],[450.063324,-38.9219666,36,25,15,0,0,1],[449.680817,-144.380554,35.5,25,15,0,0,1],[449.473206,-247.368851,35.5,25,15,0,0,1],[446.596527,-308.84549,35.2025681,25,15,0,0,1],[446.23761,-342.523621,35.0007896,25,15,0,0,1]],"overallFoamOpacity":2.5,"overallRippleMagnitude":0.200000003,"overallWaveMagnitude":0,"reflectDetailAdjust":0,"reflectMaxRateMs":1,"reflectNormalUp":true,"reflectTexSize":512,"reflectivity":0.300000012,"rippleTex":"levels/industrial/art/water/ripple3.dds","specularPower":300,"viscosity":0.00100000005,"waterFogDensity":1,"waterFogDensityOffset":0,"wetDarkening":0.400000006,"wetDepth":0.100000001}
