{"name":"theLevelInfo","class":"LevelInfo","persistentId":"51503d80-c3bd-4b1c-9816-df5b00581617","__parent":"LevelObjects","bigMapLevelBorderVisible":true,"canvasClearColor":[1,1,1,255],"desc0":"West Coast USA","fogAtmosphereHeight":400,"fogColor":[0.996078014,0.992156982,0.992156982,1],"fogDensity":0.00089895993,"globalEnviromentMap":"cubemap_wca_reflection","gravity":-9.81000042,"levelName":"West Coast USA","temperatureCurveC":[0,25,1,25],"visibleDistance":8000}
{"name":"tod","class":"TimeOfDay","persistentId":"815ad9e0-8fba-4d30-88f0-5eeb21ae2c87","__parent":"LevelObjects","position":[36.6227989,-62.5098,15.3204002],"animate":"0","axisTilt":30,"azimuthOverride":0,"enableStartTimeFallBack":false,"play":false,"rotationMatrix":[5.96046448e-08,-1,0,1,5.96046448e-08,0,0,0,1],"startTime":0.870000005,"time":0.219999999}
{"name":"theTerrain","class":"TerrainBlock","persistentId":"1797e4d4-23c8-4bd8-b977-4414702b7879","__parent":"LevelObjects","position":[-1023.5,-1023.5,0],"baseTexSize":2048,"materialTextureSet":"west_coast_usaTerrainMaterialTextureSet","maxHeight":384.640015,"minimapImage":"levels/west_coast_usa/westcoast_minimap.png","terrainFile":"/levels/west_coast_usa/west_coast_usa.ter"}
{"name":"clouds1","class":"CloudLayer","persistentId":"1825ec5c-9a93-4e84-8d6a-e4cd79d0eece","__parent":"LevelObjects","position":[304.968994,588.974976,72.8788986],"Textures":[{"texDirection":[1,1],"texScale":0.300000012,"texSpeed":0.00100000005},{"texDirection":[1,1],"texScale":1.5,"texSpeed":null},{"texDirection":[1,1],"texScale":4,"texSpeed":null}],"baseColor":[0.992156982,0.996078014,0.996078014,0.321999997],"coverage":0.349999964,"exposure":1.89999986,"height":3.00000095,"texture":"art/skies/clouds/clouds_normal_displacement.png"}
{"class":"ForestWindEmitter","persistentId":"96699185-c7d0-4575-aae6-b31dd0b9cf2f","__parent":"LevelObjects","position":[-441.859009,419.686005,21.6056995],"hasMount":"0","strength":1.5}
{"name":"WCA_rain","class":"Precipitation","persistentId":"8066d681-9f26-45a8-ad30-fc0604778600","__parent":"LevelObjects","position":[-402.458771,72.9840698,272.404755],"boxHeight":50,"boxWidth":50,"dataBlock":"rain_medium","dropSize":0.200000003,"hitVehicles":true,"maxSpeed":0.400000006,"minSpeed":0.349999994,"numDrops":0,"splashSize":0.200000003,"useTurbulence":true}
{"name":"theForest","class":"Forest","persistentId":"7784d36c-43ec-4a68-a2e1-d11181eff095","__parent":"LevelObjects","position":[0,0,1.50421321]}
{"name":"sunsky","class":"ScatterSky","persistentId":"25209345-9b9c-4a93-acda-789aec4adc2e","__parent":"LevelObjects","position":[70.3971024,4.53920984,73.9923019],"ambientScale":[0.917647064,0.827450991,0.745098054,1],"ambientScaleGradientFile":"art/sky_gradients/default/gradient_ambient.png","azimuth":300.445374,"colorize":[0.603921592,0.372549027,0.749019623,1],"colorizeGradientFile":"art/sky_gradients/default/gradient_colorize.png","cookie":"/levels/west_coast_usa/art/shapes/backdrop/dense_cookie1.png","elevation":9.33907127,"enableFogFallBack":false,"fadeStartDistance":1000,"flareScale":5,"flareType":"BNG_Sunflare_3","fogScale":[0.427450985,0.670588255,0.984313726,1],"fogScaleGradientFile":"art/sky_gradients/default/gradient_fog.png","lastSplitTerrainOnly":true,"logWeight":0.980000019,"mieScattering":0.000226873759,"moonLightColor":[0.0980392024,0.0980392024,0.0980392024,1],"moonMat":"Moon_Glow_Mat","moonScale":0.0299999993,"nightColor":[0.917647064,0.827450991,0.745098054,1],"nightCubemap":"nightCubemap","nightFogColor":[0.427450985,0.670588255,0.984313726,1],"nightFogGradientFile":"art/sky_gradients/default/gradient_fog.png","nightGradientFile":"art/sky_gradients/default/gradient_ambient.png","occlusionScale":0.0250000004,"overDarkFactor":[40000,8000,5000,4000],"rayleighScattering":0.00300000003,"shadowDarkenColor":[0,0,0,0],"shadowDistance":1600,"shadowSoftness":0.200000003,"skyBrightness":40,"sunScale":[1,0.541176498,0.0745098069,1],"sunScaleGradientFile":"art/sky_gradients/default/gradient_sunscale.png","texSize":1024,"useNightCubemap":true}
